customer_id,customer_name,total_sales,total_profit
WC-30279-82008,William Chen,1181.0,196.0
BM-96677-59909,Becky Morgan,716.0,147.0
JC-85892-36942,Jared Curtis,181.0,49.0
LJ-24833-75571,Lawrence Johns,546.0,161.0
EJ-75765-76120,Elizabeth Jimenez,3337.0,506.0
JT-72762-65120,Jennifer Thomas,1015.0,124.0
LW-16683-95679,Laura Wright,580.0,133.0
AD-50630-81663,Allison Davis,1253.0,256.0
RR-35472-75494,Rebecca Rubio,903.0,243.0
BN-67332-69684,Brenda Nash,3576.0,288.0
DB-19695-48614,David Bradley,694.0,123.0
SH-79209-85874,Sarah Haynes,247.0,21.0
KH-24979-46110,Karen Hopkins,612.0,138.0
CE-22260-85421,Connie Ellis,676.0,135.0
RG-14536-48603,Rebecca Gibson,11808.0,1773.0
LH-20199-39490,Laurie Hicks,704.0,121.0
KW-31996-76756,Katherine Wood,68.0,13.0
MM-85074-56821,Michael Morales,10421.0,1796.0
SD-68682-10447,Sarah Davidson,1091.0,139.0
VB-21643-90178,Vanessa Bowman,2020.0,202.0
JL-60206-99650,James Larson,125.0,17.0
IR-57008-36211,Ian Ramirez,1056.0,160.0
CM-45978-18635,Christopher Miller,664.0,120.0
DB-84530-28242,Derek Bolton,504.0,113.0
NJ-45575-57609,Nancy Jimenez,1340.0,181.0
JS-74290-15125,Jackie Singh,353.0,30.0
GM-16501-12902,George Moss,1178.0,117.0
RJ-87066-83791,Robert Jacobs,537.0,93.0
JJ-54865-35978,Joseph Johnson,1122.0,249.0
TM-72771-57952,Thomas Martin,2189.0,280.0
SR-99136-92519,Stephen Reed,363.0,66.0
GF-20027-46515,Gregory Frazier,230.0,51.0
TB-42883-52200,Tabitha Barton,7806.0,1326.0
DR-25784-29122,Dana Rice,1421.0,263.0
SW-46475-86006,Samuel Williams,608.0,79.0
GH-73024-68226,Grant Harrison,954.0,191.0
ME-23369-48553,Michael Ellis,11014.0,2077.0
CM-83082-56749,Chelsea Castro MD,398.0,61.0
AH-68920-35998,Alyssa Hoffman,430.0,123.0
AC-41754-53788,Amy Camacho,76.0,22.0
RS-69586-77193,Rebecca Simon,459.0,63.0
JC-94387-68192,Jack Cobb,1461.0,290.0
JC-48420-81486,Jennifer Carrillo,433.0,83.0
CC-13224-14968,Charles Cooper,78.0,12.0
MZ-78265-81854,Mark Zhang,97.0,15.0
MW-83747-70520,Molly Warner,602.0,71.0
ST-52096-74464,Sandra Taylor,11189.0,2869.0
JW-65350-62645,Jesus Wilkins,123.0,35.0
TC-72621-19944,Tammy Clark,1136.0,189.0
CC-68951-34968,Christopher Collins,2955.0,741.0
JH-21422-94507,Jesus Hall,276.0,66.0
JA-78297-63842,John Armstrong,34882.0,4949.0
MW-37352-98336,Michelle Warner,7754.0,1383.0
CM-31431-10345,Colleen Moore,789.0,121.0
AH-77091-13553,Ashley Hamilton,615.0,79.0
KS-10802-54104,Kaitlyn Smith,825.0,155.0
KC-56239-74631,Kerri Cameron,1438.0,261.0
CB-26357-46587,Christine Bartlett,973.0,274.0
KA-12321-85020,Kelsey Alvarez,8984.0,1479.0
CB-45650-90192,Caleb Brown,16601.0,2635.0
JJ-16931-77894,Jacqueline Jones,1643.0,312.0
KM-20126-99427,Kara Martin,929.0,155.0
BS-23060-92927,Brenda Smith,307.0,56.0
BT-24261-39125,Brian Taylor,1298.0,284.0
LO-29393-23332,Laurie Owens,1203.0,221.0
RG-48138-89710,Ronald Green,528.0,72.0
PW-85658-10650,Patricia Warren,2532.0,338.0
SW-20036-13149,Sandra Warren,783.0,172.0
AD-13344-67798,April Davis,1578.0,268.0
PT-46002-82453,Patrick Trujillo,7344.0,1082.0
AP-54129-41089,Anthony Peterson,956.0,104.0
MS-43705-46264,Michael Swanson,530.0,121.0
ER-67166-27078,Elizabeth Rice,696.0,93.0
DA-87857-81240,Denise Ayala,582.0,115.0
JR-99049-95900,Jeffrey Reyes,849.0,71.0
BL-20962-25881,Brian Lester,218.0,53.0
RS-42199-97583,Ryan Stafford,849.0,122.0
KL-66794-82308,Katherine Lopez,2110.0,345.0
KW-11220-22007,Kimberly Wood,10479.0,2094.0
MA-86245-26266,Marc Anderson,1334.0,216.0
CM-48967-39335,Charles Miller,1314.0,352.0
SR-28609-11613,Sarah Ramos,705.0,70.0
SL-90559-63116,Shane Lee,400.0,107.0
RH-63985-80864,Robert Hall,1001.0,147.0
PR-86404-10715,Paula Roberts,1725.0,211.0
BS-42336-70146,Bryan Smith,1646.0,230.0
JM-63891-23788,John Martinez,1010.0,217.0
SS-57238-44595,Samuel Sanchez,442.0,126.0
BO-65179-17206,Brent Ortiz,171.0,44.0
WS-28049-29604,William Schneider,1099.0,146.0
KL-12762-58159,Karen Leon,2583.0,375.0
WB-89653-41258,William Brady,1475.0,314.0
EE-48079-66019,Eric Elliott,23442.0,5162.0
SS-42513-72567,Sonia Santiago,816.0,192.0
SE-58472-77500,Sydney Edwards,438.0,97.0
CW-98539-61324,Crystal Wong,370.0,84.0
AF-59845-46026,Ashlee Frank,1118.0,196.0
MO-77849-48130,Mindy Orozco,74.0,22.0
MR-32989-82919,Michael Robinson,177.0,23.0
JW-97772-87535,Joyce Wood,7056.0,1048.0
KS-86851-59818,Kenneth Schaefer,667.0,127.0
AD-83348-84246,Anna Davis,204.0,44.0
MN-17213-95880,Mark Nicholson,12637.0,2514.0
DH-37601-42644,Donna Hughes,8394.0,1814.0
KC-40559-73486,Kerry Chaney,5861.0,1429.0
AC-98541-99908,Amy Clark,2051.0,243.0
ES-39815-39227,Elizabeth Sawyer,571.0,131.0
JL-28162-59581,Jake Lawrence,330.0,25.0
PE-68959-15845,Paula Edwards,1932.0,164.0
MS-13228-23124,Meredith Smith,16130.0,3043.0
SF-16367-89769,Sarah Fox,772.0,198.0
SR-93570-52184,Sylvia Roberts,1195.0,251.0
EF-78609-70552,Eric Fuentes,6241.0,1425.0
GM-60913-81284,Gary Martinez,693.0,114.0
SL-32810-23712,Sara Luna,625.0,123.0
JB-32455-47850,Joseph Brown,456.0,79.0
BA-86806-26661,Breanna Arias,838.0,122.0
MF-78971-29299,Maria Fernandez,290.0,62.0
BW-61705-95555,Becky Walter,1672.0,406.0
KW-67713-92274,Kristina Watson,578.0,72.0
MK-35324-89849,Matthew Kramer,1711.0,185.0
LG-97901-99212,Lisa Gonzales,51.0,11.0
JH-55743-45325,Jessica Hansen,759.0,109.0
SC-26998-62181,Samuel Cross,1337.0,299.0
RN-78556-45227,Randy Nelson,799.0,157.0
JK-15344-28123,Justin Keller,1836.0,333.0
AN-54926-51422,Ashley Nelson,52.0,3.0
RO-65828-92774,Robert Orr,266.0,50.0
ML-25448-87092,Ms. Crystal Lopez,467.0,138.0
AW-50129-74538,Alex Weaver,10245.0,2640.0
MC-97420-67933,Matthew Cooper,1957.0,285.0
MR-23023-26556,Michelle Rogers,630.0,129.0
AD-79825-13336,Albert Delacruz,639.0,49.0
NM-23315-34904,Nicole Cook MD,1552.0,374.0
MR-75804-85309,Michael Reed,4689.0,819.0
XC-56492-73713,Xavier Cameron,1812.0,339.0
AL-81056-71077,Alexander Lee,647.0,132.0
TG-92354-83748,Tyler Green,1859.0,287.0
GM-19226-96664,Gabriel Miles,921.0,79.0
NR-37594-38800,Natasha Reed,724.0,185.0
TW-72220-18876,Thomas Williams,309.0,50.0
TM-92992-61525,Tina Murphy,334.0,25.0
MV-39645-71604,Michelle Vargas,910.0,190.0
MK-98443-95222,Michael Kelly,658.0,90.0
DO-58928-16231,David Ortega,1490.0,196.0
DM-80767-13172,Dr. Katelyn Leach MD,1300.0,248.0
RS-19501-85424,Rachel Stevens,421.0,80.0
VS-77150-14292,Valerie Smith,264.0,70.0
DR-90848-45314,Danielle Rivera,870.0,131.0
TC-41126-72968,Timothy Carroll,722.0,127.0
LK-44109-45848,Lisa Kim,1662.0,276.0
CJ-65095-62461,Cristina Jones,882.0,115.0
TL-98641-29611,Timothy Lindsey,1120.0,276.0
TW-97649-16614,Tricia Wheeler,1052.0,286.0
AR-53498-98381,Ariana Robinson,18964.0,3205.0
RR-44108-87040,Randy Roberts,856.0,171.0
SM-83960-40151,Susan Myers,378.0,87.0
TR-49905-60054,Tracy Reed,1050.0,258.0
DC-81418-95692,Darrell Clark,209.0,54.0
MM-20278-31921,Michael Mcdowell,502.0,72.0
JB-36410-97962,Jennifer Beck,450.0,113.0
AJ-13077-75338,Amy Jones,427.0,103.0
JG-85486-83747,Joshua Garrett,129.0,17.0
KM-72588-44031,Katherine Martinez,750.0,155.0
AJ-16583-52959,Andrea Jones,725.0,168.0
WB-58041-33350,William Barber,753.0,181.0
CC-37742-51914,Christy Cohen,845.0,137.0
DH-30450-63263,Deborah Hammond,526.0,97.0
CJ-55374-91823,Caroline James,337.0,94.0
KC-57652-46311,Kimberly Contreras,1692.0,353.0
CJ-78971-12040,Christopher Jones,1914.0,433.0
MR-43748-45386,Mrs. Robin Rodriguez,11199.0,2785.0
MT-13949-55541,Meghan Trevino,1701.0,305.0
RS-40196-80130,Ryan Sutton,384.0,57.0
CW-80207-58303,Courtney Ware,412.0,108.0
JM-70920-64134,John Miller,10337.0,1892.0
CH-23565-20095,Christopher Hernandez,187.0,56.0
MH-63417-76955,Maria Hernandez,573.0,97.0
DF-99933-26096,Donald Francis,7952.0,1178.0
JC-51576-53986,Jose Cummings,803.0,159.0
CC-77712-82040,Cristian Cabrera,1761.0,420.0
MK-44885-98946,Martha Kirby,588.0,82.0
KD-29025-17182,Kendra Dougherty,1855.0,332.0
NM-32266-51518,Nicole Melton,429.0,104.0
TF-24932-32027,Timothy Fuller,653.0,135.0
ML-44561-80007,Michael Long,638.0,113.0
NW-83164-40152,Nathan Williams,716.0,198.0
JD-60419-82945,Jennifer Davis,567.0,88.0
SR-11622-80982,Susan Reynolds,156.0,13.0
MP-19846-58401,Monique Perry,90.0,26.0
DH-49813-34859,Donald Howell,1129.0,196.0
EJ-21814-64012,Eric Potts Jr.,333.0,79.0
AK-13518-55610,Angela Khan,494.0,67.0
DM-94522-30281,Daniel Morris,1089.0,144.0
VJ-18080-98077,Valerie Johnson,2331.0,319.0
KW-62272-87798,Krystal Walter,9038.0,1688.0
SD-72926-42584,Stacey Dickerson,109.0,19.0
OM-23789-38252,Olivia Mayo,710.0,187.0
EJ-56412-18079,Emily Jenkins,1207.0,170.0
PR-20443-41758,Paul Rodgers,1005.0,176.0
HL-72653-86872,Hector Lopez,109.0,17.0
TW-81866-98002,Thomas Wells,4324.0,1015.0
SD-15627-17061,Spencer Diaz,530.0,68.0
SR-15695-40700,Sydney Roberts,746.0,212.0
SH-46941-33771,Susan Hart,320.0,75.0
EF-48672-21877,Erin Fox,328.0,44.0
KD-65994-11031,Kathleen Duncan,301.0,51.0
WC-47463-40986,William Calhoun,660.0,128.0
KS-33076-79428,Kathleen Stewart,271.0,48.0
CS-33318-55078,Cody Smith,776.0,163.0
HL-66033-96705,Heather Lambert,354.0,80.0
LR-84101-33249,Levi Ruiz,7119.0,1121.0
HM-99151-17618,Heather Martinez,308.0,50.0
SH-57405-80476,Sandra Hicks,1377.0,208.0
JC-34852-64318,Jeffrey Chapman,673.0,73.0
SD-49818-55613,Samantha Davis,1303.0,195.0
SS-76528-62735,Stacy Sanchez,532.0,66.0
LD-93554-37785,Lori Blankenship DDS,20972.0,4209.0
KM-35418-81362,Kristin Miller,996.0,187.0
AC-76767-41949,Ariel Clark,2561.0,162.0
PD-94548-23431,Patrick Duncan,672.0,112.0
PM-22924-65832,Pamela Martin,116.0,27.0
JR-36965-82405,Jenna Reynolds,273.0,46.0
JG-73762-52928,Jason Grant,433.0,106.0
CF-96181-12786,Christina Flores,2692.0,520.0
JS-44919-25747,Janice Shaffer,265.0,38.0
NT-13924-31509,Nicholas Torres,1851.0,329.0
CC-42887-34614,Cheryl Campbell,1190.0,156.0
DH-15372-97253,Darrell Hill,1272.0,278.0
KH-66808-53922,Karen Hess,908.0,197.0
MS-39460-38127,Mark Sullivan,1249.0,207.0
NB-38303-32303,Natasha Barrett,552.0,140.0
RP-18589-11415,Ricky Patterson,707.0,152.0
WD-32144-97996,William Dickerson,692.0,145.0
EH-86854-72202,Elizabeth Hall,641.0,119.0
RB-42316-11855,Randy Butler,2001.0,272.0
JW-88781-42391,Javier Williamson,798.0,59.0
KF-79823-72310,Karen Ferguson,892.0,196.0
AR-23641-99575,Ann Rojas,594.0,75.0
JS-23194-97127,Joe Sutton,6841.0,1019.0
CM-66931-84785,Charlene Morgan,1291.0,189.0
SH-44695-48569,Scott Hill,332.0,45.0
DW-39844-28999,David Waters,528.0,129.0
TG-87706-19063,Tiffany Gonzalez,23357.0,2845.0
AP-26573-84196,Austin Perkins,11969.0,2504.0
DH-89167-17317,Dawn Hernandez,475.0,90.0
MM-62824-26339,Mr. David Martinez,10164.0,1680.0
TB-47656-40899,Timothy Barber,825.0,144.0
MA-85649-91672,Michelle Adams,2200.0,407.0
MM-96380-98086,Michael Murray,26043.0,4611.0
PM-51485-41827,Paul Mason,978.0,146.0
SM-25792-10678,Sheila Moreno,705.0,134.0
SB-91586-20749,Sarah Brown,1346.0,150.0
JW-23150-81819,James Wilson,1166.0,188.0
KW-46293-91285,Kathy Walker,3320.0,403.0
LG-81732-57827,Laurie Green,10375.0,1794.0
LW-80097-12489,Lauren Williams,376.0,102.0
DP-49634-45805,Deborah Petty,794.0,106.0
JF-40120-77930,Jennifer Franklin,219.0,50.0
CV-63051-22193,Cindy Velazquez,392.0,73.0
RM-61794-54720,Robin Martin,248.0,63.0
SL-88346-19940,Sierra Lloyd,1322.0,230.0
SE-34550-89850,Sarah Evans,218.0,49.0
AG-40341-39960,Alan Gomez,714.0,116.0
TN-54475-54178,Tony Nelson,112.0,33.0
WS-14813-57670,Wendy Soto,844.0,194.0
CB-68488-34806,Casey Brown,843.0,122.0
MP-58712-75738,Madison Phillips,304.0,75.0
MG-74636-37698,Matthew Greer,1342.0,230.0
DW-28605-13190,Denise Wilson,1570.0,211.0
GF-91400-45220,Gregory Flores,706.0,143.0
CB-18187-71185,Christine Brown,1215.0,175.0
TR-52885-82301,Thomas Ross,708.0,71.0
MG-27585-13569,Margaret Gonzalez,7069.0,1222.0
JK-39524-26012,Joshua King,505.0,91.0
DS-90000-30728,Diane Smith,483.0,97.0
BM-51557-26469,Benjamin Mejia,557.0,76.0
AP-32876-84404,Amanda Pierce,394.0,105.0
RW-95481-51196,Richard Wilkins,241.0,48.0
AR-23112-42396,Alan Rodriguez,356.0,75.0
KS-17716-20419,Kelsey Smith,1054.0,228.0
MC-47859-74390,Michael Carlson,979.0,220.0
MR-21174-43760,Michael Rodriguez,147.0,18.0
AL-31637-71847,April Lee,102.0,24.0
AC-99444-62020,Adam Coleman,1611.0,385.0
KM-74618-16022,Kathryn Macias,8177.0,1464.0
CM-31589-12167,Corey Mclaughlin,1239.0,252.0
AK-47252-63557,Ashley Kelly,8191.0,2216.0
SG-16883-81286,Sharon Gonzalez,663.0,133.0
DL-80152-48142,Deborah Lee,1304.0,310.0
CT-59755-10727,Cassidy Thomas,477.0,45.0
KO-41465-99578,Kaitlyn Ortiz,1151.0,168.0
BH-41405-17562,Barbara Hernandez,988.0,140.0
JR-92363-81372,James Rodriguez,776.0,130.0
ZK-27187-91250,Zachary Knight,689.0,133.0
DR-28282-13491,Dennis Roberts,2011.0,440.0
MK-87749-89506,Michael Knight,344.0,23.0
MS-92753-28603,Michael Sims,220.0,13.0
AM-69844-95481,Alex Moore,913.0,159.0
DR-74295-12443,Dawn Ross,360.0,70.0
MF-80018-74374,Mackenzie Figueroa,9517.0,1388.0
PN-71425-18136,Paul Newton,164.0,23.0
EP-63427-35858,Erik Peters,444.0,119.0
AJ-62660-13342,Anthony Jones,1045.0,119.0
BM-86268-99293,Bianca Mccarty,1862.0,290.0
SB-18492-13522,Susan Braun,2802.0,545.0
LM-77694-94963,Laura Moore,194.0,26.0
BM-24375-53773,Bryan Miller,2131.0,388.0
CB-52939-79819,Christopher Burton,623.0,98.0
JB-99525-33382,Jamie Burns,190.0,27.0
BW-38424-63582,Brenda White,1025.0,170.0
CL-52909-90826,Chloe Lang,608.0,144.0
SW-94723-14544,Sara Williams,543.0,116.0
NR-22441-68990,Nicole Rodriguez,1155.0,201.0
AE-94788-73213,Anna Elliott,673.0,137.0
RW-50690-10829,Rebecca Walton,804.0,108.0
RH-93821-95744,Robert Harris,256.0,19.0
ES-90611-27738,Elijah Simmons,575.0,74.0
KH-66792-35573,Kayla Hurley,1142.0,264.0
KR-85603-12693,Kyle Rose,79.0,24.0
VS-52508-86402,Valerie Spears,317.0,76.0
SH-68110-36264,Sharon Henry,314.0,29.0
KM-35884-34195,Kyle Middleton,1469.0,322.0
EJ-15908-32305,Elizabeth Jacobson,299.0,35.0
DC-21055-36290,Derrick Cooper,10332.0,1693.0
AL-56991-97731,Anna Li,364.0,43.0
AH-31346-76704,Anna Haley,872.0,211.0
AN-45816-68204,Amy Newton,640.0,101.0
RR-70804-41576,Roy Robinson,1175.0,236.0
SJ-60231-30846,Sarah Johnson,590.0,83.0
JS-32872-96959,Justin Stewart,6903.0,1004.0
DR-68495-42098,Debbie Rubio,197.0,10.0
DS-82627-56749,Daniel Sanchez,963.0,169.0
SA-40714-55133,Stephanie Ayers,645.0,133.0
CN-83038-19283,Charles Newton,529.0,135.0
MJ-81622-26738,Michael Johnson,1759.0,273.0
BS-39426-93958,Benjamin Sullivan,248.0,39.0
JD-57429-57287,John Juarez DDS,1160.0,265.0
OM-51180-60520,Olivia Mills,725.0,113.0
KH-76554-35209,Keith Hogan,13956.0,2218.0
SE-65807-49741,Sherry Elliott,981.0,188.0
ZH-47743-49710,Zachary Hammond,1354.0,282.0
LA-54813-76767,Lisa Anderson,4245.0,902.0
KG-26462-42802,Kevin Gonzalez,2278.0,372.0
CH-98590-52089,Christopher Hughes,876.0,180.0
PD-34683-80696,Paul Dorsey,1134.0,184.0
PM-28185-37993,Perry Moreno,9286.0,1611.0
DO-66962-72540,David Obrien,106.0,12.0
SO-46329-18139,Samantha Obrien,3844.0,853.0
ZA-30628-20685,Zachary Anderson,1363.0,185.0
BS-35641-90694,Bobby Soto,484.0,106.0
MV-35111-69780,Malik Vaughan,870.0,213.0
DS-17356-16387,Donald Stephenson,851.0,196.0
JT-95346-19777,Julie Thomas,573.0,88.0
RJ-50258-98847,Robert Jones,180.0,33.0
BC-37766-40980,Benjamin Clements,441.0,79.0
AP-50010-32608,Austin Parker,278.0,39.0
SD-63539-22298,Sara Ryan DDS,328.0,20.0
KN-73624-75037,Kimberly Nelson,856.0,138.0
KC-60447-24019,Kelly Casey,594.0,124.0
BP-94989-39669,Brian Pena,208.0,52.0
WO-86878-46839,Wendy Ortiz,156.0,19.0
VL-55516-49033,Victoria Lane,805.0,166.0
KJ-58513-53178,Katelyn Jordan,13228.0,3146.0
AP-67507-62963,Allison Peters,17422.0,3636.0
AD-17780-66767,Alexa Davis,237.0,28.0
JC-82953-96051,Jonathan Cooper,494.0,123.0
NV-29997-54464,Nichole Velazquez,7112.0,1065.0
JL-57375-18438,Jennifer Lopez,319.0,31.0
WR-45508-57072,Wanda Richardson,234.0,22.0
HB-98589-41969,Heather Beasley,1176.0,203.0
RW-61484-42078,Robert White,362.0,68.0
JW-95687-67283,Janice Williamson,424.0,65.0
CR-86907-89383,Carrie Ramirez,654.0,169.0
CF-79763-13261,Connie Foster,2047.0,425.0
RC-26567-87598,Robert Cooper,808.0,108.0
DM-21099-44503,Daniel Mcdonald,15417.0,3039.0
CW-89936-59263,Christy Walker,1282.0,199.0
RW-40969-22407,Robert Wilson,296.0,86.0
KM-33216-95592,Kimberly Manning,1122.0,181.0
MM-33168-51303,Mary Meyers,1018.0,161.0
DF-70742-20466,Dr. Gerald Freeman,16959.0,2733.0
JR-50754-23129,Joseph Reed,231.0,63.0
TM-26366-90179,Taylor Miller,1324.0,196.0
RC-12549-52071,Raymond Christensen,529.0,27.0
TS-58669-49767,Toni Scott,7362.0,1389.0
NB-56481-89496,Nancy Brock,6739.0,729.0
WG-41883-25446,Wayne Graham,636.0,87.0
JJ-35500-56912,Joshua Johnson,319.0,37.0
DR-15411-31815,Douglas Rivera,443.0,56.0
NK-20570-64928,Noah Keller,1582.0,369.0
DG-54389-81102,Daniel Gomez,6000.0,879.0
MD-86066-41195,Mia Diaz,461.0,97.0
MB-26790-31174,Maria Brennan,914.0,193.0
TT-86244-56669,Tracy Thompson,532.0,101.0
DB-82993-85853,Daniel Baker,9656.0,1693.0
AD-24551-80061,Allison Collier DDS,336.0,89.0
VA-40529-59644,Vanessa Adams,1042.0,186.0
LB-35618-90244,Lisa Best,211.0,31.0
JA-83439-67240,Jessica Austin,66.0,18.0
RT-60122-83422,Renee Torres,675.0,71.0
TH-32748-24527,Tracy Hunt,2729.0,417.0
CH-97885-28904,Christina Henry,851.0,134.0
JC-13498-86841,James Cox,962.0,123.0
AC-48649-51633,Adam Carter,323.0,66.0
MJ-59148-94117,Miranda Johnson,1142.0,170.0
AE-75411-49196,Alice Edwards,3189.0,561.0
VB-44631-87863,Vickie Baker,1056.0,253.0
DC-34362-29426,Dawn Collins,1464.0,300.0
KF-33067-27999,Krista Fuller,541.0,112.0
AC-13216-74654,Aaron Cohen,496.0,94.0
KC-87131-11308,Kevin Cox,647.0,102.0
SD-18553-32815,Sheri Douglas,1649.0,408.0
JJ-26371-13000,Jeremiah Davis Jr.,1115.0,171.0
RC-22090-13655,Rhonda Contreras,417.0,47.0
BW-69665-54349,Brooke Willis,390.0,61.0
HK-61578-41920,Heather Kirby,15234.0,1539.0
KS-75617-81803,Krista Smith,8113.0,1421.0
MC-38979-44929,Michael Collins,613.0,128.0
MW-19102-91508,Mike Welch,408.0,67.0
ER-48250-31207,Elizabeth Rogers,1982.0,160.0
RF-24746-61588,Robert Fuller,1347.0,281.0
DS-60227-65640,Daniel Solis,262.0,55.0
TS-74694-35171,Todd Smith,194.0,58.0
RB-71784-47221,Richard Bean,7612.0,1202.0
SL-76739-85990,Stephen Lopez,2044.0,413.0
AG-84936-65101,Aaron Gardner,1393.0,265.0
AB-24645-24169,Anna Brady,286.0,39.0
BG-62969-73584,Bobby Giles,1440.0,163.0
KP-71165-14165,Kara Pena,2232.0,280.0
KA-39710-82594,Kara Acosta,1686.0,161.0
GR-29083-91341,Gavin Rivas,6101.0,912.0
KP-46596-94862,Kelly Petersen,1606.0,327.0
SB-56145-30670,Steven Bullock,58.0,10.0
SB-47620-52057,Steven Bailey,533.0,41.0
CM-98031-69746,Christine Mendoza,468.0,66.0
RC-44827-95535,Ronald Cox,617.0,127.0
RN-79698-34299,Robert Nelson,749.0,97.0
LC-14925-38915,Lauren Cortez,337.0,38.0
JR-81255-86906,James Robertson,1695.0,276.0
MY-93327-62965,Michelle Yu,9773.0,1173.0
LG-36579-90969,Luis George,1040.0,111.0
KC-30499-74737,Keith Chase,735.0,48.0
SF-16935-61919,Sharon Flynn,1313.0,189.0
KC-75460-63168,Kenneth Cannon,1079.0,167.0
SH-23487-89030,Stefanie Haynes,1430.0,241.0
AG-42448-43575,Amanda Graham,399.0,48.0
NH-14724-26768,Natalie Hopkins,1257.0,318.0
MM-24936-60959,Megan Martinez,4062.0,668.0
TB-73882-71271,Todd Brown,1616.0,245.0
EC-37847-12343,Eric Carey,655.0,75.0
KS-76466-56688,Kevin Salas,10588.0,1719.0
PC-13696-86943,Patty Campbell,8991.0,1562.0
KJ-43483-50888,Karen Johnson,3080.0,377.0
JM-56533-82453,James Martinez,399.0,59.0
DH-31649-98134,Douglas Henderson,661.0,133.0
BL-15518-30527,Brenda Lucas,776.0,168.0
CB-72619-59320,Colin Brown,229.0,13.0
AT-27198-75886,Anthony Tran,915.0,100.0
MS-76238-78561,Melissa Sanchez,7575.0,1329.0
DJ-93692-89008,Denise Jones,589.0,119.0
LW-18884-34637,Lisa Wagner,3289.0,305.0
NF-25085-39557,Nicholas Ferrell,696.0,102.0
KP-25793-72681,Kathleen Parks,577.0,85.0
LM-36484-71738,Lance Miller,236.0,16.0
SR-39589-58299,Stephanie Rivas,844.0,79.0
JY-32388-85717,Jasmine York,1607.0,254.0
RW-94054-35771,Ryan Wu,1556.0,203.0
CH-84483-14155,Cynthia Hampton,180.0,47.0
SD-77359-67518,Stephen Delgado,1119.0,220.0
ED-24282-34677,Elizabeth Dixon,447.0,92.0
KR-16889-92231,Kevin Robertson,381.0,81.0
HM-41446-50092,Hannah Mann,2587.0,270.0
GR-73913-20413,Gary Rivera,596.0,101.0
JP-52238-90496,Jennifer Perez,320.0,96.0
RV-40434-73528,Rhonda Villarreal,1117.0,266.0
SA-53683-19509,Stephen Atkinson,221.0,34.0
AM-86411-23317,Ariana Martin,778.0,124.0
BD-78689-90122,Bianca Doyle,128.0,10.0
PA-92867-65049,Philip Arnold,990.0,159.0
KW-32335-69778,Katherine White,1899.0,101.0
HR-48575-43519,Hayley Rodriguez,1898.0,351.0
SR-29669-57640,Sonya Reed,3359.0,480.0
KH-99613-52632,Kyle Hess,400.0,89.0
JC-86091-43287,Jimmy Camacho,5275.0,833.0
KS-78365-21761,Kelly Sanchez,4696.0,821.0
KF-34048-51664,Kyle Ford,687.0,184.0
CR-48636-21110,Christopher Rivera,316.0,83.0
DM-75112-53693,David Daniel MD,17842.0,3741.0
AD-36495-71410,Andrew Dixon,1947.0,392.0
SP-59062-99839,Shannon Poole,12378.0,1855.0
KB-29016-29271,Katherine Barnes,141.0,33.0
KS-46239-44745,Kimberly Smith,1025.0,206.0
PM-94476-79236,Patrick Martinez,1599.0,183.0
MT-95616-26141,Michael Tran,607.0,31.0
MC-49704-31684,Matthew Clarke,493.0,59.0
RM-38818-22021,Rachael Martinez,82.0,5.0
VA-60237-20016,Victor Anderson,443.0,74.0
JR-22336-42497,Jennifer Rasmussen,10882.0,1303.0
EM-98037-24869,Emily Miller,2450.0,431.0
JM-68588-68812,Jamie Martin,1505.0,284.0
DB-94294-82991,David Brown,373.0,91.0
LF-19775-95393,Lisa Flores,493.0,74.0
JH-61748-68368,James Hill,784.0,97.0
TH-35169-31894,Timothy Hunter,3450.0,465.0
SS-48187-73138,Sandy Spears,931.0,179.0
MJ-67633-81714,Melissa Johnson,630.0,96.0
JC-40478-60274,Jennifer Chavez,968.0,137.0
JT-64510-23545,Jennifer Turner,157.0,33.0
LW-18936-11144,Louis Watson,83.0,22.0
TE-92765-52190,Tyler Edwards,293.0,58.0
LW-16958-38790,Larry Williams,353.0,74.0
JK-90521-91972,James King,250.0,39.0
SN-49288-90153,Susan Navarro,817.0,150.0
DM-60313-50928,Dana Mcguire,1087.0,134.0
SS-32942-37590,Sandra Schneider,60.0,9.0
SC-13038-76067,Stephanie Calhoun,1926.0,447.0
DW-10861-66186,David Weiss,912.0,110.0
EJ-71266-41207,Elizabeth Jackson,493.0,63.0
MB-24132-10385,Mariah Bowen,461.0,35.0
JV-71720-64681,Jeffrey Valentine,336.0,92.0
TG-60637-88822,Tracy Griffith,2153.0,371.0
ML-42454-91053,Maria Lopez,361.0,55.0
AT-49843-74338,Amanda Torres,907.0,197.0
DD-26637-68885,David Dunlap,87.0,19.0
CR-25780-15156,Catherine Ritter,339.0,30.0
MH-83810-41628,Monica Hernandez,652.0,118.0
WA-38889-46197,William Anderson,938.0,161.0
TR-23885-22920,Tina Ramirez,362.0,80.0
KJ-26011-59001,Kevin Jimenez,1150.0,208.0
JB-98072-51306,Jacob Becker,704.0,160.0
CH-50851-84794,Cassandra Hunt,481.0,76.0
TR-91978-37348,Tasha Rodriguez,1368.0,151.0
AW-40762-32475,Amy Wood,899.0,169.0
MC-46099-68959,Melody Combs,703.0,163.0
KH-44965-58487,Kelli Haynes,669.0,124.0
TM-44118-57323,Toni Miranda,597.0,74.0
KZ-31155-88946,Keith Zavala,3046.0,579.0
LS-38799-62511,Lauren Smith,2620.0,420.0
MM-25317-50554,Michael Myers,930.0,214.0
ID-12662-89359,Ian Davis,6353.0,1599.0
AC-28604-26960,Allison Cervantes,112.0,22.0
MN-17346-56241,Michelle Nicholson,842.0,128.0
MG-38603-37261,Michael Graves,805.0,95.0
RP-96548-61538,Robert Powers,546.0,73.0
WC-19645-98287,Wesley Clay,930.0,237.0
CR-42209-22676,Charlene Ruiz,10004.0,1689.0
BS-70165-98026,Brian Schmidt,463.0,26.0
HC-39501-49472,Heather Chang,321.0,82.0
NN-44118-87003,Nathan Neal,598.0,121.0
RW-56965-76241,Rachel Ward,741.0,138.0
SF-28208-52539,Stephanie Fox,708.0,153.0
JN-30280-12803,Juan Nelson,487.0,118.0
JM-72956-18823,Joseph Myers,10817.0,1735.0
PR-90223-55106,Patrick Ramos,20248.0,4014.0
HR-49134-26620,Heather Rodriguez,965.0,70.0
JM-41086-29208,Jesus Mercado,283.0,60.0
JD-24546-18810,Jennifer Davis,198.0,42.0
CR-12098-91944,Collin Robertson,406.0,115.0
DM-72625-12500,Debra Moore,1164.0,191.0
RB-78194-52561,Rebecca Baker,3075.0,758.0
KC-71912-38908,Katherine Cervantes,6569.0,1088.0
SA-92993-62887,Stephanie Alexander,1201.0,337.0
AS-29260-39962,Anthony Smith,865.0,171.0
DC-67593-62124,David Cohen,191.0,44.0
JN-48186-84385,Jeffrey Newman,1071.0,227.0
CR-56813-47704,Christopher Roberts,474.0,101.0
CP-34192-54742,Charles Perkins,2797.0,516.0
JZ-85341-32625,Joshua Zuniga,2230.0,452.0
MS-62591-76017,Maria Strong,2223.0,380.0
JT-56504-93454,Joseph Terry,1562.0,128.0
MA-62672-63352,Michelle Ayers,941.0,213.0
GM-92552-44431,Guy Mullins,218.0,29.0
JS-38913-31380,Jessica Sanchez,658.0,79.0
ML-91788-28147,Mark Lambert,305.0,20.0
RD-55633-38873,Richard Davis,1018.0,244.0
JR-74318-35615,John Reyes,329.0,59.0
KH-66283-86261,Kyle Hill,342.0,69.0
RW-70092-46542,Rebecca Walker,209.0,47.0
RH-52652-89237,Renee Hall,620.0,133.0
BN-71307-29048,Bradley Nichols,586.0,100.0
AB-18837-78199,Adrian Butler,728.0,147.0
KM-45188-70718,Katherine Morris,12890.0,1782.0
CN-22710-60239,Courtney Nguyen,957.0,176.0
TF-51661-38227,Thomas Foster,1949.0,352.0
KF-48563-60209,Katelyn Figueroa,9407.0,1312.0
JC-12837-98241,Joshua Crosby,1183.0,168.0
GR-77829-29056,Gregory Rodriguez,1288.0,214.0
KA-42518-26320,Kelly Anderson,1174.0,256.0
JH-37651-38091,James Harris,439.0,131.0
MS-61652-22556,Michael Smith,1207.0,97.0
KM-95998-64624,Kimberly Montgomery,1331.0,210.0
MF-26075-13681,Mitchell Frazier,1010.0,176.0
VH-37147-52461,Vanessa Hill,230.0,51.0
JT-54029-36225,Jacob Taylor,2423.0,564.0
JS-39179-19563,Jonathan Savage,1793.0,321.0
RD-24784-99211,Robert Duffy,1665.0,434.0
MK-37268-16500,Matthew Kelley,10616.0,1960.0
JH-73636-89043,John Hunter,1060.0,151.0
MS-66508-41707,Marcus Smith,282.0,17.0
DJ-39313-70122,Dennis Johnson,498.0,60.0
VC-58577-41888,Veronica Cruz,925.0,140.0
CB-26072-92308,Cristina Becker,181.0,13.0
SH-35230-40637,Stephen Hernandez,1814.0,327.0
KJ-80254-14669,Kevin Jacobs,1874.0,478.0
SM-21418-13111,Sarah Murphy,643.0,99.0
AT-88096-37076,Anthony Trevino,1228.0,190.0
AL-15532-28126,Adam Lewis,351.0,47.0
DA-54851-16969,David Avery,1537.0,407.0
SM-68313-66198,Sally Campos MD,10138.0,1699.0
RF-91504-62430,Richard Fernandez,690.0,114.0
MM-45925-39805,Mr. Benjamin Mccarty,184.0,23.0
XM-81523-71747,Xavier Meyer,1224.0,226.0
CW-56798-55881,Chelsea Washington,981.0,153.0
RP-39951-47844,Richard Perez,671.0,135.0
ME-60654-26179,Michael Everett,988.0,116.0
EL-47011-86063,Elizabeth Luna,6769.0,1346.0
HW-59298-54502,Haley Williams,807.0,82.0
LG-37528-53149,Laura Gomez,1263.0,262.0
GO-47886-52451,Gina Olsen,1038.0,200.0
SS-13528-81232,Steven Soto,2121.0,467.0
MW-62966-93985,Morgan White,798.0,116.0
CK-26709-96222,Cynthia Kelley,10262.0,1970.0
EW-99104-90607,Elizabeth Werner,83.0,15.0
KJ-58743-97073,Kevin Johnson,5863.0,1019.0
AS-22880-25102,Adam Stewart,900.0,210.0
HD-74144-38457,Hunter Dillon,1048.0,105.0
RM-74927-12644,Rachel Morris,725.0,107.0
DJ-96113-84808,Diana Jones,2125.0,450.0
DW-55537-30685,Derrick Wilson,960.0,177.0
CW-68801-63644,Crystal Wilson,837.0,187.0
RG-89129-58880,Roger Gutierrez,1812.0,406.0
JS-38727-15995,Justin Sutton,432.0,122.0
JB-66308-88996,Jordan Bridges,1349.0,170.0
AH-17679-45419,Andrew Hughes,50.0,15.0
MP-63072-17725,Mr. Brian Wilson PhD,597.0,133.0
WO-43042-39706,William Orozco,284.0,24.0
RB-39713-81307,Rachel Bradford,798.0,82.0
AW-98694-13433,Anna Ward,445.0,120.0
RP-42105-25558,Rhonda Perry,1508.0,263.0
TB-12501-19905,Teresa Barker,789.0,163.0
DR-74099-92139,Daniel Ruiz,785.0,129.0
RW-39743-18499,Richard Walker,300.0,84.0
VG-21422-34553,Vincent Green,2091.0,326.0
CE-19653-74946,Caroline Evans,443.0,120.0
PW-24569-52715,Peter Wolfe,270.0,17.0
JB-40448-81309,Jane Black,1008.0,162.0
RW-17070-85152,Randy Wood,1188.0,209.0
AS-64622-88382,Ann Stein,1239.0,231.0
JK-52813-81578,Joseph Kim,12810.0,2445.0
KR-41428-32281,Kathleen Ramirez,732.0,190.0
CW-46957-86550,Christopher Williams,1561.0,192.0
CR-31923-57708,Christina Rodriguez,899.0,194.0
MW-91039-15473,Michael Weber,237.0,23.0
DC-68466-12969,Derek Castillo,1796.0,252.0
TA-13114-53040,Timothy Arnold,355.0,25.0
RT-88948-25425,Robin Taylor,1512.0,189.0
BH-60707-26417,Brent Hawkins,1181.0,185.0
CB-41399-31737,Christina Bailey,842.0,200.0
MG-69484-93579,Melissa Gonzales,699.0,142.0
NC-66519-94872,Nathaniel Case,12982.0,2001.0
KR-21805-36358,Kristen Rice,1032.0,138.0
JH-87731-15176,Jennifer Hensley,738.0,103.0
SW-40073-49269,Susan Williams,720.0,77.0
TL-23383-25387,Travis Lopez,890.0,130.0
BC-37016-17778,Brian Cole,412.0,50.0
NL-68478-94804,Natalie Little,504.0,68.0
TH-87005-91058,Teresa Harmon,262.0,46.0
PH-26915-50768,Pamela Hill,1116.0,191.0
TE-16387-91546,Theresa Ellison,843.0,159.0
HR-45276-59027,Holly Rodriguez,479.0,48.0
EW-49393-66935,Elaine Weaver,5590.0,1184.0
LM-63720-29760,Larry Mcdonald,10120.0,2504.0
KT-24907-79256,Kevin Thompson,1265.0,261.0
MT-37903-79568,Marcus Taylor,5256.0,1484.0
NB-66682-91605,Nicholas Brewer,3544.0,423.0
TW-44440-95686,Teresa Weiss,138.0,12.0
MW-53491-84043,Mike Wong,240.0,61.0
TW-10712-35685,Tammy Wright,898.0,153.0
BA-67383-39314,Billy Allen,371.0,49.0
AJ-99479-89783,Alex James,281.0,54.0
MN-91036-30663,Monica Newton,94.0,5.0
AW-99533-51298,Ann West,385.0,86.0
TB-78116-16530,Terri Branch,454.0,136.0
AM-19016-59023,Anthony Mason,9728.0,1418.0
BP-37671-77484,Brian Perkins,916.0,164.0
KW-60838-71573,Kimberly Walker,2620.0,517.0
PB-43603-84640,Paul Burns,566.0,101.0
SD-58090-56642,Stephanie Dodson,82.0,22.0
BD-37981-94601,Brandy Delgado,508.0,117.0
LB-95226-32699,Linda Booth,1415.0,243.0
KL-59877-59767,Kevin Lee,802.0,110.0
SG-53104-22635,Sarah Griffin,726.0,123.0
AJ-19766-68996,Anthony Jones,542.0,106.0
MR-60085-23984,Mallory Rodriguez,620.0,100.0
MA-23066-55384,Maria Alexander,2163.0,403.0
MO-42969-39881,Mr. Keith Olson,628.0,117.0
CC-97028-75280,Cheryl Collins,821.0,158.0
CS-65381-59580,Chelsea Sanchez,493.0,124.0
AC-41298-88293,Amanda Colon,461.0,97.0
SR-61641-19832,Sherri Richardson,157.0,38.0
TB-34326-34913,Todd Brewer,198.0,17.0
JR-23585-67471,Joseph Rodriguez,347.0,96.0
AG-64153-94932,Amanda Grant,1958.0,493.0
KW-74986-46597,Kaitlyn Wyatt,986.0,227.0
JW-83259-12854,Jeremy Wallace,10692.0,1903.0
JD-69712-33225,Jennifer Koch DVM,9779.0,2065.0
SM-58506-22450,Summer Mcknight,2173.0,321.0
KM-95090-20090,Kim Moreno,726.0,130.0
RM-37738-16816,Ricardo Mitchell,16705.0,3844.0
ST-35716-96121,Stephanie Thomas,829.0,88.0
JM-78056-77945,Jeffrey Molina,664.0,39.0
JS-58013-95703,Jesse Sims,267.0,53.0
KM-96518-37334,Kimberly Melendez,516.0,113.0
JS-82852-31561,Jasmine Smith,643.0,160.0
LP-47743-54567,Leslie Porter,1248.0,235.0
DW-68968-20998,Denise White,486.0,98.0
SH-11232-58976,Sheri Harrington,1016.0,116.0
WS-56841-30533,William Schmitt,625.0,145.0
PP-25750-14041,Paul Page,2085.0,336.0
KW-36838-70996,Kelly Williams,1621.0,248.0
TR-22898-64735,Theresa Rodriguez,1387.0,208.0
GB-99007-18306,Gary Barnes,2059.0,373.0
MG-40616-22077,Morgan Gibbs,303.0,15.0
JM-75785-99461,Jesse Marshall,937.0,165.0
MH-99132-24556,Mr. Tom Hill,434.0,85.0
AM-39730-23453,Andre Mcguire,6815.0,1333.0
KH-87168-29482,Kevin Harris,257.0,44.0
GH-78602-68177,Gabriela Hobbs,923.0,112.0
TW-49309-43488,Teresa Walsh,870.0,153.0
JM-96992-87434,Jesus Moreno,1316.0,282.0
JW-44431-65887,Jesse Wong,320.0,30.0
TK-70660-52716,Timothy Kennedy,357.0,64.0
JK-84813-37490,Jane Koch,1633.0,219.0
JE-88572-86902,Julie Erickson,1037.0,186.0
WK-89940-43915,William Knapp,460.0,86.0
AJ-17573-29816,Alexandra Jordan,282.0,27.0
LK-20939-21668,Lucas Klein,2022.0,141.0
AW-74621-64431,Amanda Warner,9339.0,1541.0
JA-97075-41749,Joshua Alvarez,10974.0,2145.0
PB-33014-87713,Pamela Bridges,1649.0,273.0
KB-84085-91984,Kristopher Boone,221.0,31.0
NM-60102-77438,Nicole Mitchell,1413.0,296.0
RC-24523-94813,Rachel Cole,4368.0,838.0
MH-71451-80356,Matthew Holland,2514.0,540.0
MJ-42666-30731,Mark Jackson,867.0,79.0
KP-83847-64491,Karen Phillips,9865.0,1535.0
MP-29083-62318,Michael Perkins,14288.0,1265.0
TL-37974-75514,Tracy Lucero,9619.0,1672.0
CR-78413-58128,Carol Robinson,173.0,47.0
MG-31237-38269,Mark Garza,1308.0,267.0
MM-38065-68133,Michelle Martinez,276.0,58.0
RM-68449-53405,Rhonda Mueller,800.0,148.0
SM-85145-17482,Sean Mcclure,253.0,33.0
LG-42828-42702,Luis Gomez,469.0,90.0
JF-44349-90200,James Franklin,96.0,8.0
PJ-23976-47711,Paula Jones,473.0,128.0
AM-96757-24997,Ashley Miles,683.0,164.0
EC-76251-21521,Eric Clarke,670.0,125.0
AG-30052-31660,Austin Gomez,1349.0,263.0
TH-55247-21084,Tara Hester,1336.0,223.0
WG-49193-55426,Wanda Greene,1236.0,269.0
RO-42662-95487,Ryan Owens,568.0,90.0
KT-58634-50726,Kimberly Trujillo,3926.0,629.0
BW-26169-75961,Bruce Warren,9102.0,1643.0
CC-84717-46372,Christina Cross,1469.0,252.0
WM-38458-15778,Wanda Melton,185.0,14.0
BP-85284-98730,Brett Potts,1031.0,232.0
SS-55133-28210,Susan Sanders,2046.0,377.0
KR-76392-37771,Kevin Rogers,187.0,40.0
AF-47137-69731,Adam Foster,995.0,106.0
JR-43156-35154,John Rodriguez,891.0,214.0
JC-68188-50720,James Carter,1022.0,244.0
AL-36137-76484,Aaron Lin,118.0,23.0
TM-67944-79991,Tina Martinez,867.0,95.0
DM-87747-63041,Douglas Mcdonald,2333.0,277.0
AD-83278-24738,Amanda Davis,12746.0,1729.0
BS-91364-89083,Bradley Smith,391.0,91.0
LB-38053-26053,Laura Becker,8028.0,1555.0
VW-77702-21504,Victoria White,417.0,85.0
PM-62475-77468,Paula Mccoy,1494.0,185.0
AC-71689-50948,Alexis Cline,1543.0,255.0
MJ-65998-54300,Ms. Heidi Johnson,1958.0,350.0
DD-31306-98050,David Dunn,1042.0,125.0
SR-43552-77525,Sarah Rodriguez,172.0,29.0
HB-47601-82485,Heather Bright,792.0,163.0
MW-15651-13610,Melinda West,54.0,7.0
EM-93193-85073,Eric Moss,4923.0,752.0
SH-14192-68885,Scott Hall,909.0,97.0
EM-66800-58442,Erica Morales,737.0,154.0
BH-67432-28062,Bryan Howard,1225.0,181.0
AJ-93492-88054,April Johnson,21941.0,2952.0
CP-61382-43720,Crystal Price,409.0,61.0
JC-62224-71711,Justin Clark,13086.0,2954.0
JD-93914-84243,Julia Dean,1463.0,222.0
CC-31557-20010,Courtney Cunningham,10130.0,1830.0
CK-47236-52006,Courtney Kim,221.0,17.0
SC-19626-97059,Samuel Copeland,939.0,123.0
BS-45387-78381,Brittany Sanchez,753.0,170.0
MM-10765-36114,Miss Natasha Mendoza,903.0,121.0
KK-36307-99897,Kristin King,829.0,187.0
BH-23264-96364,Bruce Huerta,847.0,220.0
MR-28603-95214,Michael Robinson,448.0,106.0
JM-75706-86539,James Morgan,463.0,81.0
TZ-56033-61933,Timothy Zuniga,888.0,246.0
LW-74519-24016,Lynn Wells,321.0,47.0
JM-49242-16187,Jeffrey Miller,422.0,51.0
DH-45395-33950,Donald Henderson,1267.0,140.0
AL-19924-54594,Ashley Lopez,7294.0,1332.0
MC-20207-72363,Marc Cohen,494.0,75.0
KW-92061-89240,Kimberly Weeks,888.0,208.0
JM-45213-93589,Jessica Mcfarland,781.0,108.0
BB-27176-89917,Bradley Brown,179.0,34.0
VC-20249-18294,Victoria Conway,733.0,144.0
DT-48484-81445,Dawn Torres,1111.0,182.0
EB-90338-76695,Eric Buck,716.0,134.0
KB-12241-80315,Kevin Baker,1655.0,382.0
RY-89026-14182,Ryan York,756.0,192.0
FS-98772-77331,Fred Solis,776.0,187.0
TA-17905-71404,Troy Anthony,388.0,74.0
JJ-43115-21948,Jerry Jackson,1925.0,436.0
JT-23722-34371,Jonathan Torres,825.0,112.0
JM-17109-20603,Jeanette Meyer,546.0,149.0
MW-52810-80055,Mallory Wright,1224.0,171.0
SL-61133-36737,Samantha Lawson,616.0,37.0
SC-10747-23385,Savannah Carter,376.0,54.0
AT-48540-73483,Ashley Thompson,1143.0,160.0
NT-75368-64776,Nicholas Turner,2376.0,423.0
MG-49535-68227,Meredith Good,1503.0,355.0
SR-60899-57984,Shannon Rose,6551.0,1099.0
EL-69494-60668,Erica Lin,146.0,14.0
RC-87242-66356,Robert Cortez,816.0,207.0
CR-71849-58613,Cameron Russell,943.0,181.0
NB-29060-44766,Natalie Bailey,8384.0,1610.0
RC-90965-31727,Regina Cooper,1921.0,295.0
JS-29367-49171,Judy Salas,1116.0,139.0
CW-80201-64214,Cassandra White,10226.0,1965.0
LA-26071-16598,Laura Adams,580.0,98.0
EF-98489-36479,Emily Figueroa,696.0,136.0
JT-75591-18033,Jasmine Tate,350.0,73.0
JW-81478-23085,Jessica Williamson,168.0,46.0
RF-15795-61014,Robert Foster,221.0,58.0
GR-92594-24279,Glen Rivera,1019.0,210.0
DJ-37327-34884,Danielle Johnson,1970.0,412.0
AP-55920-58043,Ashley Palmer,83.0,19.0
JM-68398-96508,Jason Morgan,1216.0,241.0
EC-41298-59936,Elizabeth Contreras,1133.0,218.0
DS-85655-20623,Danielle Smith,6999.0,1217.0
MG-87817-74693,Madison Gates,76.0,14.0
LG-57432-17578,Lisa Gallagher,725.0,129.0
AF-74627-39339,Aaron Frost,1512.0,364.0
GH-49711-57000,Gregory Hernandez,657.0,85.0
RT-76566-12588,Richard Thomas,470.0,66.0
SB-44613-97610,Steven Brooks,846.0,84.0
VJ-45178-88608,Veronica Jones,1237.0,222.0
DS-66100-48520,Diana Smith,2789.0,384.0
DM-17650-73365,Donald Miller,5281.0,1421.0
DT-87037-18256,Daniel Turner,397.0,87.0
CK-60531-44164,Cassidy Kelly,674.0,138.0
CT-73911-28345,Christopher Tran,398.0,66.0
MS-30759-64993,Michael Savage,812.0,109.0
TD-26885-78433,Thomas Doyle,939.0,144.0
MH-16956-29766,Meghan Hamilton,570.0,140.0
RC-78406-82421,Robert Cox,658.0,155.0
PM-20378-26014,Peter Mcclain,274.0,35.0
LD-92576-72326,Lori David,11183.0,1592.0
AL-18448-99457,Alan Long,2933.0,394.0
BS-24120-93892,Bonnie Simon,509.0,37.0
DH-55213-85578,Daniel Hansen,620.0,82.0
MT-54920-19114,Matthew Turner,1760.0,224.0
AM-97927-96650,Adam Mosley,335.0,53.0
JR-79117-89779,Jesus Rodriguez,692.0,130.0
AR-64830-50490,Amanda Ross,2707.0,455.0
KW-13821-16360,Karen White,10018.0,1913.0
TC-46762-96390,Tanya Carter,1295.0,248.0
PZ-74431-25756,Patricia Zhang,561.0,72.0
GW-45311-57300,George Wilson,117.0,22.0
EF-47389-80718,Edgar Ferguson,178.0,14.0
CR-74643-75945,Colin Riggs,688.0,137.0
MD-36982-16324,Mrs. Christine Dunn,10468.0,1873.0
SB-19794-80703,Shawn Browning,1503.0,312.0
MS-42531-62633,Michael Smith,340.0,89.0
RW-82681-11402,Rodney Wilson,828.0,156.0
DS-19582-81242,Douglas Singh,668.0,118.0
AB-34732-93759,Alan Blackwell,1147.0,191.0
RS-37357-19254,Rachel Strickland,474.0,103.0
JD-62480-47577,John Daugherty,1039.0,146.0
BM-94163-55314,Blake Medina MD,887.0,218.0
MS-61891-41539,Maria Spears,1884.0,414.0
VC-73394-10097,Veronica Cabrera,745.0,152.0
RM-29102-14554,Ray Miller,1696.0,404.0
JB-67985-29052,James Barnes,413.0,44.0
CH-71818-98129,Catherine Herrera,2367.0,417.0
JL-42411-99620,Jonathan Lowery,691.0,159.0
CA-79738-98542,Cody Adams,837.0,156.0
BH-36444-82858,Brittany Holland,2691.0,333.0
VW-44146-84426,Veronica White,262.0,56.0
JJ-21064-35626,Jane Johnson,268.0,61.0
SB-18173-94317,Scott Benson,679.0,117.0
TM-32513-23169,Thomas Marquez,365.0,94.0
CR-30553-27122,Charles Robinson,784.0,177.0
MM-28074-74008,Mary Mullins,596.0,89.0
RT-69453-12659,Robert Thompson,1299.0,250.0
CH-86831-88391,Cesar Henry,1228.0,334.0
BH-83174-29090,Brandy Holmes,513.0,81.0
DI-95391-40313,Dr. Peter Hunt II,2376.0,559.0
HR-33628-63822,Hailey Robinson,1481.0,335.0
LM-22664-60899,Laura Miller MD,378.0,52.0
GR-76297-60817,Gregory Rodriguez,603.0,111.0
MJ-40150-67496,Melanie Johnson,7132.0,1501.0
CA-19861-38917,Courtney Alexander,381.0,42.0
JC-21601-23360,Jennifer Carr,125.0,25.0
FP-45741-63847,Frank Price,493.0,44.0
PA-23583-55517,Patrick Austin,1343.0,327.0
SD-48815-21638,Steve Davis,562.0,154.0
MW-94979-15408,Margaret Wilson,797.0,226.0
TC-71824-91057,Tina Clark,441.0,113.0
DB-17937-12465,Daniel Brown,991.0,150.0
MD-34673-36241,Michael Davis,765.0,76.0
MS-99753-38266,Melissa Stephens,261.0,39.0
SJ-26012-17114,Susan Jenkins,436.0,118.0
MF-79014-46532,Ms. Kristin Frazier,140.0,25.0
TS-67964-50411,Timothy Smith,12248.0,2427.0
LS-63148-54631,Lisa Shah,261.0,62.0
DS-93703-21472,Daniel Singh,417.0,115.0
AG-17014-11720,Amanda Garcia,1583.0,281.0
AC-40405-79113,Amanda Curtis,1580.0,365.0
MT-15849-90651,Marissa Thompson,655.0,99.0
DI-14779-62452,Dr. Elaine Ingram,280.0,52.0
JH-37279-20543,Jose Hanson,1360.0,251.0
TC-94562-17071,Tiffany Clark,1094.0,194.0
AM-27186-11686,Amy Moore,405.0,56.0
DC-81189-19228,David Crawford,2162.0,278.0
MM-20958-76932,Mary Mathis,300.0,45.0
FB-40463-71534,Felicia Bell,715.0,120.0
DF-56511-25257,Darryl Floyd,1176.0,244.0
AM-38397-13202,Andrea Mckee,488.0,134.0
AR-88888-35704,Amber Riley,460.0,50.0
MR-29736-70598,Michael Reese,379.0,27.0
CP-86603-78817,Cody Dominguez PhD,409.0,103.0
PH-82638-41811,Patricia Harrison,174.0,33.0
RJ-62344-66035,Ryan Jackson,1606.0,161.0
PA-63876-12108,Patrick Alexander,655.0,64.0
CP-51533-52406,Cody Perez,1101.0,237.0
CO-93960-37500,Cynthia Ortiz,1011.0,119.0
AE-59464-30374,Amy Espinoza,6471.0,1080.0
DW-39274-13719,David Williams,255.0,76.0
MD-19966-36272,Matthew Dawson,7791.0,1208.0
CW-52781-19449,Caleb Weber,881.0,195.0
NM-60423-94091,Nicholas Maxwell,273.0,39.0
JJ-86913-26745,John Price Jr.,315.0,79.0
JM-70090-30263,James Moore,823.0,155.0
BG-62146-12382,Brooke Garza,20277.0,3100.0
NH-57896-39308,Nicole Hill,456.0,36.0
KH-81449-91559,Kelly Hamilton,722.0,157.0
BL-60976-47961,Bobby Levy,1346.0,311.0
JT-59296-96409,Jerry Thomas,1333.0,245.0
JH-59583-97924,Jacqueline Hanna,833.0,157.0
AO-61761-46483,Amanda Obrien,99.0,29.0
GH-38429-62194,Gregory Herrera,2324.0,354.0
PI-28240-51458,Pamela Ingram,1682.0,343.0
MB-12693-96646,Mrs. Ann Brown,329.0,50.0
SJ-78181-17108,Stephanie Joyce,116.0,18.0
JH-14879-53839,Jack Hoffman,2136.0,548.0
MR-18644-44832,Michelle Russell,737.0,166.0
DG-40199-12135,Daniel Green,1904.0,321.0
RB-13661-45960,Rebecca Burns,1369.0,357.0
EP-57631-45216,Erika Powell,485.0,115.0
MB-36082-54786,Michael Ballard,2700.0,376.0
JP-94814-37098,Jesse Palmer,1445.0,230.0
KM-60051-11146,Karen Peters MD,1035.0,251.0
CE-17147-81728,Corey Estrada,1021.0,199.0
DF-30049-25535,Daniel Fisher,1181.0,234.0
AS-45836-95002,Amanda Santos,1543.0,239.0
VW-32344-42000,Victoria Whitaker,757.0,72.0
JW-13665-78178,Jay Williams,19509.0,2667.0
IW-10907-14092,Ian Wu,10730.0,1922.0
TJ-69887-34459,Troy Johnson,172.0,33.0
MM-40885-30459,Mason Martinez,511.0,63.0
OM-42873-44647,Olivia Mendoza,4939.0,1003.0
PS-13276-35180,Paul Scott,808.0,109.0
BB-26237-47204,Brent Brown,3917.0,691.0
JB-89464-49812,Justin Brown,491.0,55.0
EB-69051-59774,Erica Bates,1428.0,244.0
HF-49038-83252,Harry Floyd,583.0,141.0
GC-94061-85442,Glenn Crane,400.0,43.0
GY-78833-64133,Gary Young,721.0,150.0
RJ-26433-87820,Richard Johnson,299.0,57.0
LY-72043-55661,Linda York,373.0,55.0
SH-89595-26028,Steven Hansen,548.0,120.0
VJ-95739-34514,Valerie Johnson,179.0,10.0
DW-41247-22640,Debbie White,722.0,116.0
MN-82036-61001,Melissa Nunez,225.0,67.0
DH-37294-55185,Daniel Hernandez,1354.0,402.0
PH-53621-60597,Pamela Hernandez,689.0,111.0
CG-82143-57007,Crystal Giles,125.0,21.0
KC-86719-34645,Kathryn Camacho,330.0,72.0
MC-42217-87198,Mrs. Michelle Campbell,2533.0,600.0
BF-19935-69995,Bryan Flores,10199.0,2501.0
AW-88713-49891,Andrea White,868.0,129.0
AW-63050-28459,Alyssa Weaver,10667.0,1746.0
HB-66901-24115,Harry Brewer,471.0,63.0
TL-11395-22049,Terri Lopez,1381.0,325.0
RD-19468-82866,Raymond Hubbard DDS,136.0,14.0
TN-44223-45100,Tyrone Norton,521.0,67.0
KG-71724-39640,Kathy Graham,2953.0,504.0
EJ-32425-26854,Emily Jackson,646.0,67.0
SB-27013-10715,Sandra Brown,1177.0,269.0
JL-39729-73856,Joseph Leonard,450.0,77.0
SR-17554-38121,Scott Ramirez,14210.0,2666.0
GS-50600-20427,Gary Smith,1175.0,246.0
JW-54283-49789,Jacob Wade,759.0,146.0
AC-70852-84691,Aimee Cohen,712.0,158.0
CW-59514-13012,Courtney Ward,963.0,254.0
JJ-39675-47804,Jennifer Johnson,170.0,16.0
KT-88247-61190,Karen Thomas,3869.0,1156.0
AM-15530-34238,Amber Mclean,1076.0,211.0
DT-75569-39314,David Tucker,1794.0,240.0
WW-32092-59927,Wendy White,1375.0,191.0
AR-83836-49158,Aaron Robinson,647.0,87.0
BS-79401-30865,Belinda Smith,1271.0,208.0
MG-87615-36497,Meredith Garner,851.0,171.0
BB-37387-96076,Brandi Brooks,677.0,115.0
WK-74760-18739,William Kelley,549.0,136.0
PJ-79724-70208,Paul Johnson,6108.0,1147.0
JS-36773-32915,Jennifer Spencer,2814.0,510.0
RS-37332-40422,Richard Sparks,425.0,33.0
KL-37136-42506,Kathryn Leonard,295.0,46.0
JW-63547-30161,Joshua Walker,897.0,145.0
AP-79271-57714,Allison Parrish,2281.0,615.0
BD-68549-48043,Bryan Delgado,753.0,139.0
AM-67978-67189,Alyssa Morgan,2701.0,253.0
HH-30661-57465,Hunter Hartman,1000.0,186.0
KM-66122-41042,Kristine Morales,2764.0,568.0
JO-21419-88452,Jasmin Ortiz,1070.0,239.0
HC-98075-56182,Heather Castro,1062.0,105.0
ME-85953-92678,Michael Edwards,50.0,11.0
RB-34808-86321,Robert Brown,1381.0,270.0
BL-37336-18900,Brandi Lewis,1809.0,348.0
BG-49831-43013,Brent Guerra,321.0,23.0
LR-59689-29384,Leslie Ramirez,7736.0,1438.0
JB-79136-28615,Jason Baker,1397.0,264.0
RC-24852-30698,Richard Curry,497.0,92.0
BA-52685-64781,Bernard Armstrong,156.0,21.0
MK-85057-96507,Mary Keller,363.0,30.0
FM-35524-56211,Faith Santiago MD,663.0,152.0
KS-85478-52854,Karen Sharp,762.0,182.0
TG-62446-32083,Tracey Gonzalez,956.0,113.0
KW-22305-16447,Kelsey Williams,1036.0,232.0
NK-94476-12201,Nathan Koch,67.0,4.0
JW-78214-80023,Julia Wilson,515.0,151.0
CE-37447-17260,Christine Esparza,1428.0,301.0
SL-58542-87817,Shannon Lopez,1102.0,140.0
OG-43010-69028,Olivia Graham,1313.0,186.0
CW-82827-72075,Cindy Wyatt,5805.0,493.0
AD-74821-28840,Anthony Doyle,587.0,103.0
DE-96208-50572,Daniel Elliott,1363.0,147.0
DG-17987-84124,Daniel Grant,486.0,69.0
JT-29345-25858,Joshua Thomas,696.0,137.0
JB-17785-38462,Jason Bates,2781.0,749.0
JB-32019-31094,Jessica Berry,256.0,26.0
DC-13380-96285,Donna Castro,1694.0,279.0
AB-96920-17963,Aaron Burch,1162.0,230.0
KC-63421-60933,Kathryn Cooper,1091.0,151.0
SS-12720-20668,Shawn Smith,902.0,106.0
TS-58628-84153,Timothy Stokes,929.0,159.0
JT-42734-36702,Judy Torres,597.0,109.0
AP-59231-77684,Amanda Porter,1119.0,233.0
MB-78545-72625,Mark Barajas,706.0,153.0
JW-99671-49689,Jean Wise,971.0,101.0
KG-69729-24945,Katelyn Gordon,1040.0,208.0
JE-15093-55174,Jerry Espinoza,1604.0,426.0
MP-61069-94048,Monica Palmer,374.0,82.0
BL-51430-20081,Brittany Lee,1299.0,229.0
MP-46266-70930,Mary Parker,377.0,83.0
BA-66287-61524,Benjamin Alvarez,1798.0,390.0
EW-80338-47977,Elizabeth Williams,330.0,95.0
JM-90678-46582,Joshua Malone,714.0,114.0
LC-17627-54716,Lisa Calderon,6337.0,1100.0
DM-25588-41076,David Mitchell,1007.0,106.0
TM-90492-93118,Timothy Murphy,186.0,21.0
JW-60997-82202,Jade Washington,695.0,99.0
MG-91459-44654,Michael Gilbert,395.0,62.0
MS-84158-99723,Mr. Nathan Smith,464.0,58.0
TB-84656-40163,Theresa Berry,411.0,97.0
MW-54929-56981,Mark Webster,588.0,115.0
EW-52438-79866,Erica Wilson,251.0,33.0
HC-13407-66411,Heather Carey,485.0,34.0
KM-90075-91496,Katie Mitchell,311.0,48.0
MJ-88000-14832,Marc Johnson,1325.0,198.0
BR-32704-32897,Brian Ramirez,716.0,89.0
MW-11924-19457,Mary Willis,1579.0,342.0
TF-71124-85406,Tanya Fischer,445.0,66.0
HM-70782-25032,Hunter Martinez,8085.0,496.0
SF-65199-46471,Steven Faulkner,4429.0,1162.0
RW-50853-57040,Richard Wright,1114.0,123.0
MP-22764-81266,Michael Pierce,6242.0,1071.0
AB-28008-67731,Andrew Briggs,28244.0,5386.0
AC-58599-33839,Amy Cannon,871.0,129.0
MG-30647-38175,Monica Goodwin,199.0,13.0
VN-35914-22539,Vicki Norris,613.0,119.0
JL-75450-40358,Johnny Lambert,289.0,59.0
KD-87430-18344,Kathryn Day,12190.0,1861.0
RL-50639-65959,Rachel Lindsey,9057.0,1484.0
NH-65077-83379,Nichole Hodge,71.0,10.0
SM-80731-39912,Stephanie Mendoza,1507.0,159.0
MW-47093-29681,Marissa Walker,16906.0,2688.0
MT-27013-50468,Monica Townsend,63.0,18.0
MS-12363-12458,Miss Stacie Smith,1828.0,244.0
TH-96177-46482,Tony Holmes,773.0,212.0
AS-83301-26599,Austin Silva,1640.0,413.0
RT-22410-63579,Richard Thomas,1718.0,363.0
SO-31117-37371,Sean Ochoa,535.0,120.0
LH-98549-95512,Lauren Hicks,234.0,24.0
ES-41975-30809,Emily Sims,1783.0,241.0
AS-38485-78252,Andre Stephenson,740.0,123.0
DG-48788-69676,David Gamble,374.0,77.0
SH-47905-18685,Sandra Holt,487.0,94.0
SR-44029-34991,Sharon Ramirez,1033.0,216.0
DA-66967-20234,Dalton Atkins,747.0,149.0
PB-73412-54372,Patrick Brown,301.0,21.0
CS-89852-13163,Casey Snyder,706.0,128.0
DB-26445-34778,Danny Bradley,1883.0,429.0
SR-51979-27746,Susan Rasmussen,1126.0,211.0
MF-20126-90216,Michael Floyd,462.0,109.0
DC-49919-82664,Debbie Colon,620.0,137.0
SY-30827-77302,Stacie Young,497.0,121.0
DD-18718-17719,Donald Duffy,1570.0,393.0
VJ-27376-34644,Victor Johnson,359.0,60.0
AF-21707-71411,Amy Flores,658.0,138.0
EY-58392-88504,Edgar Young,946.0,158.0
CH-81137-40667,Christopher Hernandez,232.0,33.0
JJ-65016-93300,Jessica Johnson,806.0,125.0
LH-79561-75940,Linda Hill,127.0,38.0
JC-28970-89936,Jordan Chambers,273.0,30.0
JW-67188-13012,Jason Wright,666.0,168.0
NB-21680-93101,Natalie Bowen,13799.0,2009.0
JM-95956-25955,Jeffery May,1781.0,265.0
JS-13942-32908,Jacqueline Saunders,365.0,69.0
KG-73393-75776,Katherine Gordon,84.0,13.0
SS-17454-13479,Sandra Sharp,317.0,22.0
ST-77573-98680,Sandy Taylor,725.0,164.0
TG-62424-73683,Thomas Garcia,115.0,32.0
DB-67556-27860,David Boyd,8771.0,1512.0
LM-71211-32734,Lindsay Moore,96.0,18.0
BG-47142-37246,Brittney Gutierrez,1037.0,148.0
ST-15777-24702,Steve Thomas,13261.0,2225.0
DR-49364-80998,Danielle Roy,8312.0,1469.0
LS-95613-44037,Latoya Sanders,11065.0,2097.0
SW-43277-62373,Sean Williams,1018.0,146.0
TT-49504-42512,Theresa Thomas,659.0,152.0
JG-49761-82061,John Green,1286.0,237.0
MH-55081-56633,Michael Howard,318.0,58.0
SC-54332-52726,Susan Cooper,869.0,124.0
KH-69432-33196,Kyle Harrington,1155.0,246.0
CJ-43178-92466,Connor Carlson Jr.,2066.0,367.0
KG-75053-96245,Kathryn Green,128.0,38.0
MW-58390-13759,Maria Williams,533.0,118.0
PM-83388-10835,Peter Mclaughlin,1188.0,214.0
HR-77983-57024,Heather Roth,636.0,118.0
AJ-42561-81943,Anthony Jacobs,690.0,122.0
DJ-27996-20688,Danielle Johnson,497.0,91.0
CA-73109-82250,Curtis Allen,872.0,246.0
BG-87651-97071,Barbara Goodwin,1700.0,361.0
MB-32854-12482,Mark Brown,1486.0,254.0
AD-78109-45780,Austin Daugherty,7233.0,587.0
MS-14590-20323,Michael Schmitt,1420.0,301.0
JA-82994-78951,Justin Alvarado,943.0,125.0
BH-10996-92451,Bryan Hopkins,9448.0,1690.0
SJ-96776-16696,Stephanie Joseph,452.0,40.0
CP-21976-35809,Christian Potter,209.0,42.0
JF-17392-44078,Jennifer Flores,1648.0,180.0
AR-93412-63003,Angel Richardson,509.0,136.0
KD-38202-46194,Kari Miller DDS,429.0,128.0
JJ-14357-63344,Joan Jones,11123.0,2910.0
EM-80327-56586,Elizabeth Miller,404.0,114.0
AK-31444-90952,Austin Kennedy,567.0,113.0
BP-16679-54809,Brenda Parker,8556.0,1417.0
AF-20607-24834,Austin Flores,65.0,11.0
RH-32734-48133,Roberta Huber,824.0,128.0
AF-70783-78268,Angela Foster,7102.0,1170.0
AG-77171-17827,Amy Graham,780.0,85.0
DC-63652-18932,Diane Carter,711.0,205.0
WJ-14019-20083,William Jackson,698.0,143.0
JN-52285-32902,Julia Nelson,825.0,198.0
WR-37328-79490,William Rogers,1286.0,214.0
CM-70843-56804,Connie Moss,2371.0,387.0
AB-60192-23434,Austin Bowen,1506.0,191.0
DK-52492-45277,Daniel Knight,889.0,163.0
NF-20291-72954,Nicole Fischer,8430.0,1769.0
MT-92302-74155,Michael Tran,437.0,66.0
SS-91358-41997,Sandra Sullivan,596.0,128.0
JM-67162-72506,Jeremiah Munoz,6796.0,1337.0
DK-53514-66284,Dustin Kramer,1352.0,223.0
AH-46190-83914,Adam Haley,1381.0,140.0
RW-64866-36485,Richard Williams,3170.0,672.0
HB-57327-46680,Hannah Brown,676.0,167.0
CS-69851-47418,Carrie Sanders,51.0,7.0
AR-63935-12381,April Rose,822.0,171.0
VG-93465-15912,Vicki Garcia,890.0,126.0
LR-86914-60758,Latoya Rodgers,893.0,181.0
EM-51780-36738,Eric Martinez,298.0,56.0
TB-53255-90917,Tina Barron,1233.0,160.0
TH-58378-41315,Tracy Henderson,557.0,80.0
SB-62761-11516,Stephen Barnes,75.0,6.0
AK-31865-22255,Ann Knight,5971.0,847.0
VC-48099-73755,Vanessa Clayton,955.0,243.0
JR-96451-14608,Joshua Rodriguez,1229.0,145.0
DR-28406-26361,Dawn Rivera,444.0,80.0
KW-52627-69908,Kristin Wood,410.0,77.0
MB-38419-81284,Ms. Amber Benton,1077.0,239.0
TM-14115-54536,Terrance Martin,679.0,80.0
MG-96014-60670,Michael Gordon,463.0,97.0
CA-41465-98052,Cristian Anderson,1110.0,138.0
LF-37018-26836,Lee Flynn,12172.0,2027.0
CJ-86614-76565,Christopher Keller Jr.,541.0,121.0
ES-87086-40634,Eugene Schmidt,854.0,191.0
JL-53716-44077,Jonathan Lewis,729.0,149.0
AV-60363-67826,Alicia Vasquez,1316.0,274.0
JP-81438-46688,Jennifer Pruitt,139.0,16.0
KH-64038-30702,Kaitlin Hunt,1490.0,289.0
DJ-91542-69667,Danielle Johnson,228.0,32.0
EM-97305-26593,Emily Meza,403.0,31.0
RR-44770-69446,Richard Ramirez,770.0,92.0
BB-23585-98783,Brian Bailey,285.0,84.0
DH-37194-64526,Darlene Haney,567.0,86.0
ML-96077-44374,Matthew Lee,519.0,85.0
KH-72267-53213,Kathryn Ho,9840.0,1407.0
LS-27507-71606,Linda Schneider,9277.0,1337.0
MP-23324-60318,Mark Pena,1360.0,245.0
JC-91568-72984,Joann Clements,417.0,125.0
CH-15724-79028,Caitlyn Hicks,758.0,61.0
RR-71073-81847,Richard Robinson,225.0,46.0
CJ-96328-95047,Courtney Johnston,4494.0,689.0
EC-33384-29138,Emily Cruz,453.0,111.0
KC-82588-34499,Kimberly Cuevas,124.0,18.0
AK-35213-12605,Anna Knight,617.0,125.0
RF-77259-35828,Ryan Fitzpatrick,922.0,147.0
VW-65159-69195,Victoria Williams,892.0,157.0
NW-80343-89219,Nicholas Williams,8320.0,1852.0
JH-15483-17327,John Howard,666.0,85.0
HS-24918-92867,Heather Solomon,1087.0,246.0
JT-61666-10050,Jacob Tucker,7058.0,1287.0
KC-67209-66611,Krystal Camacho,577.0,117.0
DR-66290-24776,Dana Randolph,1712.0,368.0
PJ-72661-18301,Pamela Jensen,777.0,141.0
DR-50191-59243,Daniel Reed,305.0,82.0
MS-23648-35667,Mr. Robert Sims,582.0,73.0
EN-14760-53498,Eric Nguyen,125.0,14.0
AF-97145-70480,Aaron Fox,10783.0,1776.0
ER-90521-22727,Edward Rivera,8765.0,1580.0
TG-63896-80111,Thomas Garrett,1314.0,262.0
AT-74798-39505,Anthony Taylor,254.0,56.0
MB-75924-44669,Mary Bruce,670.0,96.0
AW-36405-63465,Alicia Williams,831.0,131.0
KK-66470-25160,Kimberly Knapp,1105.0,180.0
NJ-39620-85162,Nicholas Jones,755.0,126.0
MW-68071-80857,Mark Wilson,1244.0,315.0
RM-61599-68310,Roger Miller,205.0,27.0
CH-48138-67364,Cheryl Hill,331.0,22.0
JH-88360-43575,Joseph Horne,593.0,82.0
JL-82863-24575,Jo Lewis,480.0,70.0
DE-65827-93089,David Evans,1343.0,223.0
TC-81784-53000,Timothy Cook,806.0,105.0
LH-76318-81953,Linda Herrera,252.0,65.0
DM-17130-15602,Darryl Moran,1362.0,206.0
CB-87584-24187,Charles Brown,797.0,147.0
RH-32197-92643,Robert Hall,6615.0,1550.0
KD-97687-75075,Kevin Davis,1195.0,273.0
KD-85687-67657,Kristen Dean,396.0,47.0
RH-31854-48719,Ryan Hall,1154.0,236.0
CM-91023-28668,Cory Morris,689.0,101.0
SF-28975-61161,Samantha Faulkner,701.0,131.0
OG-29935-64071,Olivia Gomez,763.0,96.0
AM-30199-91161,Amy Martinez,1264.0,287.0
WJ-52655-24769,William Jones,728.0,101.0
JR-22704-17974,Jonathan Reyes,9949.0,1693.0
JH-48822-27052,James Harrison,1143.0,130.0
ML-63910-59275,Michelle Lee,680.0,106.0
MP-89403-64976,Mrs. Jill Perry,1012.0,219.0
DA-76575-92832,Danielle Atkins,658.0,136.0
CZ-22160-19600,Christopher Zavala,11450.0,2538.0
KS-80989-85700,Kelly Smith,1414.0,179.0
NJ-45337-91960,Nicholas Johnston,652.0,86.0
CC-43563-47853,Cody Cole,627.0,112.0
MM-74698-96020,Mr. Matthew Steele MD,82.0,12.0
SA-82751-87693,Sarah Arroyo,725.0,117.0
JG-73743-41302,Jack Gardner,161.0,44.0
AM-54390-57551,Ann Mills,449.0,38.0
EM-98329-35732,Emily Mckinney,216.0,44.0
CL-68732-62435,Cynthia Long,883.0,219.0
LW-39920-12312,Laurie Webb,3123.0,439.0
DW-18053-55881,David Williams,205.0,31.0
GM-33545-26989,Grace Mclaughlin,1153.0,239.0
RH-12943-95842,Robert Hodges,459.0,48.0
MB-18950-91237,Michael Brown,55.0,13.0
LJ-90882-15593,Louis Johnson,9160.0,2459.0
RH-78465-13909,Randy Huerta,2586.0,354.0
JB-22195-76084,John Burke,343.0,68.0
TL-47245-75293,Todd Lopez,1406.0,319.0
RB-43707-55137,Robin Bauer,10446.0,1896.0
DP-70822-99327,Daniel Mccoy PhD,449.0,65.0
CK-31581-80593,Christian Klein,492.0,46.0
LE-30204-59322,Loretta Estes,1055.0,197.0
DG-37546-25593,Danny Grant,1095.0,197.0
AB-38126-56606,Angela Buchanan,678.0,112.0
AH-94028-39517,Austin Huber,343.0,100.0
AS-57907-79442,Abigail Snow,7659.0,1486.0
JD-65929-51106,Jessica Decker,454.0,48.0
AM-33976-24441,Anthony Miranda,2905.0,490.0
JJ-50845-38830,Janice Jones,155.0,37.0
JT-66118-74664,Jeremy Thomas,646.0,128.0
JW-51946-58564,Jason Wilson,9749.0,1703.0
DK-35288-13101,Darlene King,1011.0,147.0
AL-10633-89622,April Levy,332.0,73.0
MH-41799-48805,Michael Holmes,666.0,103.0
VC-84039-20676,Vincent Carson,666.0,174.0
TG-29884-92934,Tim Glenn,2061.0,399.0
RL-86422-43972,Ryan Lee,465.0,85.0
AJ-64385-93894,Alexander James,8748.0,1886.0
MM-38987-12329,Mary Mcbride,1476.0,295.0
JD-35849-54105,Jason Davis,1606.0,368.0
MO-73569-50026,Michael Owen,200.0,52.0
CL-74890-85785,Carla Lam,1327.0,165.0
DC-50225-81508,Deborah Chase,1005.0,215.0
RS-67088-90253,Raymond Shepard,1557.0,329.0
JV-62441-11737,Jennifer Velasquez,5619.0,971.0
MT-50116-16538,Megan Taylor,459.0,88.0
MD-59847-11575,Mr. Bobby Burnett DDS,361.0,54.0
MK-55790-80203,Michael Kirby,342.0,52.0
IC-61631-15342,Isaac Cooper,987.0,122.0
RP-94887-60577,Richard Phillips,1341.0,213.0
NF-30946-30071,Nicholas Fox,171.0,14.0
AT-29233-86704,Ariel Thomas,859.0,113.0
KB-34113-91825,Katherine Burton,1350.0,201.0
AT-36552-37520,Austin Thornton,653.0,43.0
KK-95768-98007,Kelly Kerr,1523.0,265.0
GR-62573-12278,Gina Rice,826.0,230.0
GH-33778-29413,Gary Holmes,517.0,97.0
ES-29616-50143,Erica Sandoval,81.0,8.0
AF-18049-74532,Anthony Figueroa,77.0,11.0
CG-18359-69856,Christian Gilbert,427.0,56.0
DB-89191-62504,Diana Brewer,1279.0,134.0
WR-24190-53886,William Rivera,341.0,25.0
KJ-31714-59838,Katherine Jimenez,9557.0,1503.0
AB-73418-47162,Adrian Barry,562.0,127.0
JT-92248-89924,Juan Tran,9625.0,1712.0
CR-87226-53503,Christopher Reeves,1458.0,327.0
BM-85719-30555,Brian Martin,3426.0,760.0
LM-35063-44102,Lee Miller,935.0,87.0
JP-75727-81810,Joseph Payne,522.0,148.0
DP-48758-83773,Donna Potts,57.0,13.0
JB-10727-91382,Jessica Best,714.0,103.0
AS-67526-45883,Anthony Santos,650.0,77.0
CC-23059-95099,Christopher Castillo,921.0,195.0
CS-42933-12886,Christopher Stevenson,295.0,66.0
GK-23518-73498,Gregory Kline,1185.0,119.0
GJ-27806-94626,Gregory Jenkins,533.0,125.0
AT-77669-76065,Antonio Tate,266.0,68.0
NG-63722-93365,Natalie Gibson,392.0,103.0
SS-57282-93074,Stephanie Sharp,756.0,69.0
AW-84569-53064,Amanda Wallace,379.0,73.0
PW-96176-31771,Peter Willis,465.0,78.0
BG-15628-35509,Brent Garcia,1225.0,202.0
NR-78447-90462,Nathan Rangel,1387.0,188.0
AP-90325-61463,Alexander Pope,496.0,64.0
SJ-68696-10356,Shane Jones,263.0,33.0
NH-89228-55621,Nicholas Hayes,497.0,87.0
JS-47223-59730,John Shaw,8442.0,1627.0
PB-15958-53239,Peggy Benitez,7040.0,700.0
DH-94776-25258,Doris Hopkins,687.0,137.0
MJ-82377-34577,Matthew Jones,1548.0,236.0
MM-94285-95823,Melissa Meyer,1052.0,177.0
AW-92631-94190,Ashley White,10771.0,2449.0
WT-34067-17425,William Thomas,143.0,28.0
BJ-50545-10563,Brittney Jensen,1205.0,143.0
JR-57196-47419,Jonathan Rich,618.0,140.0
TJ-32477-97754,Teresa Johnson,488.0,50.0
TF-26671-22755,Thomas Fowler,786.0,135.0
GG-78355-97379,Gina Gamble,702.0,160.0
EM-71074-81930,Edwin Mays,124.0,14.0
JB-40308-32293,Jacob Burke,330.0,45.0
RR-37580-73944,Robin Rojas,934.0,234.0
JG-43180-63507,Jacob Galloway,5684.0,785.0
JW-41768-72891,Jackson Williams,75.0,15.0
DC-61107-36532,Donald Cole,885.0,84.0
AB-23159-80228,Adam Bowman,735.0,173.0
JB-53918-65041,John Becker,1255.0,146.0
SS-88354-18433,Sean Spencer,143.0,40.0
LM-10232-54322,Linda Montoya,244.0,24.0
AH-85321-53315,Alison Hill,496.0,92.0
JM-96980-48066,Jeffrey Meyer,877.0,129.0
AB-47738-93390,Amber Baker,11255.0,2669.0
PM-24542-68332,Pamela Martin,17518.0,4135.0
LW-57029-35515,Lisa Washington,809.0,127.0
RM-12820-14734,Robyn Mendoza,834.0,192.0
HS-87691-68495,Haley Scott,1629.0,210.0
MW-81707-39090,Michael Woods,1751.0,260.0
JM-61553-89841,Justin Martinez,62.0,4.0
KA-94520-65362,Katie Adams,1771.0,376.0
WG-66025-12933,William Galloway,12269.0,2530.0
KC-79787-71003,Karen Castillo,14675.0,2841.0
RJ-29069-76208,Rebekah Johnson,300.0,76.0
DA-56291-31988,Daniel Allen,1428.0,152.0
LC-20939-13695,Lisa Castillo,378.0,110.0
SY-95929-83685,Sherri Yu,2559.0,538.0
JY-61877-89851,James Young,1609.0,281.0
CL-47887-68000,Courtney Leblanc,8937.0,815.0
DL-50174-41831,Debra Lynch,9418.0,1589.0
JM-39883-98631,Joseph Espinoza MD,1031.0,135.0
KY-39063-23383,Kendra Young,739.0,76.0
AW-64779-37936,Angela Walker,146.0,34.0
LL-57745-81320,Lauren Lopez,254.0,33.0
CM-96533-34765,Chelsea Morrison,450.0,59.0
MW-48592-75049,Melissa Watson,175.0,31.0
PM-39829-34798,Patrick Morgan,907.0,161.0
TP-74565-99036,Tina Perez,598.0,55.0
CW-12174-11499,Christopher Walker,501.0,77.0
SS-93952-69931,Sarah Sullivan,88.0,26.0
BT-24153-35421,Brenda Taylor,724.0,76.0
DN-37761-89393,Donald Nichols,2657.0,448.0
CA-48987-31091,Connor Andrews,1476.0,239.0
MG-86057-82578,Mackenzie Guzman,1921.0,536.0
PW-78694-43352,Preston Wilcox,536.0,115.0
CC-82442-89247,Connor Casey,1816.0,240.0
TE-42133-92925,Timothy Edwards,617.0,74.0
MP-31390-31525,Michelle Parker,852.0,142.0
CC-68819-48954,Crystal Crawford,4939.0,365.0
BM-73700-73036,Benjamin Mahoney,183.0,34.0
CN-57919-58124,Cheryl Nunez,249.0,32.0
JL-99758-29527,Jason Larson,7960.0,1633.0
JH-72269-85824,Jacob Henderson,1151.0,209.0
EE-21616-14759,Elizabeth Elliott,824.0,91.0
EJ-12509-64641,Elizabeth Jones,1333.0,140.0
DA-48211-82971,Dennis Allen,577.0,73.0
MW-72339-81967,Mary Williams,6764.0,1007.0
SE-50450-12457,Sabrina Everett,1672.0,283.0
SD-46954-18568,Stephen David,277.0,74.0
TT-44539-60082,Tom Thompson,1974.0,310.0
HT-67808-15595,Holly Taylor,839.0,163.0
BS-26578-55758,Brian Scott,383.0,45.0
AA-72174-11347,Alex Arnold,1911.0,277.0
BT-61942-46548,Beth Taylor,3723.0,621.0
NC-86256-46338,Nancy Curtis,740.0,139.0
NP-59850-97942,Nancy Patel,229.0,26.0
GC-41703-85779,George Conley,1516.0,176.0
YS-43487-67136,Yvette Summers,1224.0,209.0
TZ-71331-79446,Thomas Zamora,894.0,149.0
KM-23659-33062,Kathleen Martin,926.0,253.0
RU-37338-24729,Randy Underwood,612.0,131.0
RA-52121-21186,Robert Ayala,818.0,93.0
JD-53461-85957,John Dunn,1296.0,191.0
RG-63181-89424,Robert Garrison,529.0,103.0
PW-58688-56791,Phillip Wagner,89.0,12.0
MR-18249-24698,Mrs. Teresa Romero,2018.0,415.0
CB-92688-55612,Clayton Bell,1535.0,293.0
SO-64290-83357,Stephanie Olson,338.0,36.0
CM-83669-31807,Cassidy Morris,425.0,106.0
CP-36453-81694,Christine Patel,178.0,11.0
JR-55709-15463,Justin Roy,115.0,25.0
SW-69073-23864,Samuel White,368.0,86.0
MO-34629-67984,Michael Ortega,1249.0,213.0
RR-16456-10690,Rebecca Reynolds,467.0,61.0
TW-74658-37430,Travis Wilson,706.0,188.0
GW-23769-41589,Gary Wall,1559.0,416.0
AS-81473-64132,Alexis Stewart,352.0,21.0
SW-73046-97588,Sarah Wilson,597.0,47.0
JM-47723-87312,Jean Mcdaniel,5107.0,660.0
TL-49596-54014,Tara Lawson,685.0,142.0
AR-10026-78122,Anna Roberts,1274.0,144.0
RG-26745-40049,Roger Green,1199.0,118.0
TB-30333-14794,Trevor Bishop,440.0,120.0
SF-79674-82227,Samuel Franklin,92.0,12.0
TJ-50953-52170,Thomas Jackson,1470.0,230.0
HC-28160-44479,Heather Cole,596.0,111.0
JG-60193-28706,Jessica Green,1392.0,209.0
JA-21624-79787,Jason Allen,963.0,145.0
MW-99648-79715,Melissa Wallace,1997.0,442.0
LJ-12005-31825,Lance Jones,478.0,82.0
BS-54244-52649,Brian Smith,1916.0,338.0
BS-92376-15102,Brittany Scott,309.0,69.0
GW-47108-35521,George Wright,1728.0,359.0
KM-97398-56127,Katie Moreno,591.0,160.0
KA-15345-57245,Kathy Anderson,754.0,89.0
MC-95472-26879,Matthew Carroll,1136.0,235.0
AD-10655-57001,Adam Delacruz,418.0,108.0
AC-34873-59061,Adam Campos,1947.0,537.0
SB-68082-76320,Samantha Bright,1261.0,227.0
RS-78795-22495,Ryan Sosa,350.0,81.0
MJ-30715-86594,Mrs. Colleen Jones,5783.0,957.0
TJ-17810-75643,Trevor Jensen,1012.0,157.0
CL-55122-99926,Cassandra Lewis,846.0,209.0
TC-93849-56502,Thomas Case,1389.0,282.0
GM-61130-32534,Gina Martinez,661.0,99.0
AL-70098-11971,Amanda Lee,249.0,49.0
MH-26747-92024,Meghan Harper,1077.0,158.0
RJ-36417-74926,Ryan Johnson,75.0,19.0
MP-32411-45333,Michael Patel,1229.0,136.0
MW-41269-75722,Mackenzie Williamson,274.0,21.0
SR-54633-50628,Sheryl Russell,595.0,67.0
CN-13747-43978,Catherine Nguyen,720.0,81.0
TB-24317-92665,Trevor Barrera,10710.0,1865.0
GW-97908-61091,Gina Webb,177.0,16.0
JW-25049-68953,Jordan Woods,544.0,71.0
CC-81835-51848,Cassandra Chaney,486.0,89.0
JL-77565-72298,Joanna Lopez,3083.0,728.0
JF-55754-93990,Joshua Ford,957.0,145.0
NW-21855-45505,Noah Woods,2018.0,246.0
JH-56348-12739,John Hull,165.0,48.0
NS-82732-96348,Nathaniel Swanson,634.0,107.0
CJ-21792-82228,Cassandra Jackson,1032.0,220.0
SH-64620-48042,Steven Hill,595.0,85.0
MJ-51077-63762,Misty Jones,244.0,44.0
JT-19574-70972,Jason Thompson,961.0,147.0
SR-64000-50337,Sandra Roberts,1423.0,209.0
MN-79460-37190,Mercedes Nguyen,13731.0,2934.0
CT-82361-13651,Crystal Thomas,797.0,152.0
GD-38034-88937,Gloria Dominguez,6383.0,1030.0
DH-47038-59108,Dennis Hamilton,508.0,107.0
YB-69383-94049,Yvonne Brooks,649.0,140.0
JD-32159-63742,Jennifer Hall DVM,3661.0,809.0
KL-89883-15955,Kristen Lloyd,372.0,37.0
CG-70370-63844,Christopher Gibson,478.0,85.0
JT-67758-81599,Jason Thomas,457.0,100.0
GL-60679-37286,Gregory Lee,1777.0,382.0
AW-32297-92632,Andrea Williams,389.0,60.0
GM-96243-91171,Gregory Dennis MD,1050.0,101.0
MR-88417-91126,Marissa Rose,234.0,19.0
HS-23016-55933,Holly Sanchez,531.0,52.0
NB-20165-67163,Nicole Bell,1384.0,231.0
RH-96511-11279,Ryan Hancock,441.0,129.0
SM-53674-80765,Stephanie Martinez,1987.0,240.0
MP-46870-17832,Matthew Pittman,2164.0,481.0
CA-60935-88019,Christina Anderson,370.0,81.0
ML-30364-53863,Michelle Lee,1247.0,187.0
LN-40784-52464,Linda Nichols,1071.0,212.0
MB-42748-40932,Michelle Brown,50.0,5.0
BH-35651-57383,Billy Houston,375.0,64.0
TS-17540-14002,Teresa Smith,487.0,79.0
SA-46248-17168,Sean Abbott,6703.0,1108.0
AO-64951-28363,Ashley Ortiz,68.0,9.0
CD-74092-73828,Carla Davis,1849.0,348.0
KD-28999-68782,Katelyn Hunter DDS,8356.0,1552.0
WC-50804-22479,William Cook,443.0,109.0
DT-22071-13987,Dr. Benjamin Thomas,1507.0,235.0
DS-78854-13198,Daniel Smith,21746.0,3326.0
MH-38661-95138,Matthew Harris,55.0,12.0
JJ-40402-46650,John Jones,1418.0,148.0
MS-51473-87907,Maria Salazar,806.0,90.0
TJ-14124-26598,Tina Johnson,3463.0,687.0
BS-69755-86221,Brandon Smith,10611.0,1971.0
BL-28064-67072,Belinda Larsen,385.0,81.0
CH-98204-15193,Cheryl Henderson,651.0,149.0
LB-43171-40951,Leah Bennett,2314.0,339.0
AJ-95065-11878,Alicia Johnson,1419.0,224.0
MM-36409-30451,Marc Miller,1097.0,297.0
EJ-61671-93231,Eric Jones,1374.0,213.0
AM-31416-26335,Alexander Mueller,292.0,77.0
CP-59797-29972,Christopher Pollard,366.0,21.0
RH-77281-61366,Richard Henderson,1598.0,368.0
SS-94493-89324,Susan Sanchez,1378.0,172.0
JW-36846-34795,John Wright,605.0,78.0
SH-12100-72502,Stephen Holmes,316.0,66.0
DL-20353-99249,Dr. Parker Lee,59.0,3.0
LR-33775-86076,Linda Rose,808.0,130.0
KD-20119-33756,Kristopher Delgado,105.0,24.0
AS-42939-28329,Alejandro Stewart,71.0,18.0
RG-39479-82648,Robert Gordon,1612.0,241.0
DR-24934-64147,Darren Rios,341.0,42.0
LM-81172-16139,Latasha Murphy,3132.0,327.0
KH-40161-26242,Katie Hahn,976.0,141.0
JG-72369-48530,Jennifer Gardner,8078.0,1701.0
TM-11321-10175,Travis Shaw MD,1566.0,329.0
KB-11535-74205,Kevin Burgess,506.0,39.0
DO-35782-18369,Daniel Owens,406.0,44.0
MH-82193-64899,Michelle Higgins,1147.0,164.0
MA-32513-75037,Melissa Allen,361.0,85.0
RM-49305-87334,Robin Mathis,1088.0,280.0
GC-65340-56646,Glenn Cook,421.0,84.0
HC-20564-31595,Holly Coleman,944.0,179.0
TH-28445-20880,Tammy Harrell,524.0,83.0
PG-48385-81723,Phillip Graham,1102.0,156.0
JH-98758-52556,Joshua Hanson,717.0,76.0
AR-64551-75843,Audrey Ross,1238.0,255.0
NH-10366-91921,Noah Hicks,713.0,121.0
LO-45918-73710,Lawrence Olson,921.0,199.0
KV-95642-70262,Kevin Vega,480.0,115.0
GJ-38738-53953,Gabrielle Jones,321.0,49.0
BW-74952-57993,Becky Wilson,151.0,40.0
AW-36113-27444,Amber Wagner,426.0,103.0
JR-86375-52602,Juan Rivera,821.0,149.0
EH-95114-70498,Elizabeth Horne,532.0,118.0
MR-52905-81968,Matthew Reed,5303.0,953.0
BA-63761-51610,Brian Anderson,320.0,71.0
JL-98752-90838,Jacob Lucero,728.0,137.0
TS-31050-11686,Tracy Sanders,72.0,7.0
KN-49739-39287,Kathleen Norris,1304.0,323.0
WG-93062-91780,Wendy Gilbert,662.0,64.0
NC-17807-70017,Nicholas Coffey,1396.0,237.0
CR-67241-97604,Christopher Russell,3239.0,721.0
MM-61614-47772,Marcus Montgomery,424.0,62.0
IK-19513-28826,Ian Kemp,2171.0,304.0
TR-43788-22385,Tracy Reyes,630.0,136.0
MS-41110-20439,Miss Kimberly Santos,1115.0,256.0
RS-61241-69951,Renee Scott,899.0,127.0
BS-61749-46627,Brian Schmidt,207.0,15.0
EG-19747-14695,Eduardo Garcia,310.0,38.0
JH-25136-29227,Jessica Hale,379.0,91.0
EC-53441-17913,Eric Cantu,472.0,27.0
MM-36885-86275,Maria Jones MD,439.0,85.0
RB-48996-66252,Ronald Banks,2135.0,229.0
JH-70647-93462,Jeffrey Hurst,551.0,115.0
VG-74405-56980,Vanessa Gallegos,618.0,136.0
SM-86028-88314,Steven Mcintyre,446.0,84.0
SF-51889-29877,Shaun Fox,1381.0,221.0
AG-74708-10381,Allen Glass,2191.0,366.0
TR-67403-73049,Troy Ramirez,652.0,65.0
JT-29258-42568,Jennifer Tanner,1037.0,100.0
CH-49918-66836,Christopher Hamilton,501.0,128.0
AS-65936-26565,Anita Schultz,291.0,59.0
LW-62777-96638,Laura Watson,1443.0,222.0
JT-33597-78029,Jason Taylor,313.0,23.0
ML-69029-24751,Matthew Li,411.0,102.0
MH-41078-69752,Mario Hughes,4804.0,951.0
JJ-36417-97579,Justin Jenkins,550.0,107.0
NW-95992-98275,Natasha White,1446.0,248.0
AM-84488-13801,Angela Mitchell,698.0,185.0
CR-12533-92959,Christine Rodriguez,17692.0,3126.0
DT-43078-86864,Daniel Thompson,718.0,162.0
JR-24435-32538,Jesse Roberts,660.0,125.0
EW-42424-50770,Erika Walker,291.0,17.0
CW-72728-87095,Crystal Wright,1487.0,214.0
GH-37703-86007,Greg Hatfield,410.0,64.0
MH-95751-96119,Marc Hogan,1216.0,232.0
BH-68299-24105,Billy Hall,2586.0,305.0
AS-71373-98200,Angel Snow,294.0,51.0
AB-52864-19349,Andrea Barber,613.0,148.0
PR-92861-85106,Patricia Robinson,1484.0,194.0
KR-70781-31406,Katrina Robinson,8289.0,1603.0
KM-42498-43189,Kim Mullins,135.0,16.0
JR-87562-47870,John Reyes,1044.0,100.0
JD-46104-18231,Jill Bennett DVM,1542.0,143.0
KC-95384-64418,Kimberly Carter,6074.0,1239.0
HK-38113-63718,Hannah Krause,142.0,12.0
AC-85864-30556,Ariel Castaneda,8502.0,1386.0
KA-39572-19223,Karen Ashley,375.0,58.0
DJ-59041-43493,Danielle Jones,7474.0,1395.0
CR-34085-64098,Christopher Rogers,1242.0,133.0
JB-96175-41444,Jason Buckley,900.0,111.0
NC-50730-68117,Nicole Cannon,1470.0,294.0
SB-28746-92330,Shaun Blake,375.0,99.0
TH-43043-98271,Tristan Hopkins,6595.0,1790.0
RD-84883-40549,Russell Davis,291.0,23.0
SP-27649-50996,Stephen Perry,649.0,181.0
RH-22467-11569,Robert Hall,1262.0,143.0
LC-64489-60823,Lacey Callahan,10387.0,1848.0
JW-16562-45893,Jerry Wallace,540.0,152.0
RA-20888-23565,Robin Adams,1042.0,155.0
LB-43281-27899,Lauren Bailey,4099.0,866.0
LM-70715-91384,Laura Mckenzie,9141.0,1718.0
GC-10919-33985,Garrett Castillo,1561.0,217.0
CH-96707-44607,Carla Hernandez,1849.0,274.0
JM-11846-87549,Joseph Martinez,52.0,12.0
RA-59537-40366,Robert Arnold,8429.0,2402.0
ZN-35371-72671,Zachary Newman,701.0,98.0
TA-54594-74670,Tammy Anderson,1072.0,235.0
LW-86171-16339,Leonard Walker,276.0,72.0
CK-17071-16539,Catherine Kaiser,53.0,6.0
BM-70433-24397,Brian Martinez,476.0,92.0
TC-45469-39278,Todd Christian,204.0,51.0
EG-33112-12075,Eric Green,384.0,99.0
DW-27608-78785,Darrell Ward,904.0,94.0
JK-34913-34324,Jack Kaufman,548.0,87.0
AO-32187-39496,Antonio Ortiz,1203.0,207.0
WD-45498-81089,William Day,1075.0,208.0
TM-31958-49489,Timothy Parker MD,412.0,57.0
SS-44480-74630,Sarah Simpson,1340.0,251.0
BK-67778-79047,Brandi Klein,1631.0,224.0
TB-43284-61503,Travis Bennett,15529.0,2644.0
MB-17076-64347,Ms. Kristi Beck,12143.0,2329.0
DS-68248-22959,Danielle Sanchez,1049.0,154.0
CS-63254-62499,Cameron Stanton,1188.0,244.0
BC-10130-48911,Bryan Chavez,986.0,170.0
HY-97348-30785,Holly Yang,397.0,54.0
MS-80169-25456,Michael Sawyer,1095.0,187.0
JF-26369-38446,Jonathan Fox,820.0,99.0
DF-63409-66299,Douglas Flores,837.0,193.0
GL-29391-58878,Gary Little,347.0,73.0
MJ-88605-20721,Miguel Johnson,624.0,66.0
WG-33958-91238,Wayne Gray,464.0,133.0
ZM-57804-78905,Zachary Murillo,369.0,43.0
DA-68746-62980,David Anderson,1275.0,119.0
CS-25497-34412,Charles Schultz,1523.0,222.0
BS-82447-34851,Billy Smith,402.0,81.0
LH-57540-66145,Louis Hernandez,215.0,14.0
VG-87879-42875,Victoria Graves,66.0,19.0
JD-93333-54751,Joseph Davis,1029.0,150.0
AH-33944-69882,Allison Henry,1071.0,208.0
PL-40305-11334,Paula Long,777.0,180.0
JM-87283-66851,Justin Miller,733.0,180.0
JJ-23063-37828,Jesus Johnson,521.0,55.0
GH-37588-79191,Gregory Harris,817.0,142.0
MJ-55326-90140,Maria Jimenez,869.0,87.0
DB-97628-38666,Diane Brown,481.0,46.0
JP-61039-13597,Jordan Perry,1137.0,185.0
AB-69611-75087,Adam Blevins,315.0,56.0
CM-64875-51384,Caroline Mack,70.0,8.0
JD-62867-11320,Justin Duncan,234.0,56.0
LH-38656-51048,Latasha Henson,382.0,52.0
TP-15598-78952,Tammy Pratt,686.0,119.0
WT-92826-76230,Wyatt Taylor,53.0,10.0
ER-69258-61162,Evelyn Riddle,835.0,101.0
JM-41777-61041,Julie Mason,257.0,30.0
RR-55410-50004,Ryan Reyes,1610.0,184.0
PW-73676-43479,Patrick Williams,804.0,114.0
JM-16716-89736,John Meyer,938.0,230.0
GJ-94971-68707,Gary Jackson,347.0,35.0
MR-70298-89806,Michael Rangel,730.0,153.0
KP-36596-72301,Kayla Phillips,739.0,186.0
TM-18231-66465,Tina Martinez,204.0,33.0
ES-37023-37684,Eric Smith,858.0,97.0
DD-66284-24796,Darlene Davis,8308.0,1526.0
CC-36096-44572,Caitlin Cox,161.0,19.0
JN-37212-21239,Jared Nelson,269.0,71.0
AT-86673-58597,Adrienne Taylor,6148.0,1825.0
BA-54732-42330,Bradley Arnold,182.0,17.0
DS-48352-38766,Dana Smith,970.0,198.0
KS-11425-75015,Kyle Scott,1191.0,176.0
TT-29608-93309,Timothy Turner,79.0,19.0
SH-43159-70560,Scott Hill,8024.0,1478.0
JS-74623-50319,John Sellers,8695.0,1298.0
RT-59984-84702,Rachel Thomas,247.0,47.0
CM-72016-58707,Christopher Mendoza,325.0,47.0
HO-48623-77610,Hannah Ortiz,6916.0,1288.0
BW-23087-88232,Brett Watts,1078.0,198.0
DR-52343-66250,Dawn Reynolds,8721.0,1481.0
CP-77635-24339,Cheryl Petty,171.0,50.0
TW-13685-29317,Thomas Wood,569.0,120.0
BB-27884-44027,Benjamin Burns,787.0,179.0
KJ-81015-28093,Kirsten Johnson,1323.0,151.0
LR-81851-87671,Laura Reyes,1689.0,212.0
MS-44694-39096,Michael Smith,352.0,48.0
TG-48819-76640,Timothy Galvan,220.0,30.0
LM-80635-92617,Lori Martinez,1073.0,186.0
AC-68072-21610,Amanda Castillo,374.0,64.0
DG-55109-31268,Dana Giles,311.0,72.0
WS-89047-17672,William Stuart,515.0,89.0
RM-70668-98322,Robert Moore,431.0,50.0
GJ-28211-39869,Gerald Jackson,1181.0,147.0
CH-27353-11120,Christina Harrison,486.0,36.0
AJ-26929-15092,Alexander Johnson,337.0,71.0
MD-40363-13959,Mike Dunn,12313.0,2137.0
BB-76152-87955,Brittany Blackwell,1058.0,285.0
JJ-49183-38629,Joseph Jenkins,1959.0,359.0
SR-26640-58164,Sean Richard,158.0,45.0
LS-95116-52637,Louis Smith,9396.0,1827.0
MK-84547-65030,Michelle Kirby,9886.0,1729.0
JC-96741-99028,Julie Costa,683.0,122.0
GB-73265-87667,Gabriella Bennett,450.0,48.0
TB-90433-50564,Todd Best,419.0,60.0
KC-95715-77161,Kevin Cain,353.0,41.0
ME-91167-94595,Mario Evans,140.0,17.0
CB-68436-57638,Catherine Brown,240.0,62.0
LH-50102-78667,Linda Huber,10875.0,1684.0
BP-28460-60928,Brianna Powell,1441.0,343.0
SR-79724-43056,Samantha Ramirez,978.0,252.0
AH-29166-50132,Aaron Harrison,1138.0,219.0
LM-69884-81564,Lucas Morrison,1014.0,221.0
DM-14281-91679,Daniel Miles,494.0,122.0
JH-35830-51100,Joseph Hoffman,198.0,31.0
DE-65483-50210,Dawn Espinoza,556.0,50.0
KG-56522-46379,Kellie Galvan,440.0,52.0
MC-65191-85626,Maria Carroll,246.0,25.0
MM-77774-82327,Melanie Martin,1499.0,288.0
JF-90592-56267,Jason French,307.0,32.0
EQ-12012-78213,Erica Quinn,986.0,87.0
LM-30248-16616,Linda Acevedo MD,1990.0,341.0
DT-75079-56076,Deborah Thomas,259.0,52.0
RM-38557-39076,Rebecca Murillo,7548.0,1101.0
MJ-50370-59423,Megan Jordan,1106.0,222.0
CB-88424-79349,Chad Barajas,834.0,129.0
LB-32568-13353,Larry Burton,1394.0,256.0
JD-27583-13787,Jennifer Diaz,1817.0,427.0
CD-22876-29036,Christina Miller DDS,297.0,31.0
CV-54268-63356,Christine Vang,390.0,27.0
DS-83340-50373,Deborah Salazar,1020.0,110.0
TF-97080-16450,Tracey Ferguson,568.0,158.0
JR-95395-47243,Juan Romero,625.0,80.0
SM-77630-23463,Stephanie Manning,1217.0,199.0
JC-47632-22437,Jordan Carroll,1521.0,320.0
BW-35808-70090,Becky Wilson,363.0,20.0
AJ-45650-68003,Austin James,809.0,155.0
JV-85105-27553,James Vaughn,507.0,49.0
IW-57437-67094,Ian Whitney,1550.0,240.0
CR-46423-40691,Caroline Rodriguez,8037.0,1102.0
JS-97184-18125,Jenny Simpson,627.0,121.0
CB-67652-78312,Crystal Bailey,1159.0,248.0
MA-86269-12801,Mr. Manuel Anderson,13212.0,2101.0
VL-73960-37005,Victoria Li,1104.0,176.0
AB-46970-33675,Ashley Boyd,294.0,59.0
FJ-15574-15806,Francisco Jones,910.0,119.0
WM-65339-93067,William Miller,839.0,103.0
LM-98014-35952,Lisa Mitchell,202.0,35.0
DP-67403-54330,David Parsons,295.0,53.0
TT-70258-13470,Tracy Torres,480.0,96.0
JM-43801-44743,Jennifer Mercer,15245.0,2869.0
WC-49667-46818,Whitney Curtis,336.0,95.0
AB-55133-48924,Angela Browning,816.0,223.0
JS-69337-51865,Jacob Sherman,239.0,33.0
AR-51691-28262,Andrea Rodriguez,587.0,104.0
SC-79811-22583,Sherry Coleman,382.0,87.0
HJ-88073-82531,Heidi Johnson,962.0,155.0
KS-58211-42927,Kathleen Stein,171.0,22.0
KC-55982-38565,Kathleen Cox,11069.0,2145.0
TG-70612-93032,Tracy Garcia,271.0,57.0
BD-21021-54273,Brian Delgado,2962.0,276.0
CS-40654-80932,Christopher Smith,1269.0,231.0
RR-16525-40153,Randy Reed,8707.0,1284.0
SW-19860-94790,Steven White,488.0,39.0
NM-11991-56917,Nicholas Martinez,1293.0,153.0
SB-17101-96194,Samantha Brown,771.0,112.0
SR-26336-28631,Sarah Rodriguez,708.0,73.0
MP-77602-75197,Michelle Peters,900.0,140.0
RP-19763-57454,Richard Perez,1254.0,287.0
DC-46592-65818,Darlene Chambers,11825.0,2032.0
HM-85153-76985,Harold Marquez,1485.0,260.0
NL-33121-16771,Nicholas Lawrence,545.0,72.0
RD-53181-19696,Rachel Dawson,1010.0,148.0
JB-47973-57911,Joshua Boyer,1535.0,314.0
MM-30866-41529,Michael Shelton MD,10499.0,2230.0
AD-54875-77131,Angela Daniel,1208.0,181.0
SB-52802-23714,Scott Brown,780.0,164.0
BH-78617-82033,Brady Henderson,1772.0,305.0
BH-17513-93506,Barbara Hill,912.0,210.0
ES-60517-38590,Eileen Sullivan,803.0,129.0
VH-62638-97487,Victoria Huang,10959.0,2278.0
JB-28618-12084,Jennifer Brooks,2485.0,226.0
MM-54610-83724,Marisa Marshall,208.0,48.0
BC-48288-36330,Brandon Castro,347.0,75.0
JE-87073-35418,Jamie Evans,524.0,135.0
JS-52990-76812,Joseph Silva,312.0,68.0
AB-33025-61427,Amanda Barker,1564.0,327.0
RY-70691-76823,Richard Young,215.0,28.0
AP-89904-84874,Alison Phillips,1412.0,241.0
WM-76658-66491,Wendy Morris,141.0,27.0
AH-43947-94394,Amy Hill,771.0,110.0
BM-57274-44249,Brent Martinez,432.0,77.0
DT-71164-34970,Drew Tucker,425.0,41.0
DA-25025-13600,Dr. Zachary Alexander,1426.0,333.0
JB-19866-90296,Justin Brown,16252.0,2480.0
BG-91278-53536,Bianca Gonzales,386.0,50.0
NB-30211-39165,Nicholas Bell,1163.0,248.0
BJ-88342-40364,Bobby Johnson,1513.0,285.0
WB-81038-30589,William Boyle,424.0,100.0
TB-87978-93897,Tammy Bridges,15195.0,2884.0
SJ-57479-78485,Sarah Johnson,7972.0,2135.0
KB-23295-16186,Katherine Bentley,840.0,173.0
MS-50928-25700,Mariah Shaw,892.0,184.0
SG-48435-68516,Suzanne Green,238.0,68.0
AR-92738-13853,Anthony Rivera,7208.0,1525.0
DW-85319-18907,Daniel Walker,870.0,163.0
CW-50222-73439,Cody Werner,631.0,152.0
DF-64953-14199,Derek Fisher,1338.0,324.0
JH-64111-71488,Jeffery Haynes,895.0,163.0
WH-40029-48070,William Holt,1468.0,233.0
CH-90800-51701,Christopher Henry,543.0,42.0
JC-58976-92013,Jared Chapman,254.0,48.0
LF-93279-17184,Lori Figueroa,8928.0,1246.0
LT-84108-93637,Luis Thompson,428.0,81.0
GM-47889-63060,Gabriel Martinez,613.0,129.0
AS-35118-49138,Abigail Stewart,367.0,44.0
MM-58537-52381,Michael Mckee,1093.0,206.0
HS-37465-63709,Heidi Shaw,305.0,54.0
CH-60188-30043,Christopher Hensley,1034.0,236.0
MA-60707-57367,Margaret Armstrong,1142.0,310.0
BF-63788-53091,Brooke Fields,3440.0,471.0
DM-23379-71170,David Miller,4506.0,609.0
GC-45857-42689,Geoffrey Cook,60.0,4.0
BS-20174-96311,Brandi Soto,4182.0,545.0
AP-13059-12791,Aaron Pollard,2779.0,189.0
AM-69369-73727,Arthur Miller,603.0,115.0
DY-12175-95196,Dawn Young,459.0,50.0
MT-98325-17009,Mary Taylor,899.0,95.0
DB-26024-25838,David Brown,439.0,106.0
RD-60741-91002,Rhonda Dixon,749.0,103.0
HM-47577-68395,Heather Moore,1692.0,465.0
DP-23054-85822,Debbie Parsons,1139.0,273.0
SB-82516-93364,Sarah Black,10419.0,1486.0
AS-68237-58982,Andrew Stanley,3896.0,794.0
KJ-83270-72119,Kevin Johnson,141.0,13.0
MC-88258-18615,Michelle Castaneda,1240.0,193.0
RM-33875-90078,Renee Middleton,1248.0,196.0
RC-97523-25696,Robert Chavez,210.0,23.0
JW-70948-24930,Jeffrey White,683.0,138.0
TW-51632-50626,Timothy Williams,494.0,70.0
CH-18603-13835,Christina Holmes,1012.0,95.0
RH-79086-67882,Robert Harris,427.0,42.0
AG-34574-16708,Amanda Grant,494.0,83.0
WS-69331-78521,William Sutton,2028.0,551.0
JW-92888-70506,Jacob Wright,135.0,23.0
CH-73118-14384,Christopher Howard,139.0,23.0
MJ-17676-78999,Michelle Jones,11154.0,2285.0
RM-96746-92882,Robert Moon,724.0,147.0
KB-43269-74899,Katrina Brock,218.0,45.0
JB-95042-80753,Jonathan Bates,414.0,69.0
DB-92260-68300,Dakota Bush,937.0,99.0
MB-37976-51917,Michael Blake,912.0,256.0
KG-68113-62791,Kyle Gordon,2397.0,404.0
CS-50113-15016,Charles Stafford,922.0,167.0
RH-57983-22195,Rachel Henderson,344.0,98.0
AR-12834-51042,April Robinson,514.0,55.0
BB-86953-69112,Bianca Baker,252.0,30.0
MJ-40589-61125,Mario Jacobson,18632.0,3228.0
JR-31756-44957,Judy Ramsey,638.0,166.0
SC-30415-90121,Sarah Crawford,444.0,78.0
JM-40731-24197,John Mccarthy,562.0,104.0
MA-88497-65472,Makayla Andrade,9565.0,2004.0
DS-41204-29330,Dylan Simpson,605.0,114.0
PJ-96471-27278,Paul Jones,1130.0,177.0
RR-87809-33469,Randall Reyes,19969.0,3712.0
MS-81758-67783,Maria Sutton,1384.0,211.0
AL-35648-28467,Amy Lopez,469.0,47.0
KK-50776-63793,Katherine Kim,793.0,172.0
MH-16721-37890,Matthew Harris,657.0,87.0
IW-29065-98301,Ian Wilson,691.0,135.0
MG-20444-67198,Michael Glover,297.0,79.0
SG-72853-66554,Sarah Garcia,838.0,151.0
BC-36217-67780,Briana Chavez,750.0,153.0
RC-22915-32974,Richard Coleman,1836.0,322.0
EW-59082-81749,Elizabeth Walker,1162.0,200.0
AM-33907-53625,Amy Moore,919.0,137.0
AO-28382-11225,Alicia Osborne,1255.0,297.0
NG-93148-69696,Nathan Gonzalez,208.0,53.0
JG-92938-75661,Jennifer Graves,70.0,16.0
SH-38716-67169,Summer Hernandez,670.0,122.0
LR-93019-30704,Laura Rivera,817.0,235.0
CB-86753-44940,Casey Burgess,1126.0,220.0
PK-99098-98834,Patricia Key,319.0,49.0
SO-58826-49430,Shawn Oconnor,566.0,103.0
JG-18788-91896,Jared Griffith,331.0,60.0
PF-36440-52016,Paul Franco,333.0,21.0
LC-12127-79119,Leslie Clark,195.0,55.0
PS-13494-80066,Paula Sanders,760.0,123.0
CJ-93109-55101,Carrie Jones,183.0,35.0
CA-37465-58300,Cynthia Armstrong,440.0,73.0
MC-89324-33094,Michelle Chang,406.0,34.0
MG-99636-68766,Monica Greer,690.0,163.0
SM-60111-64273,Steven Mckee,76.0,19.0
EG-66056-52745,Evan Green,1188.0,177.0
MP-45172-40399,Miss Lindsay Harris PhD,506.0,47.0
JY-14933-42597,Jeremy York,295.0,53.0
BR-14993-74197,Bradley Rojas,971.0,206.0
RC-40614-51689,Ricky Chase,6119.0,1031.0
CK-73060-48760,Corey King,584.0,111.0
RE-55007-27693,Robin English,1977.0,281.0
DB-91340-11960,Daniel Beltran,8312.0,1428.0
WJ-27433-30390,William Jones,1464.0,282.0
KK-65335-35559,Kevin King,421.0,48.0
VH-69340-80056,Victoria Hines,2051.0,528.0
KJ-85041-76293,Katherine Jones,884.0,117.0
BS-63095-21840,Barbara Scott,5494.0,857.0
DR-16265-11114,David Richard,5333.0,807.0
ZS-85160-76941,Zachary Shaw,353.0,43.0
JH-65390-51067,Jennifer Hughes,1153.0,151.0
JC-75374-71610,James Clayton,312.0,74.0
DH-51110-55149,David Hardin,315.0,24.0
AL-90836-58711,Amy Lucas,646.0,115.0
AP-11600-37522,Abigail Price,429.0,72.0
MV-89528-88795,Michael Velasquez,925.0,225.0
KR-24712-67558,Keith Rodriguez,1804.0,178.0
JR-82255-29337,Jeffrey Russell,2834.0,499.0
RJ-47409-45297,Robert James,1184.0,260.0
TM-85250-45764,Tammy Mendoza,1188.0,176.0
PS-11732-10901,Patrick Stewart,86.0,20.0
WW-20157-40881,Wayne Wilkinson,908.0,174.0
WW-37747-25668,Whitney Waters,605.0,61.0
KK-61978-94434,Kevin Kelly,650.0,106.0
AT-92376-30447,Anna Thomas,68.0,14.0
NM-40543-91811,Noah Mendoza,4215.0,707.0
SC-75771-75975,Sean Cabrera,252.0,39.0
SR-13197-88089,Sara Ramos,1029.0,196.0
EH-72198-23815,Ellen Hicks,550.0,31.0
RT-20914-68134,Roger Thomas,6350.0,1201.0
KJ-56289-37473,Kaitlyn Johnson,9097.0,1618.0
WR-59775-23488,William Rodriguez,619.0,130.0
RF-44064-69829,Rose Freeman,483.0,65.0
RW-97685-51605,Rebecca Williams,751.0,170.0
LN-93291-54904,Linda Nolan,233.0,30.0
JD-85236-95158,Jeremiah Day,1130.0,202.0
AJ-65349-21776,Angel Jensen,425.0,93.0
ST-91747-58573,Summer Taylor,1256.0,248.0
JM-63324-75871,Joel Maldonado,416.0,53.0
MM-21085-88458,Michael Mccarty,8627.0,1649.0
MW-83040-57212,Mark White,418.0,73.0
SD-29981-31111,Sara Davidson,996.0,216.0
CP-49280-40028,Christina Pierce,232.0,31.0
KW-45421-11830,Kelly Wise,869.0,102.0
BH-41321-99844,Brittany Hansen,6010.0,1081.0
KW-20182-39762,Kylie Weiss,352.0,36.0
JL-97782-91371,Jeremy Larson,300.0,57.0
MM-91039-98424,Matthew Mercado,212.0,29.0
DB-67824-84326,Dana Buckley,482.0,130.0
JM-93947-16620,Joy Murray,832.0,169.0
SJ-96919-20596,Stacey Jones,108.0,30.0
JA-86558-61391,Jeffrey Anderson,865.0,184.0
JH-76394-66768,James Hawkins,481.0,24.0
CT-18322-46793,Charlene Trevino,183.0,23.0
JN-34090-13146,Jillian Newton,688.0,149.0
RW-76391-63741,Richard Wilson,1587.0,318.0
DH-99507-17911,Dalton Hodge,652.0,155.0
RT-11919-73933,Robert Turner,14463.0,3480.0
TP-16390-61446,Travis Perkins,920.0,175.0
TM-19316-82790,Tiffany Mendoza,892.0,109.0
AG-86756-64152,Alexandra Gray,406.0,69.0
SS-75378-41379,Sharon Shields,452.0,46.0
NC-32779-65541,Natalie Cook,1516.0,243.0
RM-19857-17800,Robert Marshall,331.0,39.0
JJ-38475-37920,Jennifer Joseph,266.0,47.0
CC-29378-54924,Crystal Cruz,1053.0,193.0
SB-50447-82841,Scott Bryant,5456.0,978.0
JR-25938-39310,Jennifer Rogers,436.0,56.0
TC-82782-30501,Tanya Crawford,469.0,73.0
JJ-25484-40656,Joshua Jensen,1717.0,199.0
KW-20289-64572,Kimberly Walker,1010.0,227.0
MM-51168-14617,Mr. Eric Murray,1054.0,237.0
RM-31042-11067,Roger Mason,1437.0,163.0
NW-35760-52224,Nicholas Watts,365.0,45.0
TW-22135-61127,Tanya Williams,398.0,20.0
JG-12574-23946,Jacob Gutierrez,597.0,125.0
DW-91690-91722,David White,1068.0,213.0
EC-29636-88950,Erin Christensen,486.0,114.0
EV-90823-53939,Erin Velasquez,1107.0,265.0
EM-92079-34967,Elizabeth Hall MD,122.0,32.0
CM-72355-91028,Carol Miller,844.0,206.0
KP-40091-64343,Kevin Perez,985.0,250.0
TT-17410-35829,Terrance Torres,663.0,82.0
KH-72684-24792,Kristy Hernandez,479.0,98.0
AR-29175-35129,Adam Roy,736.0,158.0
JM-45035-54767,Jeanette Morgan,296.0,74.0
EF-50893-30628,Elizabeth Floyd,1197.0,166.0
SM-24300-78782,Samuel Moreno,3513.0,864.0
AH-35660-63247,Angela Hardy,350.0,101.0
JM-50828-32648,Jonathan May,1097.0,240.0
JL-33818-25650,Jacqueline Lopez,875.0,134.0
KL-45938-99102,Keith Lindsey,1921.0,141.0
DV-98104-55307,David Vincent,1097.0,160.0
MR-20550-40826,Michael Robinson,820.0,88.0
MS-14332-82678,Marcus Stevens,5923.0,1092.0
TS-53990-60858,Teresa Shaffer,1484.0,303.0
WL-90359-45847,Wesley Larsen,676.0,48.0
BJ-27602-29821,Brian Jenkins,12265.0,2599.0
AL-90929-86023,Anthony Lewis,808.0,150.0
KW-68719-40669,Kevin Warner,1025.0,159.0
KJ-52236-19126,Kyle Jones,936.0,110.0
MH-88883-81060,Michele Hunter,8168.0,1452.0
RW-48262-85933,Ryan White,548.0,111.0
AH-14620-93101,Aaron Hicks,374.0,88.0
RT-51711-20731,Rebekah Tanner,263.0,24.0
DC-24191-39004,Dominique Cameron,909.0,216.0
AL-80482-62914,Alan Lopez,349.0,21.0
RS-92401-49048,Robert Sims,882.0,168.0
DH-95028-80226,Debbie Hutchinson,1317.0,268.0
SC-59215-78384,Spencer Chavez,696.0,80.0
DD-69611-55746,Daniel Duran,554.0,165.0
MT-65675-67484,Matthew Trujillo,684.0,71.0
LT-67728-10927,Loretta Taylor,668.0,122.0
NH-39023-40217,Nicole Holt,2378.0,403.0
TM-82942-20547,Tammy Murphy,1826.0,406.0
PH-48967-88327,Paula Hobbs,594.0,102.0
MW-14671-47621,Michelle Wilkins,2652.0,668.0
RW-66840-68977,Ruth Wilson,1193.0,221.0
SB-47061-42123,Sylvia Brown,1949.0,360.0
RW-63436-71482,Rhonda Wilson,1499.0,157.0
MC-78826-54048,Mitchell Carter,676.0,68.0
VH-80670-68858,Virginia Horton,894.0,135.0
MS-43519-21058,Michael Smith,1647.0,223.0
NM-97090-59233,Nicholas Miller,297.0,30.0
JG-71331-13984,John Gross,946.0,200.0
DS-92727-78046,Daniel Stout,1276.0,222.0
JM-83377-44076,John Miller,824.0,244.0
TS-37879-20654,Tara Smith,6614.0,1132.0
PH-80703-13735,Patrick Hopkins,387.0,107.0
MM-63760-13228,Madison Mccarty,1410.0,272.0
NT-98349-65616,Nathan Thomas,4218.0,828.0
RH-53699-13753,Rickey Hess,517.0,91.0
HR-43074-58236,Holly Ramirez,2362.0,613.0
AH-87976-35564,April Hunt,488.0,75.0
JC-30321-84862,John Clark,2235.0,251.0
PM-22852-84625,Peter Mccarthy,11934.0,2440.0
JA-21228-62998,Jessica Alvarado,1072.0,282.0
KN-56130-74708,Kellie Nguyen,346.0,58.0
PB-98089-98197,Perry Brown,368.0,67.0
AR-36860-56318,Andrew Ruiz,446.0,48.0
DE-46248-81535,Dennis Espinoza,777.0,68.0
RB-87730-53081,Robert Bartlett,631.0,160.0
AC-34796-38448,Ariel Castaneda,764.0,108.0
CS-46629-97610,Charles Santiago,635.0,132.0
KS-99480-64274,Kenneth Scott,15337.0,2721.0
DH-11055-95233,David Hayes,2426.0,382.0
WW-84321-91533,William Wright,192.0,27.0
ZL-48661-86391,Zachary Lopez,868.0,131.0
EB-92825-43568,Erin Bass,1394.0,214.0
JF-53161-57059,Jill Flores,611.0,53.0
NM-86982-54491,Nathan Snyder MD,8924.0,1184.0
RT-71377-55136,Ryan Thompson,339.0,58.0
JC-50279-13159,Jessica Chandler,109.0,27.0
KW-30190-71194,Kelly Wallace,401.0,116.0
EL-81062-97129,Eric Larsen,1682.0,382.0
RH-67447-97632,Robin Hartman,668.0,153.0
KN-48623-91649,Karen Nguyen,108.0,10.0
TT-72933-11601,Thomas Tate,196.0,41.0
JB-96784-90053,Jack Barton,469.0,43.0
AT-58465-82637,Annette Thomas,1588.0,426.0
RF-17670-86436,Randall Fry,690.0,155.0
DA-50770-49416,Daniel Armstrong,964.0,214.0
AS-46414-37110,Alex Small,106.0,20.0
JC-47819-21243,Jacqueline Cooper,179.0,26.0
CM-43260-55637,Cheyenne Martinez,4174.0,488.0
PE-69471-71879,Pamela Elliott,1304.0,84.0
IW-12852-70418,Ian Wolfe,402.0,62.0
NH-90004-94369,Nicholas Hart,1303.0,207.0
LH-12038-16157,Latasha Hamilton,1228.0,245.0
CM-27018-91052,Craig Moran,862.0,182.0
CL-73589-63064,Carlos Lane,328.0,81.0
KF-82312-56776,Kathleen Fox,6044.0,737.0
PS-58901-30755,Paul Sullivan,649.0,59.0
LL-95907-42507,Lorraine Logan,924.0,140.0
AH-52882-30869,Alexander Hernandez,891.0,101.0
SW-63552-34058,Stephen Watts,1132.0,217.0
PM-32236-82394,Patrick Moore,199.0,60.0
AH-94179-56096,Angela Herrera,1667.0,291.0
DK-58819-59750,Dana Knight,686.0,127.0
ER-15031-49179,Eric Ramirez,933.0,142.0
DE-25703-74309,Dana Edwards,449.0,47.0
RA-38018-56298,Robert Anthony,311.0,64.0
SK-60962-96263,Susan Kidd,2597.0,315.0
MD-20488-81588,Michelle Davis,3013.0,844.0
PM-21605-54934,Parker Martinez,1027.0,102.0
JB-51754-26484,Jacqueline Bass,382.0,85.0
HM-82325-76082,Hannah Moody,897.0,65.0
KC-93517-14408,Kimberly Crawford,11639.0,2041.0
MK-37545-42498,Michael King,1297.0,135.0
MR-29848-95904,Maria Rodriguez,1472.0,279.0
DF-80447-68437,Devon Foster,13217.0,2145.0
DG-61841-23014,Daniel Graham,11484.0,1587.0
JJ-99768-81778,Joyce Jordan,8584.0,1389.0
JW-40189-81853,Jared Williams,776.0,75.0
JK-92247-14080,Jamie Klein,328.0,25.0
CO-11550-24793,Christopher Obrien,412.0,68.0
JH-39636-40535,Justin Hamilton,1614.0,281.0
CM-43989-12505,Charles Macias,56.0,5.0
RA-22283-56339,Robert Aguilar,707.0,136.0
KG-95310-44342,Kimberly Gamble,822.0,167.0
JW-30788-67369,John Wolf,419.0,82.0
EM-94846-53252,Elizabeth Martin,1629.0,312.0
KR-31825-96399,Kyle Robertson,1027.0,212.0
SL-27354-20915,Steve Lowery,708.0,102.0
JB-72157-61176,John Bryant,231.0,56.0
SE-72908-80181,Sharon Erickson,555.0,141.0
PT-98108-39423,Patrick Terry,1525.0,279.0
CK-82575-96653,Colleen Keller,977.0,208.0
RG-21084-91246,Ryan Green,1180.0,228.0
CP-78509-79988,Craig Peck,1355.0,183.0
JL-38059-37991,Jeremy Lawson,566.0,78.0
BW-94618-14337,Bryan Williams,680.0,123.0
OC-18881-79161,Oscar Clark,401.0,84.0
RW-16209-98767,Robert Ward,2091.0,537.0
MA-46328-84457,Martin Acevedo,149.0,28.0
WC-16252-27436,William Cobb,2207.0,171.0
SH-87412-66170,Sean Hooper,830.0,146.0
RM-68306-27129,Rachael Meyer,750.0,162.0
MD-30187-42848,Mrs. Christine Keller DDS,1672.0,237.0
TN-46901-65061,Thomas Newton,512.0,41.0
CJ-68163-15317,Christina Jordan,16205.0,2539.0
SM-12897-87756,Stephanie Miller,1042.0,204.0
EN-71452-39022,Erica Nelson,145.0,16.0
DS-69671-44412,Debbie Silva,1716.0,277.0
FB-88391-37973,Frank Baker,539.0,75.0
DK-47154-52655,Dylan Kelley,906.0,67.0
JM-96905-60688,Jamie Mcclain,9601.0,1549.0
PS-73291-78322,Penny Smith,1816.0,277.0
SW-22739-55117,Sarah Watson,10680.0,1923.0
JN-44336-21374,Jerry Navarro,120.0,19.0
SH-25079-97987,Sarah Hayes,557.0,110.0
DM-61805-81985,Dr. Michael Bolton MD,217.0,48.0
LP-68745-37207,Loretta Patrick,608.0,68.0
AR-99245-41257,Amy Russell,1218.0,203.0
KS-40274-23732,Kenneth Sullivan,193.0,21.0
ST-50246-96883,Steven Thomas,336.0,25.0
SM-93745-64882,Suzanne Miller,588.0,98.0
LM-69740-54896,Lauren Morales,528.0,146.0
AN-18319-45015,Anthony Nelson,1385.0,245.0
EG-25674-87079,Elijah Garner,23852.0,3182.0
KH-90694-52574,Kristina Harrell,1403.0,269.0
MF-21235-83589,Melanie Fisher,946.0,255.0
RP-74357-79611,Rodney Prince,1904.0,284.0
RO-57157-43929,Renee Oconnor,1039.0,94.0
DK-12672-73044,Diana Kelly,7115.0,751.0
SB-71916-20188,Shelly Brown,1005.0,163.0
KH-40374-14544,Kenneth Hall,1688.0,346.0
SD-43733-91153,Susan Diaz,1179.0,280.0
KF-97888-35546,Kimberly Freeman,14988.0,3408.0
GC-53263-95755,Gary Carter,496.0,100.0
RS-74503-38105,Randy Savage,14365.0,2040.0
SW-97598-16862,Shannon Wheeler,748.0,111.0
CJ-32015-31201,Charles Jones,645.0,157.0
RR-21650-37525,Rhonda Roberts,731.0,99.0
MC-18789-86482,Marissa Chang,612.0,60.0
CA-70835-76829,Christopher Arellano,216.0,59.0
MR-47404-85938,Mark Raymond,246.0,29.0
NL-53404-75979,Nicole Love,450.0,61.0
AD-65669-96333,Angela Davis,1322.0,126.0
NS-55117-43653,Nathan Scott,322.0,61.0
DL-32839-11001,Donald Love,6411.0,1466.0
LZ-90911-79771,Leah Zavala,16818.0,2770.0
LJ-32363-17134,Lisa Johnston,610.0,133.0
SM-65457-51695,Sarah Martin MD,682.0,85.0
AM-10414-47718,Andrew Mayo,949.0,165.0
BG-24599-67510,Brenda Golden,59.0,10.0
EH-60970-53093,Erica Hudson,718.0,96.0
KM-26550-87436,Karen Mendez,233.0,59.0
ZA-56236-90340,Zachary Anderson,10535.0,1533.0
BT-42519-70318,Brittany Thomas,9163.0,1754.0
CM-58259-81165,Cindy Mitchell,1024.0,166.0
DM-65915-18081,Derrick Macdonald,1252.0,204.0
MH-68727-29106,Michael Hartman,532.0,133.0
MS-96031-38860,Michael Smith,10621.0,1930.0
TN-47911-71101,Timothy Nelson,2003.0,358.0
KS-18749-81691,Karen Spence,406.0,117.0
DG-55305-76206,David Gallagher,1380.0,309.0
AK-70999-41786,Aaron King,726.0,95.0
TO-45403-14844,Tracy Obrien,531.0,91.0
AM-65445-58660,Amy Murphy,1803.0,251.0
TG-76768-89813,Tiffany Gonzalez,1306.0,248.0
DR-71172-47257,David Rogers,630.0,102.0
RS-88560-73468,Ryan Sanders,1762.0,359.0
KS-64456-49579,Kathy Simmons,768.0,125.0
KH-39041-63495,Kenneth Harris,10429.0,2348.0
EF-92922-14924,Elizabeth Fernandez,458.0,80.0
KZ-80284-23712,Kevin Zamora,983.0,106.0
LA-59909-74975,Linda Avila,1769.0,384.0
EM-77958-89351,Emma Mitchell,163.0,27.0
BW-80437-61588,Brian White,911.0,107.0
MR-36241-49130,Mrs. Emily Ross,711.0,141.0
MH-19194-10409,Mary Harrington,1814.0,188.0
YB-86625-43083,Yvonne Barrett,460.0,64.0
JH-90620-32429,James Haas,311.0,73.0
DG-51691-85732,Danielle Garcia,750.0,51.0
JB-22646-72130,John Brown,513.0,69.0
DT-11416-84773,Dale Thomas,395.0,31.0
EH-66017-37186,Eric Hoover,396.0,98.0
CF-47654-89825,Christina Farmer,111.0,31.0
PR-86198-63060,Penny Rosario,3154.0,491.0
JJ-54881-87519,Jennifer Johnson,579.0,108.0
DN-99601-78102,Dawn Novak,9299.0,1700.0
CC-31640-59965,Caroline Carroll,849.0,152.0
SG-42974-37135,Samantha Gallagher,441.0,105.0
CW-57684-45047,Christopher Wilkinson,8028.0,1491.0
GJ-43156-45944,Glenn Jackson,425.0,93.0
EJ-92423-98219,Eric Johnson,1095.0,135.0
TW-48994-97008,Tammy Wiggins,536.0,63.0
MC-80476-65131,Michelle Chapman,2041.0,437.0
RC-38700-16670,Richard Callahan,1086.0,199.0
BG-67051-33894,Brian Glenn,775.0,169.0
RM-76391-68746,Renee Mercer,380.0,24.0
JM-48026-35999,Jared Martinez,1612.0,301.0
ED-49912-20837,Elizabeth Delgado,610.0,83.0
JB-17993-83072,Joshua Bonilla,551.0,36.0
DC-74607-28496,Dr. Jeffrey Campos,931.0,213.0
EG-44601-66318,Emily Garcia,10536.0,1858.0
SR-30274-59692,Scott Rogers,447.0,46.0
KW-40004-64706,Keith Walker,115.0,10.0
JJ-67426-64134,Joseph Jackson,1475.0,199.0
EF-87394-25376,Emily Fowler,8562.0,1882.0
JW-13027-79396,Jeanne Wheeler,4727.0,502.0
WA-54183-34996,William Alvarez,2092.0,324.0
AW-71886-81284,Angie Washington,425.0,88.0
MK-40472-25025,Mark Krueger,7942.0,1285.0
MA-62595-78526,Michael Allen,278.0,63.0
LB-81442-46295,Lisa Brown,467.0,79.0
SH-72808-31468,Samantha Harrison,357.0,59.0
KR-84462-87262,Krystal Rice,242.0,52.0
SS-57706-60795,Stacey Simmons,8395.0,556.0
CH-76834-70538,Christopher Harris,1320.0,205.0
CS-42373-91781,Cynthia Short,9294.0,1849.0
MY-82924-59272,Mariah Young,6623.0,843.0
TH-34976-84138,Theresa Hays,351.0,30.0
JD-79410-72698,Julie Warren DDS,10120.0,1656.0
CR-87373-17907,Christopher Richards,700.0,175.0
PK-82012-93334,Peter Kelly,374.0,96.0
DS-42179-86334,Dean Sanchez,740.0,102.0
AR-55547-87368,Alex Ray,788.0,151.0
HD-66980-56824,Heidi Davis,15960.0,2745.0
ER-43751-34284,Elizabeth Roberts,295.0,70.0
RR-82462-47246,Robert Reed,297.0,29.0
TR-97714-63055,Tabitha Ramsey,741.0,190.0
PM-19523-68367,Peggy Miller,645.0,124.0
RM-68509-67971,Rebecca Moody,985.0,208.0
BA-23520-48841,Bobby Ashley,766.0,188.0
RS-49385-27806,Rhonda Simmons,920.0,176.0
AN-92345-69333,Albert Nelson,317.0,78.0
HH-53850-28157,Heather Hensley,558.0,91.0
AJ-80679-49840,Alicia Jones,928.0,141.0
PB-95155-65597,Phillip Booker,164.0,16.0
AW-94671-13352,Angela Wilson,7899.0,1281.0
PJ-59347-17718,Paul Johnson,13948.0,2693.0
TS-26685-82169,Thomas Schultz,1461.0,234.0
LJ-56144-14839,Lisa Jones,153.0,29.0
ME-20756-95750,Matthew Esparza,489.0,74.0
NJ-24269-90727,Nicholas Jones,1280.0,202.0
JP-25350-64080,Jacob Perkins,154.0,10.0
RH-31165-26201,Robert Hines,207.0,61.0
LG-23232-66068,Lauren Gonzales,624.0,74.0
RH-10342-84614,Robert Hoffman,1709.0,338.0
ER-90602-44278,Erika Rose,834.0,157.0
MM-35762-63710,Mr. Gregory Mendez,346.0,25.0
TB-81546-83642,Taylor Baldwin,27867.0,4552.0
TK-60026-32354,Tanya Kaiser,5886.0,1069.0
TJ-47226-46192,Terry Malone Jr.,866.0,194.0
JM-58482-74188,Jennifer Martin,524.0,83.0
TM-71080-84415,Tonya Hunt MD,566.0,43.0
JS-50655-69183,Jeremy Soto,20937.0,4245.0
SB-65966-36942,Shannon Brown,1327.0,229.0
EW-97192-96924,Eric Williams,4443.0,1197.0
IN-51974-46950,Isabel Nelson,679.0,95.0
KC-89889-88773,Kayla Cruz,682.0,89.0
HM-34129-73258,Holly Moreno,282.0,80.0
MW-47621-55169,Mr. Robert Wolfe,1811.0,259.0
SD-48823-71400,Shannon Davis,464.0,96.0
MC-84855-75994,Megan Calderon,907.0,93.0
MG-46727-66136,Mason Gonzalez,3273.0,774.0
SB-37195-76223,Stephen Burton,376.0,34.0
BS-95518-82326,Brittany Shaw,171.0,32.0
DB-28045-17668,Debbie Bowers,2094.0,279.0
LD-45858-42937,Lauren Diaz,1690.0,283.0
MZ-76401-10473,Mary Zamora,7176.0,1311.0
LM-91954-69619,Lori Mora,836.0,187.0
CS-28256-55439,Christopher Soto,594.0,159.0
TB-20367-49787,Terry Boone,1681.0,226.0
BC-10333-84670,Brian Compton,1067.0,159.0
JC-48451-96970,Joanne Colon,527.0,132.0
DR-32697-22457,Diane Ramirez,12005.0,987.0
HH-36096-71628,Hayden Harrison,418.0,63.0
JM-74200-61963,James Moon,414.0,122.0
BC-67322-49476,Bonnie Coleman,1181.0,264.0
EM-37546-85634,Elizabeth Miller,157.0,23.0
SR-53381-49891,Stephanie Reese,439.0,89.0
DD-18303-90136,Deborah Dickson,617.0,169.0
JR-82218-19287,James Rivers,829.0,138.0
ML-29836-11837,Melissa Lamb,4262.0,771.0
MR-65181-33472,Madison Roman,927.0,120.0
DB-41471-94463,David Brooks,861.0,107.0
KB-25684-36663,Kaitlyn Beasley,835.0,119.0
JR-43299-25988,Jennifer Roberts,1283.0,207.0
PB-46991-76316,Patricia Berger,973.0,244.0
CW-74088-60093,Christopher Wilson,671.0,149.0
AP-63264-88786,Adam Palmer,1138.0,190.0
TT-73978-68073,Traci Thompson,337.0,58.0
LD-54568-75748,Lori Stephens DDS,1061.0,191.0
TF-17455-18522,Tamara Frost,399.0,105.0
NH-59231-19530,Nicole Horn,823.0,103.0
CB-39640-99136,Caroline Brooks,595.0,125.0
MR-87240-34473,Mike Robinson,68.0,13.0
DN-77775-78931,David Nguyen,436.0,48.0
AW-63500-19603,Amber Williams,895.0,136.0
CW-65959-18770,Carolyn Winters,595.0,151.0
VG-10246-10006,Victoria Griffin,941.0,219.0
KP-78744-18245,Kelsey Perez,378.0,74.0
JS-85509-52134,Jacob Smith,584.0,117.0
JJ-86264-95498,Jack Johnson,794.0,134.0
MS-72806-64658,Melissa Suarez,3647.0,888.0
LA-76525-94476,Laura Austin,528.0,128.0
KS-32438-35053,Kim Sellers,1002.0,292.0
CS-95296-42166,Carol Soto,3363.0,475.0
KB-51539-87301,Kimberly Ballard,383.0,31.0
DW-32787-34960,Douglas Wright,310.0,51.0
EC-28622-67690,Erik Cooper,761.0,101.0
DG-79252-30630,Debra Green,608.0,55.0
AB-42125-27723,Alan Bennett,558.0,56.0
VM-83659-99426,Vanessa Martin,855.0,217.0
BM-92476-48538,Brittany Murray,292.0,60.0
JC-82817-36198,Joyce Cervantes,1901.0,275.0
DS-96080-42716,David Sharp,1213.0,292.0
EW-12372-31926,Ebony Watson,1092.0,213.0
DM-81113-29865,Dr. Angela Miller MD,1266.0,230.0
DJ-22965-28485,Danielle Jackson,386.0,98.0
SH-18302-20104,Steven Huffman,1568.0,357.0
JK-51483-35560,Jasmine Koch,449.0,84.0
AP-40130-20876,Alexandria Patel,729.0,51.0
AL-77166-20764,Andrew Li,893.0,166.0
MR-15021-85958,Mark Ruiz,337.0,38.0
AC-91144-12637,Amy Cooper,2343.0,548.0
BJ-17790-94790,Brandon Johnson,378.0,109.0
DE-21907-39428,Destiny Eaton,877.0,170.0
MD-58615-42414,Martin Davis,1403.0,296.0
CF-38775-51869,Christine Fry,1144.0,210.0
CM-55130-71209,Christine Miranda,8111.0,1417.0
TM-64285-19478,Tony Mcmahon,206.0,34.0
DC-35238-64081,Daniel Crosby,108.0,6.0
DH-45580-58399,Derrick Hutchinson,609.0,77.0
RR-33168-10542,Raymond Ross,670.0,166.0
JE-40140-79142,Jessica Evans,1059.0,159.0
KW-47455-35507,Kimberly Williams,974.0,85.0
MD-52408-81844,Michael Davis,761.0,141.0
KJ-55390-73637,Kathryn Jackson,609.0,134.0
SD-45962-54684,Samuel Daniel,293.0,23.0
MO-19569-31472,Michelle Oneill,1337.0,318.0
FF-35713-72493,Felicia Franklin,841.0,165.0
MD-43969-10426,Michael Davis,713.0,138.0
WA-38522-16416,William Avila,654.0,113.0
NH-38668-89660,Nathan Hamilton,395.0,66.0
BR-83597-58410,Brian Reed,472.0,137.0
KJ-46493-73290,Kimberly Jordan,247.0,38.0
AG-94742-49260,Amanda Gonzalez,598.0,153.0
CC-38279-12211,Christina Cruz,764.0,170.0
DL-75703-81306,Douglas Lee,6976.0,979.0
HH-45075-79672,Heidi Herring,844.0,212.0
JJ-45561-62023,James Joyce,1290.0,238.0
SM-41062-83671,Steven Mueller,132.0,21.0
MD-71685-43216,Matthew Allen DDS,273.0,62.0
TC-35041-48334,Todd Carter,917.0,166.0
JR-97900-39685,Jennifer Ryan,9162.0,1353.0
AR-30918-29467,Angel Robbins,141.0,13.0
CR-89312-62927,Christine Rivera,3394.0,723.0
RC-93085-23186,Ryan Cruz,573.0,144.0
DP-33092-74827,Denise Patterson,438.0,105.0
AL-78939-61420,Ashley Lopez,577.0,66.0
TP-84951-48302,Theresa Park,162.0,43.0
AC-46882-50425,Amanda Chapman,242.0,38.0
JM-38503-92059,Jon Mathews,658.0,68.0
RC-46637-76772,Rebecca Campbell,261.0,40.0
TW-19722-15521,Tanya Watson,1135.0,240.0
JM-10458-66921,Jeffrey Mclaughlin,1335.0,280.0
MC-24027-55927,Mary Collins,892.0,195.0
AK-57782-15424,Ashley Kerr,812.0,139.0
VL-94373-34332,Valerie Lewis,1177.0,166.0
GR-63651-53948,Gary Ruiz,904.0,171.0
LM-64420-20917,Lindsey Moore,653.0,156.0
LS-25349-71773,Linda Spears,473.0,136.0
MK-89695-68303,Michael King,1129.0,184.0
TL-30439-13791,Tim Lane,170.0,34.0
PG-76756-34121,Phillip Grant,1288.0,316.0
CM-70565-79996,Christopher Murphy,1995.0,293.0
MD-10472-68712,Melanie Daugherty,1739.0,442.0
ML-49406-57929,Mia Lopez,951.0,159.0
MV-84958-51886,Michelle Vargas,214.0,48.0
MW-70728-74707,Margaret Willis,669.0,125.0
CR-50495-64582,Christine Reynolds,9244.0,1686.0
RF-72542-10481,Rachel Fernandez,444.0,116.0
JB-15139-49149,Jasmine Bryant,2059.0,282.0
DC-20081-90994,Denise Case,867.0,220.0
JP-45971-68753,Julie Perez,762.0,130.0
SC-94845-57097,Stephen Cohen,367.0,64.0
JM-34408-49259,Jill Allen MD,944.0,145.0
TW-94295-87182,Timothy Wright,254.0,37.0
SE-66772-38160,Susan Eaton,530.0,118.0
KG-47620-26604,Kayla Guzman,1087.0,204.0
KF-35266-28000,Kevin Frazier,1054.0,149.0
HB-48093-79895,Hannah Blake,339.0,100.0
DS-65159-35505,Deanna Sanchez,1276.0,306.0
CM-16617-44297,Christopher Morgan,510.0,86.0
KM-26824-17899,Kristin Martinez,392.0,61.0
SS-77048-87115,Scott Stone,634.0,89.0
LB-23029-56714,Lisa Bennett,578.0,101.0
JR-51481-80584,Joseph Ross,5639.0,831.0
EO-61117-85811,Eric Osborn,515.0,124.0
IW-34707-76069,Isaiah Williamson,91.0,23.0
JM-91601-22881,Jason Mcgee,237.0,39.0
TS-86947-63674,Tammy Salazar,9525.0,1594.0
JK-69446-22260,Julia Krause,283.0,16.0
JR-74679-56129,Joanne Ramirez,8531.0,1087.0
LM-20373-35045,Lisa Martin,852.0,166.0
DW-29472-42684,David Wiggins,478.0,55.0
AW-88665-92006,Anne Wright,594.0,103.0
JB-26302-37139,Judy Brown,1547.0,250.0
EP-90762-27269,Emily Powell,929.0,155.0
SM-12346-95564,Stephanie Mccarthy,1078.0,157.0
KS-15399-61047,Kathleen Sanchez,597.0,100.0
MP-17041-12989,Monique Pace,360.0,37.0
PF-71554-83026,Phyllis Ferrell,1054.0,142.0
MM-49817-62222,Melissa Martin,7026.0,1327.0
DB-37216-18345,Donald Berry,640.0,143.0
CZ-40352-92707,Christine Zuniga,9240.0,1099.0
AK-47922-93644,Alyssa Knox,189.0,35.0
LS-80283-64596,Louis Simon,746.0,143.0
CR-55128-22598,Cody Richardson,2118.0,314.0
FA-56562-93168,Fernando Aguirre,658.0,99.0
RG-24241-11640,Robin Garza,2035.0,430.0
RW-64652-25509,Raymond Williams,9918.0,1830.0
FJ-99788-46133,Fred Johnson,1294.0,218.0
JW-28460-24249,Jordan Weiss,115.0,13.0
PS-84258-38770,Patricia Sanchez,896.0,179.0
ZS-47085-66973,Zachary Smith,606.0,118.0
CC-57276-54640,Carolyn Clark,1468.0,232.0
VB-63028-57815,Veronica Brewer,1682.0,299.0
KW-78313-11247,Katelyn Webb,1045.0,269.0
GM-68458-26448,Gerald Moore,326.0,95.0
JW-10122-69300,James Wilson,5058.0,1408.0
MP-38801-14731,Mark Gonzalez PhD,952.0,164.0
NR-98874-85142,Nathan Rodriguez,111.0,21.0
MH-95489-83870,Mary Harvey,70.0,7.0
JS-11108-48044,Jeffrey Sanders,649.0,150.0
DP-59047-29825,Darlene Turner PhD,515.0,60.0
ES-93494-65081,Eric Snow,191.0,10.0
JE-58444-33825,Jessica Erickson,611.0,110.0
JF-73663-47562,Julia Ferguson,1656.0,403.0
PV-59429-32601,Phillip Valdez,1181.0,172.0
TF-17394-28636,Thomas Ford,439.0,98.0
RW-12215-65984,Richard Walker,3203.0,291.0
HP-87415-26824,Hunter Patrick,260.0,49.0
PB-44994-11963,Pamela Benitez,264.0,60.0
WS-50419-14005,Wendy Sanchez,236.0,47.0
TJ-92967-42548,Tyler Johnson,870.0,182.0
MD-94679-79366,Mark Davis,2749.0,538.0
MF-77718-79008,Mrs. Michelle Fuller,3114.0,380.0
VM-37785-79839,Veronica Myers,383.0,82.0
GH-81603-64816,Gregory Hernandez,10882.0,2191.0
BM-51261-44533,Brittany Willis MD,6047.0,1247.0
CR-94361-10482,Caitlin Roberts,1151.0,179.0
SH-80197-54385,Scott Haynes,634.0,113.0
JN-95471-52333,Jose Norris,1376.0,209.0
JM-17197-97761,Jessica Mcneil,768.0,156.0
AO-20337-79722,Alejandro Oneill,298.0,86.0
CM-74951-65791,Charlotte Munoz,666.0,119.0
DD-86473-75009,Derek Davis,646.0,131.0
KC-19086-59747,Kathryn Calderon,513.0,93.0
MP-83934-89747,Mark Pacheco,10425.0,3031.0
CH-45019-79466,Cristian Herrera,647.0,126.0
SK-77266-49335,Samantha King,642.0,167.0
DT-81093-13051,Denise Thornton,223.0,20.0
LE-34314-42064,Lisa Evans,979.0,139.0
AT-27853-40887,Amanda Thompson,443.0,74.0
AV-29173-22730,Ashley Vasquez,2368.0,416.0
WH-20575-76250,Wesley Hayes,1082.0,137.0
CF-22507-22577,Caleb Ford,2054.0,242.0
SJ-34578-28066,Seth Johnson,1471.0,234.0
MN-53617-13045,Martin Nelson,778.0,107.0
KC-59574-18786,Krystal Chan,10462.0,2055.0
KM-48745-12976,Kristi Martinez,536.0,137.0
TY-40179-98410,Thomas Yates,793.0,92.0
KM-47953-19656,Kevin Meadows,327.0,91.0
RS-23169-91797,Robert Spears,2229.0,251.0
SR-23217-86050,Shannon Richard,912.0,155.0
MJ-76133-81946,Melanie Jackson,6993.0,1593.0
AB-28076-42865,Alex Brown,104.0,11.0
JH-94869-75132,Jeanette Hughes,455.0,46.0
JO-43650-94464,James Ortega,148.0,39.0
JS-82576-76578,Jeffery Scott,1450.0,239.0
IJ-39247-41787,Isaiah Johnson,562.0,103.0
MR-89480-90323,Matthew Romero,358.0,32.0
CR-62574-97744,Crystal Reed,22088.0,4209.0
JS-26099-63924,Joshua Smith,308.0,63.0
JS-72746-42858,Jeffery Small,1288.0,322.0
JM-43866-53379,Jacqueline Little MD,1002.0,201.0
MJ-59800-42233,Michael Jones,1822.0,395.0
SM-67765-30438,Stanley Meza,144.0,29.0
SM-92662-21835,Stacey Mccarty,770.0,181.0
MB-29338-96104,Melissa Brown,469.0,126.0
CM-79872-81843,Carl Morris,2076.0,406.0
AP-26396-45514,Ashley Pham,1002.0,148.0
TM-89042-57270,Timothy Morrow,3477.0,577.0
MG-44206-17391,Michael Gonzalez,352.0,76.0
DD-66303-46409,David Davis,145.0,37.0
MM-29670-53876,Melissa Mosley,1006.0,98.0
CG-80883-95300,Christine Garcia,115.0,21.0
BW-39901-76930,Beverly Williams,244.0,22.0
MP-50378-27046,Morgan Pierce,184.0,13.0
PT-22928-90166,Paula Tanner,1343.0,352.0
AM-90270-25789,Ashley Miller,254.0,17.0
SB-38365-67138,Sarah Boone,169.0,13.0
WH-21826-87059,William Holmes,1447.0,265.0
CH-90690-45144,Cathy Hunter,1402.0,295.0
CM-44142-66871,Carl Mckenzie,1329.0,122.0
LJ-97438-28228,Larry Johnson,1071.0,133.0
NC-80964-13986,Natalie Carlson,576.0,70.0
JO-32069-88839,Joel Orr,470.0,79.0
EW-55409-44997,Elizabeth Weiss,13447.0,1574.0
PF-91323-26993,Paul Ford,981.0,197.0
KM-58267-54874,Kathleen Mccormick,392.0,82.0
HL-46667-73915,Haley Lucas,60.0,9.0
JK-15694-24857,Jeffery Kim,1790.0,208.0
JD-52604-17788,Jason Long DDS,7381.0,1304.0
CM-75693-77968,Colin Moore,466.0,78.0
NT-33251-69148,Nicholas Terry,1352.0,219.0
AK-24484-33720,Alexa Kelley,1163.0,156.0
KR-36448-87494,Kathleen Robbins,1438.0,265.0
AG-89175-13328,Andrew Garcia,393.0,56.0
MS-71804-15205,Matthew Sellers,1015.0,135.0
LJ-17265-74435,Lonnie Johnson,330.0,50.0
JH-30865-26175,Jamie Holland,474.0,39.0
KA-32501-93698,Katherine Anderson,642.0,100.0
CW-73775-22510,Christopher Walsh,636.0,68.0
ML-77225-15652,Michael Larson,942.0,212.0
KF-56647-98154,Kimberly Franklin,1861.0,350.0
CD-74488-50390,Clifford Donaldson,1598.0,126.0
DZ-45474-36607,Dean Zavala,550.0,132.0
TN-66824-21337,Tina Nelson,98.0,19.0
NM-32179-24234,Nicholas Mcdonald,1668.0,367.0
EG-23061-48044,Elizabeth Gallagher,135.0,17.0
KS-14857-40580,Kathryn Spears,1471.0,237.0
JV-81140-39051,Joe Vargas,344.0,64.0
DB-49271-74507,Dr. Benjamin Baker,569.0,128.0
DR-77987-56525,Dustin Richardson,370.0,40.0
JM-31543-45981,Jeffrey Maldonado,9207.0,2555.0
LG-35428-36225,Laurie Gonzales,2493.0,457.0
RE-99643-50020,Regina Edwards,8041.0,1499.0
AC-28290-72370,Ashley Cantrell,229.0,55.0
JW-13991-58420,James Willis,745.0,131.0
BA-66593-99928,Brandon Allen,1029.0,150.0
MH-85919-94495,Mary Hansen,412.0,30.0
AM-44303-28032,Anne Morrison,1092.0,169.0
MM-78100-22694,Michael Maldonado,244.0,56.0
RM-61376-43412,Rebecca Mccarthy,1894.0,285.0
RS-49254-35032,Ronald Smith,1176.0,119.0
TH-27185-26168,Tamara Hoover,474.0,120.0
WO-66871-67421,Wyatt Orozco,12276.0,2218.0
JW-26483-62001,John Wallace,371.0,86.0
RJ-80283-87689,Rebecca Johnson,194.0,54.0
MW-12721-44904,Melissa Wade,772.0,186.0
LF-91428-63807,Lori Fox,1046.0,188.0
AB-34415-61658,Angel Bridges,272.0,39.0
AB-58762-47319,Alyssa Barnett,259.0,36.0
JP-64969-40373,Joann Peterson,819.0,112.0
MC-20267-18215,Michele Compton,2347.0,371.0
CA-79535-55106,Chase Allen,1972.0,361.0
AT-12514-82456,Amanda Thomas,476.0,80.0
AP-71150-41288,Anthony Perez,12435.0,2465.0
JT-31555-92569,John Tyler,13165.0,2552.0
CC-20809-87919,Colleen Cooper,1132.0,232.0
JK-61912-31518,Jordan Kramer,2249.0,539.0
MW-23970-80973,Marilyn Wilkinson,232.0,60.0
WJ-56931-60626,William Jackson,475.0,67.0
KB-50195-24068,Kayla Brown,223.0,26.0
VW-51025-93708,Valerie Wright,858.0,168.0
AC-17397-86685,Andrew Cervantes,397.0,65.0
ED-24640-74997,Erin Davis,1233.0,194.0
BP-23634-60226,Brittany Pierce,419.0,58.0
DH-69526-57385,David Harris,220.0,35.0
MC-97623-71308,Melissa Clarke,1563.0,321.0
ST-97902-24016,Susan Thompson,874.0,202.0
CL-43317-91001,Caitlin Lane,1065.0,183.0
NR-64008-39897,Nancy Reilly,461.0,27.0
RV-44782-33238,Rebecca Vincent,370.0,90.0
AS-17178-85788,Amy Smith,613.0,114.0
SC-78893-29349,Scott Chase,992.0,200.0
KH-53531-42749,Kevin Horn,6965.0,1027.0
TG-91674-84793,Timothy Griffin,630.0,168.0
JR-77917-41381,Jose Rosales,2568.0,367.0
SM-17120-42994,Steven Montoya,1010.0,221.0
SF-48607-47120,Steven Foster,2272.0,355.0
ML-90107-27603,Melvin Lopez,468.0,38.0
DT-49383-72843,Duane Trevino,560.0,161.0
SG-10785-54890,Steve Gutierrez,101.0,19.0
CS-51045-14644,Chelsea Schneider,105.0,28.0
BA-23878-72268,Brian Allen,2071.0,213.0
VW-47006-65842,Valerie White,73.0,15.0
RW-32326-82019,Robert Williams,1312.0,167.0
JM-13451-82520,Jeremy Moore,60.0,12.0
CM-52371-74657,Cassandra Mccoy,978.0,165.0
JR-72556-18254,Jeremiah Rasmussen,326.0,36.0
MM-32060-99174,Michael Moore,229.0,59.0
GD-44976-90366,Gary Diaz,690.0,86.0
SB-12924-52060,Steven Brown,2060.0,516.0
KN-60279-15106,Kimberly Newton,8561.0,561.0
GH-74251-38506,Gary Hurley,7969.0,1311.0
SS-92002-13326,Stephanie Sandoval,504.0,85.0
ND-81156-80813,Nancy Downs,2210.0,276.0
AN-77748-65059,Amber Norman,7292.0,1394.0
DL-81792-99369,David Lloyd,1129.0,272.0
AM-64146-26904,Anne Gordon MD,2102.0,544.0
BC-99163-31352,Bryan Cruz,1975.0,241.0
SM-70301-24991,Sandra Chase MD,740.0,101.0
DB-46267-84773,Danielle Brown,871.0,174.0
KW-31854-85312,Kyle Williams,810.0,106.0
AW-29761-59839,Angela Ward,327.0,39.0
BW-31783-39829,Bianca Wilson,1080.0,152.0
CB-40645-73812,Christopher Blanchard,816.0,105.0
CS-24333-96567,Cindy Sims,495.0,109.0
DG-66653-91187,David Gonzalez,449.0,53.0
IG-36353-57671,Ian Gonzalez,812.0,96.0
TW-37290-98033,Timothy Watkins,394.0,82.0
BM-31907-63767,Brenda Martin,256.0,52.0
TR-97931-51694,Tammy Riley,1341.0,142.0
KW-42537-16199,Kathleen Walker,1084.0,219.0
MO-65390-64988,Micheal Ortiz,1332.0,218.0
BC-60453-79486,Billy Copeland,1013.0,165.0
JS-19099-50545,Jonathan Singh,536.0,102.0
PS-23592-37996,Patrick Stephens,815.0,206.0
JB-59924-61424,Jesse Baker,1012.0,126.0
SW-33913-88357,Samantha Walker,781.0,167.0
CT-40059-52064,Carl Thomas,1023.0,170.0
JH-38926-98504,Jason Hill,2491.0,392.0
CW-76093-65210,Christian Walls,1524.0,254.0
MH-95665-35153,Mr. Paul Harrison,915.0,239.0
JD-92632-59762,Jill Duffy,1430.0,282.0
MR-96773-74052,Michael Rowe,428.0,67.0
AR-78608-58993,Angela Ramirez,249.0,52.0
DF-38143-46873,David Farley,975.0,209.0
BH-94518-58617,Brenda Hernandez,4457.0,913.0
MG-18469-71452,Maria Gonzalez,838.0,97.0
MN-56096-64557,Mr. Robert Navarro,1546.0,313.0
BJ-52123-24719,Beth Jones,172.0,29.0
AB-95260-52312,Alexis Bates,98.0,16.0
MB-19467-39894,Megan Blackwell,1891.0,301.0
ST-84645-90854,Sara Thompson,1015.0,183.0
MM-15302-79196,Martha Martinez,311.0,23.0
SC-61231-24852,Steven Curtis,795.0,135.0
JR-64353-98401,Jennifer Riggs,1685.0,346.0
SO-27058-65492,Susan Oconnor,1381.0,235.0
TD-10275-19534,Tonya Duffy,7278.0,1154.0
JF-25814-15889,John Fisher,343.0,63.0
AJ-95419-15051,Amy Jones,593.0,101.0
EN-30268-55365,Elizabeth Nguyen,2475.0,594.0
SS-70224-21111,Savannah Silva,304.0,87.0
JT-23677-15604,Jonathan Thompson,985.0,251.0
AT-72814-82048,Alexis Thompson,191.0,53.0
JR-89021-39382,James Robinson,85.0,17.0
MD-55057-69401,Morgan Dodson,694.0,93.0
AS-79576-19425,Amy Sellers,2002.0,247.0
YD-81889-21983,Yolanda Dunn,2084.0,287.0
JS-30814-15963,Jeffrey Sanchez,460.0,97.0
RB-13408-32019,Renee Ballard,456.0,85.0
NW-93204-51361,Nancy Wright,4391.0,911.0
ED-63480-86999,Eric Delgado,1248.0,223.0
AC-23755-97153,Ashley Cunningham,1057.0,111.0
MC-45545-22151,Melissa Carroll,853.0,103.0
PR-18129-55166,Paul Rose,577.0,118.0
DR-41437-50907,Dr. Michelle Russell,422.0,68.0
RB-71221-25990,Rachel Barton,1338.0,222.0
MP-25120-17004,Mike Perez,705.0,164.0
JM-40649-83053,John Medina,1469.0,266.0
CD-51290-17705,Cody Diaz,617.0,132.0
BH-30684-48019,Brittany Hill,2898.0,269.0
JT-74362-40089,Joanna Tate,2986.0,533.0
TH-38234-11010,Thomas Hicks,544.0,68.0
EB-16382-41908,Edward Brown,5559.0,786.0
DE-86082-67240,Dana Edwards,358.0,20.0
SM-88307-72641,Steven Macias,1417.0,296.0
TC-93215-91091,Taylor Cox,797.0,162.0
BB-11890-82170,Brian Blanchard,436.0,114.0
KS-78110-84624,Kathleen Stevens,1648.0,310.0
DH-50625-88316,Daniel Harrington,756.0,180.0
MA-23768-36356,Mark Anderson,974.0,167.0
JW-41369-84072,Jeffrey Wilson,491.0,65.0
KM-92051-34769,Kathryn Mason,1137.0,189.0
MB-61143-16023,Michele Brewer,10071.0,1773.0
MB-89144-36437,Michael Barron,1155.0,190.0
LH-32168-81413,Lindsey Hutchinson,1229.0,179.0
MH-63777-43576,Margaret Hamilton,262.0,15.0
AP-64127-17236,Andrew Phillips,644.0,115.0
KT-51884-80625,Keith Turner,964.0,121.0
MK-74944-42523,Mary Kent,2291.0,326.0
CH-74935-65578,Carolyn Hoffman,1223.0,189.0
TP-13455-18910,Tyler Porter,688.0,146.0
LL-71176-63647,Lisa Lee,423.0,78.0
MW-61485-21549,Mike Williams,1706.0,400.0
JM-95451-74643,Justin Mccullough,802.0,128.0
CD-45518-93665,Christian Deleon,958.0,222.0
DM-41328-49427,Donna Marshall,114.0,23.0
JH-27780-21341,Joshua Horn,401.0,77.0
MM-59821-26558,Michael Mejia,982.0,176.0
KC-35510-16135,Katherine Cole,11374.0,2074.0
JD-20683-97904,Jessica Davis,1397.0,221.0
CD-15993-45305,Cynthia Bennett DVM,223.0,51.0
RR-12210-67952,Ricky Rivera,676.0,158.0
TF-32685-89163,Terri Fitzgerald,264.0,23.0
JP-34250-57514,Jennifer Powers,6428.0,998.0
DM-81314-54894,Danielle Mccarthy,2290.0,563.0
JM-87563-73169,Julie Martin,263.0,67.0
DK-32279-40435,Dustin King,782.0,152.0
BW-37584-72691,Beth Weaver,6074.0,1110.0
CM-10051-45295,Cynthia Morgan,498.0,120.0
PB-58989-37029,Peggy Burton,2369.0,394.0
JG-52523-28728,Joshua Graves,487.0,81.0
KM-98394-30042,Katherine Mccann,383.0,67.0
MD-11412-59202,Mitchell Delgado,1114.0,195.0
HB-53389-53762,Hannah Barry,6399.0,1684.0
AR-18164-56016,Amy Rangel,354.0,68.0
CJ-53306-53137,Christina Johnson,853.0,92.0
AH-35021-84304,Adam Hodges,1297.0,216.0
RJ-87001-72259,Robert James,983.0,172.0
AG-64289-93585,Ashley Gordon,830.0,193.0
MB-39394-27754,Melissa Ballard,796.0,123.0
SS-74448-68992,Scott Smith,9245.0,1559.0
SC-36384-53520,Sharon Conrad,180.0,18.0
MR-64084-27664,Mallory Riley,167.0,47.0
FH-54193-68359,Frank Hicks,327.0,73.0
KK-18702-18982,Kyle King,1123.0,155.0
SM-78284-52260,Stacy Roberts MD,10820.0,1590.0
KY-14440-48431,Kenneth Young,296.0,29.0
JM-62006-33357,Joseph Mendoza,62.0,8.0
CH-84156-76704,Clarence Hansen,450.0,81.0
AB-85697-45907,Angela Bass,559.0,65.0
RF-17513-35163,Ronald Foley,223.0,46.0
SJ-13101-55901,Stacy Johnson,755.0,119.0
NP-19633-67820,Nathan Phelps,8020.0,1298.0
AB-91108-92458,Anthony Bird,728.0,135.0
LG-12073-78073,Lisa Green,803.0,102.0
RS-15048-51803,Ronald Small,72.0,8.0
SJ-81216-41873,Spencer Mcfarland Jr.,437.0,58.0
DW-80888-17323,David Williams,1393.0,221.0
RM-76471-32981,Robert Mccarty,3092.0,584.0
JR-26940-81496,Jeremy Robinson,265.0,35.0
SH-25230-66517,Sandra Hernandez,71.0,20.0
JG-64656-95037,Jessica Gallagher,8787.0,528.0
AW-53779-50002,Amber Williams,480.0,58.0
RT-98088-36766,Ricky Turner,7995.0,1418.0
DP-85946-11596,Dennis Perez,8741.0,1919.0
SG-62627-99780,Susan Gregory,1627.0,384.0
LR-21526-48449,Lee Ramirez,1908.0,308.0
JR-99182-93125,Jennifer Reed,953.0,157.0
DG-66863-70065,David Gonzalez,1856.0,320.0
KR-77169-31795,Kyle Rowland,1644.0,256.0
MT-51674-61670,Melissa Tran,3630.0,758.0
CT-53309-13697,Christopher Taylor,651.0,126.0
GR-97868-64903,Gabriel Rodriguez,1672.0,306.0
JM-58929-75916,Jennifer Moreno,2542.0,475.0
CJ-14018-34811,Carolyn Johnson,19673.0,4176.0
EP-89572-91831,Edwin Pugh,2329.0,288.0
DC-85783-93584,Dr. Annette Clark,1548.0,314.0
MS-21417-61096,Michael Stewart,10246.0,1729.0
MD-54700-35256,Mrs. Beth Duran,2282.0,248.0
JG-41781-19210,Jeremy Gregory,922.0,214.0
KS-31136-75340,Kyle Scott,1050.0,253.0
AN-92609-83686,Ashley Nielsen,2329.0,316.0
KV-38034-17277,Kristina Vincent,424.0,34.0
JG-27107-47246,Joshua Gibson,715.0,149.0
JW-12191-53894,Jason Williams,1315.0,310.0
AF-74314-69871,Andrea Fields,9933.0,2031.0
WR-83524-41404,Wendy Reynolds,772.0,144.0
PR-11683-15956,Philip Rodriguez,711.0,165.0
LB-17550-53164,Lindsey Bush,414.0,107.0
KC-28801-86214,Kayla Campbell,1724.0,297.0
SB-66621-45685,Susan Brown,380.0,49.0
AC-91169-16504,Amy Carpenter,504.0,45.0
VM-67629-57053,Vickie Mcintyre,446.0,46.0
JS-92166-19770,Jacob Smith,699.0,71.0
MS-88211-23114,Monica Smith,603.0,153.0
DG-84057-15540,David George,952.0,202.0
SH-92605-31075,Sarah Henderson,2066.0,239.0
PF-87471-25719,Patricia Ford,1707.0,293.0
JG-89751-77241,John Garcia,1153.0,279.0
GP-65097-38614,Gregory Perry,642.0,106.0
SL-67596-59998,Susan Lewis,239.0,17.0
DR-26205-86475,Daniel Rice,384.0,94.0
CW-16509-72012,Carlos Wright,1296.0,224.0
ZM-83929-76935,Zachary Miller,1068.0,233.0
TW-23769-89000,Timothy Walker,697.0,169.0
BP-70968-71925,Benjamin Peterson,181.0,29.0
EP-48577-22564,Erica Peters,5683.0,1536.0
AV-62947-44079,Alexander Villarreal,553.0,97.0
CH-28109-96734,Christina Hill,691.0,169.0
MR-47191-94755,Marissa Richards,9976.0,1674.0
AJ-30491-20748,Alyssa Johnson,599.0,155.0
KS-29387-40538,Kayla Shelton,1439.0,362.0
TC-42076-79245,Troy Chapman,345.0,61.0
MP-25458-57894,Michael Porter,372.0,45.0
CC-70597-33231,Christine Castillo,8492.0,1690.0
CC-21628-82004,Christopher Campbell,118.0,26.0
JR-72167-80588,John Rivera,808.0,153.0
MA-89530-70154,Mr. Ryan Allen,1771.0,204.0
KL-68254-36562,Karen Larsen,3004.0,721.0
KK-96528-99894,Kristin Knight,944.0,79.0
MJ-36929-39703,Mary Jones,844.0,101.0
DC-31930-27465,Dennis Cameron,610.0,122.0
DH-44788-12899,Douglas Higgins,16311.0,3026.0
BS-31459-99467,Betty Sullivan,1183.0,238.0
FM-19980-10940,Felicia Mitchell,2280.0,547.0
DM-38302-20536,Denise Miller,1374.0,361.0
VY-38817-89341,Vanessa Young,951.0,265.0
AM-88805-43328,Abigail Mayo,1718.0,337.0
EL-28476-65251,Ethan Lowery,1158.0,133.0
KP-78952-52068,Kaitlyn Page,264.0,78.0
JK-26697-14564,Jeffery King,1637.0,311.0
AJ-34360-79112,Arthur Jones,1720.0,227.0
JM-18710-72418,Jerome Mccullough,2498.0,552.0
JF-62122-96378,Jennifer Fuentes,1005.0,154.0
SR-82177-79842,Susan Richards,755.0,124.0
DH-59353-60377,Diana Hobbs,492.0,46.0
KH-99230-85303,Kimberly Huang,635.0,53.0
MM-54455-89865,Maria Morrison,2050.0,353.0
NV-97532-89809,Nicholas Velasquez,1954.0,387.0
CJ-69614-86153,Cristina Johnson,201.0,24.0
EB-17116-33589,Elizabeth Baker,9455.0,2109.0
TH-95019-52013,Thomas Hayden,155.0,40.0
JM-36143-46270,Jonathan Malone,642.0,94.0
GM-68829-55226,Garrett Mcdonald,442.0,86.0
WG-83504-15846,Willie Gray,735.0,206.0
DC-51803-68204,Darrell Cole,226.0,50.0
WD-72955-17418,William Dillon,1019.0,267.0
SK-86329-33274,Suzanne Kennedy,460.0,94.0
DW-66741-84244,Daniel Weaver,581.0,125.0
CT-27832-65016,Cynthia Thomas,161.0,46.0
JB-55288-98956,Jennifer Bradley,1292.0,238.0
DB-31265-22437,Debbie Brown,841.0,193.0
SW-48459-77654,Sharon Wade,2642.0,427.0
TL-54006-60165,Timothy Leon,752.0,175.0
KJ-55190-40686,Kathryn Johnson,1365.0,311.0
JW-10500-61209,James Walker,644.0,127.0
JL-47097-17221,Jessica Lee,546.0,128.0
DY-42823-61178,David Young,539.0,52.0
BC-12787-99065,Brian Carpenter,483.0,121.0
BM-60411-83890,Bradley Morris,1295.0,250.0
ER-50753-22977,Elizabeth Ramirez,130.0,33.0
LL-76539-19649,Lori Logan,497.0,95.0
SJ-22892-35743,Samuel Johnson,1216.0,156.0
DA-21414-20870,Dana Adams,454.0,27.0
MC-40357-34507,Michael Carter,433.0,56.0
SV-59274-98972,Steven Vargas,350.0,102.0
PW-94619-98840,Patrick Woodward,13474.0,1781.0
RJ-35934-26123,Robert Jones,467.0,30.0
CM-41083-54274,Courtney Martin,1154.0,286.0
JC-74290-95623,Jacqueline Coleman,1598.0,281.0
JH-15926-95564,Jasmine Harper,320.0,37.0
MB-91251-30265,Meredith Benton,18216.0,4140.0
DH-56108-74815,David Hudson,565.0,114.0
AB-18561-52087,April Booker,346.0,56.0
CF-67108-63171,Christopher Farrell,703.0,133.0
CH-77602-18551,Claire Hammond,6536.0,1193.0
TR-89016-95293,Teresa Reed,1102.0,197.0
WS-24550-49420,William Sanchez,531.0,102.0
DG-19185-54112,David Gates,656.0,74.0
TJ-42365-60705,Tina Joyce,976.0,78.0
FJ-12178-92961,Francisco Jimenez,1269.0,188.0
TM-92553-27289,Tammy Mercado,471.0,52.0
GR-80870-78085,Glenda Robinson,1288.0,147.0
KC-82158-22024,Kristen Chang,1687.0,238.0
ZL-71634-41050,Zachary Leblanc,704.0,113.0
KN-71629-22660,Karen Nelson,17371.0,3628.0
TM-81176-66523,Thomas Miller,103.0,13.0
JM-66091-44791,Jessica Marquez,760.0,150.0
BB-59998-57697,Belinda Bennett,718.0,142.0
ML-85829-53621,Mary Lynch,648.0,153.0
JG-83775-49869,Jordan Griffith,646.0,117.0
DH-21608-28710,Deborah Horne,6591.0,1151.0
DT-59996-66663,Damon Tucker,901.0,238.0
KC-40874-64704,Kathleen Cross,107.0,22.0
BM-89744-17742,Brittany Murphy,166.0,25.0
EP-25515-80022,Emily Powell,902.0,133.0
SD-21234-13047,Samantha Davis,1323.0,125.0
AM-82037-25960,Ashley Mckay,376.0,42.0
FR-57303-18103,Fernando Rodriguez,664.0,105.0
JH-24636-33421,Justin Hernandez,198.0,59.0
JP-53878-49993,Jessica Peterson,600.0,61.0
RC-25942-33413,Rebekah Craig,879.0,96.0
WT-17127-54528,William Tyler,225.0,65.0
MH-33336-48592,Michael Hall,1043.0,230.0
CS-22696-15529,Carrie Sanchez,829.0,151.0
NW-83839-78431,Nathan Wagner,200.0,15.0
TS-48322-43843,Tara Smith,274.0,53.0
KW-45404-33842,Kelsey Williams,1249.0,160.0
LA-76523-80960,Leah Ali,261.0,28.0
RN-85700-27151,Rick Nguyen,728.0,99.0
HM-21659-69458,Hailey Martin,493.0,115.0
KM-55290-82592,Kristy Mullins,1588.0,256.0
HM-28993-96445,Henry Mitchell,19028.0,4651.0
BM-23915-88063,Brandy Moore,558.0,107.0
TS-39287-77825,Tyler Smith,335.0,35.0
BH-45150-43478,Brian Hawkins,730.0,97.0
RH-26289-56709,Rebekah Hill,2601.0,450.0
BD-62467-17166,Brian Thomas DDS,588.0,109.0
HM-26315-85929,Howard Mclaughlin,1454.0,179.0
SF-78102-24722,Shelly Friedman,171.0,39.0
MW-61839-86168,Maxwell Wallace,553.0,99.0
GW-18035-91162,Gina Ward,345.0,39.0
SM-66210-99103,Susan Maldonado,196.0,37.0
MM-40323-32906,Michael Manning,127.0,18.0
AC-17311-80291,Anthony Contreras,1177.0,198.0
JW-54062-22152,Jenna Williams,5716.0,1229.0
KM-57699-97996,Katherine Moore,1125.0,140.0
KT-95057-96357,Karen Taylor,485.0,65.0
HC-68704-51025,Hayden Cook,266.0,26.0
HJ-23610-76110,Heather Johnson,1716.0,366.0
MW-47526-82337,Matthew Wright,177.0,49.0
JC-45201-73577,John Clark,717.0,131.0
ME-73134-98977,Matthew Esparza,58.0,6.0
CM-16832-93469,Christopher Morris,3806.0,456.0
WS-48293-70648,Wyatt Smith,1207.0,184.0
KH-80544-79707,Kayla Hamilton,352.0,50.0
NM-79166-68415,Nicholas Moore,404.0,86.0
SM-88653-71733,Shane Melton,2287.0,453.0
MJ-23243-31578,Maria Jordan,590.0,117.0
RG-33124-59769,Richard Gay,540.0,133.0
CC-16390-59117,Corey Clark,13771.0,2804.0
DG-66776-29802,Diane Gomez,240.0,45.0
MW-96732-93139,Meghan Williams,803.0,173.0
RC-81743-29792,Richard Cochran,1928.0,415.0
SW-89656-94587,Scott Wheeler,599.0,111.0
OB-50998-86807,Oscar Bauer,481.0,81.0
MS-71148-42226,Melissa Savage,859.0,179.0
TR-31504-16906,Tonya Ramirez,1501.0,253.0
JL-33560-42063,James Long,2967.0,693.0
LB-87971-47046,Leslie Baker,9761.0,1621.0
NL-47150-54323,Nicholas Lester,110.0,6.0
HF-52418-91528,Hannah Fowler,287.0,46.0
CS-27549-52586,Calvin Snyder,1265.0,179.0
PR-82950-16444,Paul Rangel,1899.0,311.0
SS-31290-21141,Stephanie Sheppard,2110.0,455.0
SB-99569-53088,Scott Burke,10717.0,2049.0
PH-28866-22373,Patricia Hunter,1779.0,271.0
RE-26540-56868,Ruben Erickson,987.0,275.0
MR-30785-93281,Michael Rivas,1370.0,239.0
PB-51293-28395,Paul Bean,261.0,41.0
MT-38075-69337,Mrs. Erika Tucker,753.0,184.0
ML-28296-14802,Michelle Lee,319.0,77.0
AP-81632-81770,Adam Powell,457.0,51.0
JD-53160-75919,Justin Hartman DDS,438.0,29.0
SR-94150-82593,Sean Richardson,494.0,70.0
MG-93065-21693,Michael Greer,1614.0,161.0
SE-34620-41313,Samantha Elliott,7132.0,1594.0
PS-77955-50041,Patricia Smith,129.0,38.0
BN-55296-77221,Benjamin Nelson,616.0,104.0
MT-86622-22338,Ms. Michele Turner,51.0,6.0
AP-15596-93794,Anthony Peterson,497.0,44.0
DG-94974-65640,Douglas Garcia,174.0,27.0
MD-56929-50626,Mark Dickerson,470.0,72.0
RL-55405-30138,Randy Lane,440.0,59.0
JR-94272-93648,Jimmy Ramsey,9045.0,1000.0
MC-38211-43417,Melissa Carney,1169.0,172.0
WW-68950-13619,Wesley Ward,1106.0,196.0
RM-66079-22561,Russell Morris,1223.0,196.0
JS-86591-55239,Jennifer Sharp,174.0,40.0
AD-63868-42501,Amanda Duncan,1478.0,289.0
PN-76999-99837,Paul Nelson,1889.0,398.0
TR-55487-67877,Trevor Reed,165.0,26.0
RW-35313-64952,Ryan Watts,1126.0,264.0
CM-50991-64128,Christopher Moore,803.0,158.0
BJ-88105-60881,Betty Johnson,585.0,70.0
KC-53023-61967,Kathleen Compton,338.0,70.0
JJ-30600-20278,Jacob Johnston,674.0,90.0
CM-65793-44397,Cody Mclaughlin,725.0,149.0
JK-83703-91689,Jeffery Kelly,1123.0,143.0
JZ-41410-62041,James Zimmerman,616.0,112.0
CH-91246-96989,Charles Harmon,7519.0,1500.0
LR-74960-39377,Linda Ramos,947.0,61.0
MR-49699-13079,Megan Robles,11492.0,2133.0
KD-71600-51524,Kathryn Davis,1680.0,189.0
DB-68921-35707,Darren Bond,129.0,8.0
JA-31935-58794,Jennifer Armstrong,1358.0,252.0
DF-50106-63379,David Flores,1324.0,235.0
AS-34020-68049,Austin Smith,6724.0,888.0
WY-87710-21610,William Young,975.0,142.0
CS-43978-24662,Cynthia Saunders,1041.0,162.0
RW-47649-89989,Ricky Wells,393.0,48.0
BB-76644-74633,Barbara Best,91.0,5.0
JM-62579-46882,Jose Moreno,1248.0,255.0
KD-12742-66158,Karen Dixon,1034.0,247.0
JV-68876-35440,James Vaughn,995.0,179.0
JD-84262-56776,Joshua Davis,6687.0,1039.0
SW-69916-74908,Stacey Wallace,553.0,45.0
CL-73342-17711,Cody Liu,205.0,37.0
MH-44366-91877,Michael Harris,429.0,118.0
KS-54167-20806,Kristen Sullivan,528.0,79.0
MS-50203-10483,Mrs. Jordan Shaw,1216.0,257.0
GJ-33655-78997,George Jacobs,874.0,172.0
TY-19385-58640,Tammy Young,1109.0,130.0
MS-82489-39547,Mark Schneider,728.0,142.0
RO-95067-46492,Roger Owens,7517.0,1476.0
JP-65536-20103,Jessica Powers,2204.0,494.0
TM-38043-99437,Troy Myers,2047.0,469.0
GC-61125-22463,Gregory Chen,122.0,28.0
EC-10977-78107,Evan Carroll,1340.0,266.0
SM-96832-47719,Susan Murray,124.0,11.0
BS-35612-75343,Bailey Smith,1480.0,352.0
KW-46179-98094,Kimberly Walters,354.0,84.0
PG-71566-14226,Pamela Garcia,608.0,128.0
RW-37995-97683,Raven Williams,1095.0,163.0
DH-97787-85138,Daniel Hoover,120.0,17.0
ME-94922-53613,Mary Evans,480.0,98.0
TB-46875-56586,Thomas Brown,696.0,79.0
EC-12507-84966,Eric Combs,214.0,22.0
GR-97593-53652,Gregory Russell,1241.0,305.0
JG-52180-92506,Joshua Garrison,188.0,52.0
MT-18701-41044,Monique Thompson,22581.0,4591.0
MM-11816-17307,Mrs. Tracy Alvarado MD,364.0,50.0
JJ-39712-95953,Juan Jones,2760.0,528.0
MR-84331-96374,Megan Reyes,193.0,19.0
JS-36110-96705,Joyce Simon,1168.0,318.0
CP-25776-11723,Christine Phillips,1550.0,201.0
RC-44133-88034,Randall Cook,8405.0,1526.0
LT-50050-84224,Lauren Thornton,769.0,159.0
KW-51172-95167,Kimberly Wright,1047.0,242.0
BW-16479-69566,Barbara Walker,928.0,161.0
JR-24455-20148,Joshua Ramos,4514.0,907.0
TH-11667-22245,Tony Hartman,3198.0,445.0
RB-42958-74187,Regina Briggs,2130.0,322.0
MA-62715-91612,Matthew Atkins,292.0,48.0
EF-35289-62172,Elaine Frank,427.0,40.0
ED-21685-65744,Elizabeth Dorsey,1034.0,247.0
MC-94331-76942,Melissa Castillo,7070.0,1108.0
LW-79623-83304,Larry Wilkerson,1465.0,284.0
JM-32436-52552,Justin Martin,7122.0,1081.0
MP-59453-83049,Mary Palmer,138.0,38.0
SH-66551-94972,Steven Hernandez,607.0,147.0
SC-62040-77346,Sarah Carey,917.0,78.0
BT-29077-35083,Bradley Trevino,397.0,70.0
DB-90932-62351,Deborah Brooks,437.0,74.0
MR-66186-40754,Michelle Rodriguez,1330.0,202.0
TM-53281-82346,Tara Moran,562.0,41.0
LB-24787-17785,Lauren Bailey,1555.0,238.0
KR-90973-20934,Kelsey Russell,3198.0,758.0
EB-88510-33157,Erika Bradley,266.0,44.0
KD-80400-20067,Kevin Dorsey,12155.0,2199.0
AV-69949-91936,Albert Vega,1792.0,221.0
ST-71186-84311,Steven Townsend,10335.0,1749.0
GS-20779-56797,Gerald Solis,183.0,54.0
AJ-18866-63784,Amber Joseph,997.0,107.0
JS-81238-87441,Justin Sanchez,2034.0,330.0
CR-44428-92593,Carolyn Reynolds,246.0,64.0
BE-80384-18892,Brittany Edwards,707.0,167.0
BC-58195-55721,Brandi Camacho,840.0,163.0
BE-51206-37489,Blake Evans,762.0,126.0
KB-18441-75589,Kendra Becker,782.0,132.0
SA-54676-20029,Shawna Austin,258.0,64.0
KH-10486-18201,Keith Hayes,573.0,105.0
CM-40947-22239,Connor Morales,256.0,76.0
JC-29534-74604,Jared Cherry,412.0,96.0
MB-67611-88225,Mary Becker,978.0,180.0
MB-52141-49213,Mark Bryant,2607.0,438.0
AH-75286-81711,Andrea Horton,111.0,30.0
RR-72836-77372,Rodney Riley,490.0,139.0
KB-82612-16575,Kevin Burton,1171.0,180.0
KR-77583-88113,Kenneth Ramos,2057.0,248.0
BM-11518-27329,Bobby Meyers,1212.0,162.0
DJ-95348-93500,Donna Johnson,882.0,137.0
MM-23455-52645,Misty Miller,244.0,66.0
SC-96027-51763,Seth Cruz,641.0,78.0
HJ-69723-55884,Haley Jones,11901.0,2042.0
JJ-42533-96902,John Johnson,124.0,30.0
DR-53682-43663,Deborah Riggs,566.0,93.0
GS-27534-96802,Garrett Sampson,909.0,172.0
JR-44124-50341,John Riley,213.0,32.0
TJ-11787-56464,Travis Jones,439.0,63.0
BA-55625-82296,Brian Anderson,244.0,73.0
LH-15595-43467,Lindsey Hernandez,1231.0,221.0
KM-24969-38432,Karen Marshall,11634.0,1993.0
JB-32953-25355,Jamie Brown,1098.0,154.0
RW-83986-20284,Robert Walker,429.0,46.0
TP-81102-91908,Taylor Pace,1344.0,150.0
JB-40202-18716,Jasmine Bradford,381.0,59.0
MC-16298-99838,Melissa Cordova,1410.0,122.0
CW-43408-55797,Cheryl Wilson,1063.0,221.0
AT-15473-55120,Alice Thomas,795.0,194.0
CN-80369-82686,Christopher Norris,8292.0,1569.0
JB-15083-28594,Joseph Blake,1136.0,193.0
TS-75385-22151,Thomas Stevens,1155.0,133.0
DP-17344-85885,Debra Perkins,333.0,78.0
WM-11699-23423,William Morris,1073.0,218.0
HS-13943-45157,Heather Sharp,4338.0,267.0
KS-65386-23172,Kimberly Smith,8533.0,1468.0
RR-11121-97348,Richard Rivera,384.0,58.0
CS-86637-45973,Christina Smith,303.0,53.0
SM-31686-89620,Shawn Moore,964.0,73.0
VS-40005-37089,Vanessa Schultz,7932.0,1504.0
JM-23483-94496,Jasmine Moore,1310.0,219.0
TH-88498-32656,Tyler Hendrix,657.0,101.0
RG-97374-83067,Ryan Gilbert,1488.0,325.0
RP-68553-95285,Rebecca Perez,654.0,178.0
SH-41368-99682,Scott Hill,340.0,45.0
JR-59297-45570,John Rodriguez,679.0,111.0
TM-64406-53416,Tyler Martin,15226.0,2314.0
CW-98232-60687,Christopher Wallace,4174.0,778.0
BS-16583-16087,Brianna Smith,393.0,78.0
KS-25986-65989,Kelly Stewart,701.0,175.0
VL-78818-75281,Vincent Lopez,1045.0,241.0
KE-67536-81924,Kyle Espinoza,261.0,43.0
JK-86006-34817,Jennifer Kelly,796.0,95.0
CA-87839-95745,Christopher Ali,255.0,48.0
AM-76255-52406,Amanda Martin,195.0,20.0
MG-85891-90906,Mr. Andrew Garrett,1313.0,231.0
MR-92692-83626,Monica Rogers,474.0,127.0
LF-94629-23613,Laurie French,1116.0,167.0
KS-51238-99657,Kelly Smith,309.0,85.0
MM-46222-69223,Maria Matthews,616.0,116.0
KH-35826-51606,Katie Hall,1306.0,243.0
AO-55874-55922,Ashlee Oconnor,5193.0,849.0
AW-12815-30475,Alexis Wilson,834.0,183.0
DD-44056-20926,Dylan Davis,8899.0,1475.0
PS-15024-61341,Paige Schwartz,1908.0,371.0
LD-49927-23731,Lawrence Dawson,160.0,37.0
SJ-21015-22019,Sean Jones,655.0,134.0
AY-61365-50805,Anna York,419.0,104.0
SL-34257-65477,Sean Larsen,6383.0,873.0
PL-95495-99412,Patrick Lynch,1135.0,190.0
EB-11043-42680,Eddie Bell,472.0,109.0
PV-44544-89375,Paul Villarreal,782.0,64.0
CR-92084-68696,Charles Richardson,1004.0,226.0
MB-50261-80610,Morgan Bright,2045.0,367.0
AS-43181-86131,Anthony Smith,2684.0,368.0
JG-69066-36543,Jerry Gill,744.0,179.0
TL-81817-43306,Timothy Lee,532.0,107.0
BW-85923-32714,Brett Welch,906.0,205.0
JF-58844-58868,Juan Fisher,602.0,98.0
VV-96978-78972,Vickie Vaughn,1152.0,292.0
CL-45945-32610,Carla Lamb,1122.0,202.0
BJ-63273-78959,Beth Johnson,1417.0,303.0
DN-67663-76652,Danielle Nolan,160.0,32.0
JC-16910-56327,Joseph Cox,498.0,147.0
WK-44716-93292,William Klein,563.0,37.0
DM-44996-95184,Douglas Marks,300.0,76.0
AM-49086-83050,Amy Moses,695.0,108.0
AR-46651-29456,Amanda Roberts,1091.0,95.0
ST-85776-47888,Steve Taylor,655.0,168.0
JH-93402-61617,Jennifer Hurley,96.0,18.0
JY-63810-31679,Jose York,3071.0,624.0
JF-75223-92885,Jason Ferguson,157.0,35.0
MK-10087-53256,Matthew Klein,1756.0,227.0
SJ-39643-38646,Sara Jones,753.0,100.0
NF-58702-82375,Nicholas French,1483.0,175.0
BG-61162-56579,Bobby Guzman,563.0,128.0
SC-92273-92482,Stephanie Campos,469.0,70.0
WS-46380-58859,William Sanders,1320.0,245.0
SS-52748-16945,Sara Schmidt,5390.0,1378.0
ND-69894-18637,Nicholas Davidson,5176.0,773.0
MD-59582-45543,Mrs. Kayla Davis,328.0,44.0
SW-81957-45298,Stephanie Williams,762.0,191.0
KS-66981-35617,Kyle Smith,157.0,27.0
BB-38060-14390,Bruce Bennett,264.0,39.0
TM-91875-24809,Terri Mitchell,375.0,61.0
KD-69988-14657,Kaitlin Cisneros DDS,599.0,78.0
RG-66183-39742,Ricardo Green,379.0,21.0
EB-53913-17207,Elizabeth Ball,965.0,191.0
CW-65132-93017,Charles Williams,2391.0,288.0
SH-16321-96243,Sarah Holt,675.0,121.0
CM-19072-20894,Carla Mcdonald,493.0,51.0
SB-85571-83699,Stephen Bailey,1762.0,362.0
JG-73308-48826,Jason Gonzalez,405.0,64.0
JA-48090-97612,Judith Andrews,138.0,31.0
JM-26580-95433,Joseph Manning,301.0,79.0
PB-60683-79144,Philip Bowers,2187.0,358.0
PS-70619-49598,Paul Smith,1067.0,142.0
HP-56160-61762,Holly Pierce,1438.0,207.0
TP-40653-92377,Tara Phillips,92.0,14.0
RS-34354-60771,Russell Smith,3983.0,741.0
RM-83925-98033,Randall Miller,1315.0,266.0
DR-19362-83872,Deborah Roy,948.0,142.0
AT-67529-84299,Anthony Thomas,452.0,93.0
MD-81960-86029,Michael Davidson,2192.0,365.0
RF-97060-31024,Reginald Flores,426.0,114.0
ER-86299-29266,Elizabeth Ramos,15861.0,2948.0
DK-66221-70145,Dawn Koch,1300.0,105.0
CG-71033-50672,Christopher Gill,13165.0,1943.0
MJ-63054-86475,Michael Jones,620.0,81.0
DE-47109-34739,Doris Ellison,2648.0,227.0
AM-33918-91613,Alan Morgan,9253.0,1250.0
HK-33574-95873,Hunter King,226.0,13.0
NN-73995-28282,Nicole Newman,6368.0,1287.0
JJ-82778-43443,Jason Jones,6824.0,1210.0
AP-66054-74971,April Perez,1588.0,325.0
SM-91837-61504,Stephanie Maxwell,13436.0,2109.0
AR-22145-31486,Andrea Robinson,1652.0,210.0
JP-55913-29559,Jessica Pierce,1241.0,324.0
SB-36927-49400,Sandra Bailey,10531.0,1571.0
JT-42991-29019,Joshua Townsend,559.0,62.0
MC-58992-84354,Mr. Brian Chandler,792.0,171.0
BY-28275-66733,Bailey Yu,1155.0,254.0
ER-99632-82439,Elizabeth Rivera,239.0,40.0
RB-46717-94650,Robert Bailey,109.0,7.0
RB-37691-82241,Robert Barry,2197.0,445.0
RB-22418-81034,Robin Butler,1207.0,212.0
DY-41215-65412,Dawn Young,957.0,171.0
DD-63047-84458,Debbie Dean,2078.0,208.0
SH-50259-14676,Susan Houston,2041.0,206.0
EH-44754-81037,Eric Hickman,649.0,139.0
AL-20099-94180,April Love,3546.0,566.0
SH-82006-89559,Sharon Hudson,441.0,57.0
AH-60842-77691,Alexander Hernandez,722.0,141.0
AG-97046-89367,Andrew Gardner,2493.0,461.0
AM-72607-94362,Andrew Maldonado,723.0,142.0
DD-93786-99564,Dave Daniels,4985.0,1088.0
DT-87724-84420,David Todd,531.0,90.0
VH-12652-56635,Veronica Hernandez,763.0,133.0
DK-42157-65327,Daniel Kelly,375.0,19.0
JH-27063-25741,Jordan Hahn,891.0,137.0
DE-95316-68948,Dr. Kyle Ellis,764.0,163.0
MB-62812-56091,Micheal Benson,1022.0,214.0
GD-27230-41355,George Dean,607.0,103.0
LR-37184-92273,Lisa Rivera,644.0,133.0
DG-48483-37739,Dorothy Gordon,392.0,43.0
JM-11522-26564,Joshua Mckinney,204.0,12.0
SA-85261-41628,Steven Adkins,1020.0,254.0
MR-74441-24949,Mary Robinson,759.0,115.0
ST-99382-56459,Steven Thompson,296.0,52.0
JA-23796-59276,Julie Allen,341.0,34.0
KJ-61173-32015,Keith Johnson,1422.0,302.0
LW-72925-63447,Lauren White,960.0,243.0
WR-69395-61728,William Ryan,1312.0,306.0
KB-26152-82335,Kathy Burns,1605.0,339.0
MS-41873-93287,Monica Sweeney,6479.0,1123.0
EP-49090-67756,Erica Parks,1306.0,198.0
AR-80352-39347,Andrew Rangel,753.0,146.0
JS-86615-52601,Jesse Smith,652.0,96.0
DD-39142-74016,Denise Davis,10560.0,1699.0
CB-14574-64184,Crystal Brown,2042.0,483.0
EJ-20122-49857,Elizabeth Johnson,781.0,136.0
AS-90507-28910,Amy Sanchez,1472.0,261.0
BS-89595-73961,Brian Smith,1232.0,193.0
AS-48329-78489,Aaron Sims,366.0,73.0
JJ-29276-79220,Jessica Johnson,549.0,154.0
KW-58761-35471,Kyle Weber,7771.0,1416.0
SP-71139-28977,Sierra Pittman,254.0,46.0
DM-67274-62582,Dennis May,1583.0,306.0
TJ-45344-16358,Thomas Jimenez,1135.0,277.0
RH-51475-56950,Robert Howard,1142.0,170.0
DR-76887-19392,Douglas Reynolds,2143.0,257.0
CV-28611-16958,Casey Vincent,57.0,8.0
XH-92543-65905,Xavier Howard,842.0,199.0
GW-52292-19398,Gary Wilkinson,16200.0,3133.0
DO-21417-16305,David Olsen,1335.0,243.0
AJ-37380-66663,Adam Hahn Jr.,1184.0,183.0
JG-67183-10159,James Goodman,151.0,31.0
JH-77288-20473,Jaime Heath,795.0,112.0
SW-89254-36365,Sara Williams,298.0,59.0
JG-65765-41933,Jennifer Goodman,1177.0,251.0
RJ-67756-95060,Rodney Jones,1277.0,152.0
MK-49416-99625,Matthew Klein,21297.0,4367.0
DT-13899-70454,David Terrell,1335.0,268.0
HH-30978-92216,Heather Hunter,721.0,138.0
EM-32854-96082,Eric Martinez,1049.0,176.0
HL-89190-17783,Howard Lee,1374.0,236.0
BO-95431-14555,Brian Odom,1020.0,114.0
JW-78186-66169,Jason Walsh,10443.0,1949.0
MC-90491-97395,Mary Cannon,975.0,179.0
RS-41928-13335,Ronald Smith,580.0,130.0
AL-59128-42399,Angela Larson,1281.0,246.0
MT-63786-16085,Mike Thomas,93.0,24.0
LC-28315-42025,Larry Cook,2215.0,294.0
SC-41779-79552,Steven Carrillo,901.0,110.0
RH-31014-73096,Robert Hernandez,6434.0,1122.0
JG-19407-42992,Jason Garcia,956.0,234.0
BP-13605-11216,Brianna Patrick,345.0,88.0
AS-18126-49843,Anna Smith,432.0,71.0
NH-26662-92923,Nicole Hubbard,4558.0,846.0
AS-33665-59322,Amanda Smith,527.0,82.0
JJ-12241-18728,Jennifer Jones,1046.0,220.0
WJ-80712-54895,William Jackson,13726.0,2504.0
JS-82364-31397,James Smith,10609.0,2116.0
JP-28112-24993,Jerry Perry,832.0,104.0
JB-35080-77191,Jamie Barnett,1033.0,200.0
MC-54285-10302,Michael Chapman,683.0,80.0
MH-11910-64987,Michele Henry,943.0,196.0
DS-73230-94268,Daniel Silva,1112.0,133.0
NB-48059-53713,Nathan Burgess,930.0,87.0
CM-94487-36747,Cassandra Melendez,345.0,52.0
JP-18188-64304,Jordan Poole,4237.0,438.0
CL-42919-66840,Christopher Larson,54.0,9.0
TB-69149-78671,Tammy Barron,3833.0,691.0
JS-23145-14331,Jason Stephens,485.0,70.0
BH-57168-43852,Brian Hines,337.0,94.0
TD-14340-82879,Tonya Henry DDS,1133.0,254.0
RS-12100-65683,Richard Smith,449.0,49.0
JR-57537-75935,Jason Rodriguez,479.0,39.0
TJ-84710-99032,Theodore Johnson,938.0,248.0
SM-13006-17711,Samantha Martinez,2105.0,495.0
JH-81834-10297,Jorge Holmes,225.0,31.0
BC-92314-29420,Benjamin Carson,485.0,87.0
PC-38139-75023,Paula Christensen,1216.0,145.0
DG-42827-37090,Derek Gray,880.0,150.0
EM-20195-12470,Ellen Mclean,469.0,64.0
MH-98024-98300,Mrs. Michelle Hill,403.0,30.0
DT-93153-25499,Dr. Andrew Thomas,1343.0,263.0
RD-23506-31677,Raymond Davila,1012.0,121.0
CH-18717-70128,Catherine Hernandez,297.0,80.0
LG-15961-61985,Laura Gallagher,482.0,123.0
NL-58180-38823,Nancy Lin,9569.0,1695.0
AD-91642-47017,Andrew Davis,1289.0,227.0
AG-93117-19118,Anthony Griffin,23023.0,2503.0
SP-19435-53210,Stephen Peters,10656.0,2570.0
SW-74870-39526,Stacy Williams,332.0,66.0
MM-31946-20824,Mark Mitchell,1100.0,176.0
JV-16271-55886,Joshua Vargas,782.0,212.0
MW-27532-65451,Molly Watkins,814.0,169.0
EJ-63761-91200,Emily Johnson,691.0,179.0
JH-20445-36279,Jonathan Hall,1331.0,197.0
JW-16291-93733,Jaime White,657.0,138.0
HJ-49667-97097,Hannah Johnson,616.0,71.0
SC-16552-40841,Sandra Cunningham,1208.0,210.0
AC-30041-57736,Aaron Campbell,489.0,56.0
DC-70501-59003,Daniel Castro,782.0,81.0
WT-63830-60002,Wanda Thompson,353.0,55.0
SP-67920-17148,Sherry Preston,171.0,24.0
JB-92482-58676,Jordan Bryant,11673.0,1881.0
AH-90356-57194,Andrew Huynh,839.0,96.0
LW-68474-60010,Linda Wallace,138.0,38.0
SP-95883-33998,Stacy Patterson,11555.0,2302.0
DH-12419-93424,Donald Harper,1865.0,332.0
EB-96653-76217,Emily Brown,7272.0,1311.0
AG-75794-96089,Amber Gonzalez,554.0,73.0
JO-45684-90818,Joshua Osborne,5109.0,741.0
KT-11347-25279,Kimberly Thompson,1845.0,376.0
RW-35588-84868,Rachel Wilson,394.0,60.0
MB-75515-15276,Michael Baker,737.0,156.0
EM-28524-30309,Erin Marquez,10195.0,1794.0
DN-65667-44038,Denise Norton,413.0,60.0
RB-35009-90610,Renee Brown,284.0,81.0
JG-60117-27159,Julia Garner,1190.0,244.0
KC-29621-55349,Krystal Collins,2010.0,377.0
JW-80829-34753,John Williams,235.0,39.0
MF-41366-58145,Martin Franklin,742.0,149.0
JG-78636-35402,James Gray,1393.0,183.0
SB-10255-13262,Samantha Bradshaw,121.0,34.0
TG-16123-48657,Thomas Greene,464.0,83.0
RU-59715-88097,Robert Underwood,939.0,177.0
JO-94408-95625,Joseph Owen,322.0,44.0
WH-62566-80378,Whitney Hammond,808.0,112.0
TW-92195-24329,Tiffany Weaver,825.0,141.0
AW-92808-36389,Andrew Wilcox,325.0,85.0
JC-23089-19406,James Coleman,230.0,49.0
DG-67504-50645,Desiree Gallegos,785.0,51.0
AG-65779-22050,Anita Gardner,578.0,101.0
JR-78620-81350,John Riley,7742.0,1378.0
JC-37161-83070,Justin Clark,10731.0,2330.0
SG-57325-51605,Sharon Graham,2076.0,591.0
AB-43633-37835,Austin Blankenship,894.0,172.0
BA-24141-88137,Bernard Alexander,86.0,6.0
MC-21341-10667,Michael Castro,6269.0,1257.0
RM-15790-73121,Ronald Mclean,708.0,134.0
MM-73248-76288,Mary Martinez,1614.0,157.0
RE-73647-73119,Robert English,452.0,124.0
JA-96571-14773,Joe Arias,705.0,173.0
KM-20818-38334,Kathryn Mcdaniel,213.0,63.0
DL-43576-36202,Douglas Lee,1330.0,258.0
MP-20442-82809,Michelle Phillips,562.0,80.0
SR-27524-35903,Stephanie Romero,112.0,31.0
GS-97092-82409,Gary Simmons,1297.0,286.0
PW-57568-60903,Paul Williams,2301.0,302.0
HM-29731-18842,Heidi Moore,13348.0,3720.0
JS-92980-44684,James Smith,1174.0,185.0
BP-27910-89230,Bradley Price,532.0,37.0
EW-88828-50303,Ethan White,687.0,56.0
SA-99823-24299,Susan Abbott,1036.0,198.0
AP-74642-78659,Alexis Pierce,498.0,54.0
JA-68774-47257,Jacqueline Allen,695.0,145.0
AB-89080-25947,Annette Barnett,124.0,22.0
TC-30816-19846,Tracy Campbell,487.0,47.0
TJ-51897-54328,Timothy Johnson,2506.0,221.0
JM-83238-34625,Jessica Mendoza,254.0,18.0
RR-21178-19135,Rita Rocha,1061.0,198.0
HG-25500-12636,Hannah Garcia,1186.0,157.0
CF-37325-93174,Caitlin Flores,1796.0,454.0
ST-92113-75390,Suzanne Thomas,989.0,193.0
RD-62347-28338,Robert Douglas,1264.0,229.0
JJ-16261-25070,John Jones,1359.0,240.0
AH-66291-41474,Ashley Hill,1463.0,212.0
NM-68412-84377,Nicholas Miller,1289.0,207.0
MB-64582-72489,Mrs. Carol Buckley,103.0,18.0
SP-81899-86410,Sarah Parks,18035.0,2100.0
AC-88810-21203,Andre Caldwell,603.0,91.0
MD-48053-94708,Melissa Allen DDS,682.0,52.0
JH-55064-99226,James Howe,2077.0,525.0
MM-57980-28610,Matthew Miller,948.0,151.0
BW-43280-25849,Brandon Weber,120.0,27.0
MV-11407-56755,Maria Vargas,537.0,129.0
BW-42185-28728,Belinda Woodard,14052.0,2022.0
NH-73677-88587,Nicole Hardy,665.0,136.0
DY-37074-21521,Dean Yates,710.0,122.0
SM-28459-67210,Sherry Miller,309.0,55.0
SR-32722-52066,Samantha Rodriguez,616.0,75.0
NL-65221-39869,Nicole Lopez,664.0,134.0
AP-11133-96229,Alison Perez,838.0,207.0
IA-35609-37216,Isaiah Anderson,10177.0,1957.0
BB-49937-47140,Bonnie Bryant,774.0,182.0
YG-46480-46412,Yvonne Glenn,309.0,48.0
DW-78105-19956,Danny Wright,480.0,93.0
KM-14609-16726,Kathleen Mcgrath,145.0,40.0
EH-17574-32234,Emily Hawkins,1175.0,204.0
JW-50282-20671,James Williams,199.0,58.0
CS-91637-27415,Cathy Shepherd,644.0,149.0
JT-60199-65490,Jeffrey Taylor,112.0,30.0
NM-41231-32823,Natasha Moore,604.0,123.0
SA-95650-32742,Sheila Adams,1892.0,216.0
JM-79727-29580,Jennifer Morris,2805.0,329.0
PK-19638-63071,Pamela King,567.0,100.0
AG-84574-89863,Adam Gonzalez,454.0,117.0
JS-17483-76224,Jared Sharp,360.0,86.0
PG-42892-28666,Patricia Greene,931.0,172.0
GA-85962-69695,Gregory Anderson,1949.0,231.0
DS-73110-61757,Dr. Victor Smith,1395.0,306.0
MC-42252-25259,Melanie Carrillo,125.0,21.0
JT-89963-48529,James Torres,141.0,10.0
DR-77313-89446,David Rodriguez,8537.0,892.0
KP-86515-14261,Keith Peterson,1300.0,239.0
AS-64963-90483,Amanda Smith,1525.0,336.0
JN-90756-67967,Jose Nunez,59.0,6.0
JM-57802-64339,Joshua Morris,1816.0,186.0
MM-12254-32211,Michele Martinez,1075.0,256.0
JD-76339-61080,James Davis,845.0,122.0
JB-60752-58524,Justin Baker,574.0,52.0
RR-43958-38211,Ryan Randolph,304.0,67.0
AC-56063-58183,Amber Carr,5575.0,1006.0
BM-73032-97347,Brandy Morgan,617.0,136.0
SB-63777-13994,Sharon Brennan,413.0,25.0
JR-66380-94026,Joseph Rowe,448.0,28.0
AM-39014-90830,Alyssa Cox MD,1809.0,209.0
JT-75838-17601,Jamie Taylor,6952.0,1143.0
EM-54786-71615,Erik Mitchell,8051.0,1176.0
DM-92848-28978,David Martin,9316.0,1535.0
JC-12351-30762,Jared Cox,643.0,100.0
VM-95131-96837,Vanessa Mccarthy,292.0,87.0
RH-50562-39935,Robert Hernandez,916.0,205.0
MR-56832-91567,Matthew Robertson,1333.0,222.0
EP-76743-57941,Elizabeth Scott PhD,892.0,124.0
AH-87184-97058,Alyssa Henderson,1627.0,192.0
AO-64252-90709,Aaron Olson,6127.0,1048.0
HR-77727-14063,Henry Reynolds,325.0,60.0
BP-74909-13237,Brittany Perkins,442.0,89.0
KA-78076-99145,Kevin Anderson,13440.0,2139.0
AP-64439-83694,Alison Parsons,682.0,173.0
SR-89524-97963,Susan Rose,6057.0,943.0
JH-25513-75063,Justin Hernandez,5239.0,879.0
JN-18951-94063,Jamie Norton,465.0,125.0
CE-49003-27780,Crystal Edwards,690.0,139.0
BD-26141-50031,Bryan Dunn,1604.0,364.0
SM-44365-16534,Shannon Mitchell,219.0,52.0
MG-66759-46066,Michael Gonzalez,667.0,183.0
VM-88066-83062,Vicki Moore,449.0,121.0
JJ-24365-59491,Jared Jackson,467.0,105.0
BH-51114-12071,Brooke Hahn,2265.0,358.0
CW-92969-32272,Catherine Wagner,464.0,69.0
RA-41557-53579,Ronald Avila,219.0,58.0
HS-69793-54342,Herbert Smith,2049.0,393.0
CD-71223-57213,Connie Daniels,591.0,81.0
CT-56890-85583,Clinton Taylor,525.0,92.0
AW-93490-79729,Alexa Ward,1817.0,347.0
PL-53804-39452,Patricia Lamb,1444.0,258.0
TS-69233-13044,Timothy Stanley,498.0,115.0
AP-87139-98614,Amy Paul,10474.0,1510.0
JW-73187-72123,Justin White,412.0,37.0
KO-99812-67047,Kathleen Oconnell,581.0,127.0
MH-56983-64382,Maria Huang,680.0,77.0
LH-34057-11047,Lawrence Horton,360.0,77.0
MR-78011-69762,Mark Rodriguez,1786.0,440.0
NW-70566-53200,Nicholas Woods,1767.0,180.0
AB-47695-61634,Amber Bowman,1116.0,184.0
AH-29968-58332,Alice Hall,163.0,12.0
LL-37946-84512,Leslie Lozano,1559.0,330.0
GH-46401-33432,Gabrielle Holmes,631.0,104.0
AG-41984-86622,Alicia Gray,1046.0,191.0
RG-67406-67912,Robert Green,951.0,210.0
ML-23905-29419,Mrs. Marilyn Lewis,625.0,96.0
CW-90897-90294,Craig Werner,618.0,102.0
MC-76526-66022,Mark Clark,320.0,54.0
NC-43102-33369,Nicholas Collins,350.0,95.0
MN-29347-45874,Mark Navarro,2090.0,269.0
DR-62926-20797,David Reeves,7949.0,1438.0
AA-44534-96322,Amy Arias,812.0,128.0
WM-39940-79073,William Mcintyre,453.0,112.0
LH-28274-33312,Lauren Hill,1127.0,208.0
DE-44958-50011,Danielle Elliott,1417.0,165.0
KN-47870-72410,Kimberly Newton,304.0,19.0
PT-99201-97135,Paul Trujillo,785.0,143.0
AF-65007-70747,Andre Foster,428.0,116.0
SW-42005-19897,Scott Wong,865.0,68.0
WF-32332-18979,Wayne Fernandez,1128.0,212.0
EG-29781-67852,Edward Gibson,955.0,135.0
MN-75747-56612,Mary Nelson,390.0,49.0
SG-60183-28858,Samuel Gardner,702.0,78.0
MS-18441-14909,Michael Solis,469.0,111.0
TV-45226-41781,Tracy Valdez,175.0,30.0
RM-56655-62592,Robert Mcdaniel,8589.0,1432.0
KB-62432-97597,Kathy Brewer,250.0,65.0
CG-46936-86614,Caleb Gomez,73.0,17.0
JM-40496-31255,Joseph Martinez,530.0,61.0
AG-43310-29182,Amanda Garcia,1269.0,170.0
CT-88063-24074,Christopher Taylor,170.0,39.0
DR-19615-88082,Dawn Rodriguez,654.0,88.0
SR-61290-30665,Stanley Rodriguez,8406.0,1506.0
MJ-25148-18076,Mr. Jeremy Hughes Jr.,571.0,116.0
JC-70732-32291,Jennifer Cole,1475.0,241.0
SJ-29353-12379,Shawn Gomez Jr.,2352.0,585.0
KB-53971-48022,Kelsey Bonilla,167.0,29.0
HM-21096-30913,Heather Mejia,858.0,163.0
RG-48921-76919,Ronald Greene,711.0,116.0
CH-28265-70098,Christine Hammond,11548.0,2022.0
TW-75850-92134,Tonya Winters,8105.0,1436.0
TW-66781-43756,Tara Watts,485.0,50.0
KW-85032-80325,Kelly White,1105.0,184.0
RW-75841-14039,Richard Watson,1257.0,320.0
CG-68058-44726,Christopher Greene,208.0,53.0
CW-35873-91427,Cynthia Williams,9529.0,1357.0
WS-91949-24473,Wesley Smith,738.0,62.0
EC-57155-49482,Eric Campbell,1671.0,365.0
CH-30553-39195,Christian Hammond,1833.0,275.0
DM-63283-38552,Daniel Maynard,9130.0,1658.0
JW-64369-29679,John West,486.0,129.0
AR-40042-46613,Alan Reyes,75.0,11.0
KM-13216-86953,Katie Miller,594.0,86.0
AM-35609-86494,Andrea Moore,283.0,15.0
PR-46589-71206,Paula Rodriguez,1235.0,211.0
JT-99965-50114,Joshua Tran,3163.0,577.0
CD-84358-18054,Christopher Durham,195.0,21.0
DF-68953-12774,Dr. Aaron Freeman,1773.0,252.0
WC-46083-62051,William Curry,132.0,27.0
JH-22601-10970,Justin Haney,788.0,124.0
DW-21724-20320,Devin White,369.0,98.0
DC-28397-73296,Dr. Ryan Carr,1585.0,293.0
KC-39096-19101,Kayla Conrad,1420.0,205.0
SW-46851-31011,Stanley Wall,439.0,96.0
CL-24839-37376,Crystal Levy,382.0,78.0
JS-92067-80660,Jackson Sandoval,972.0,110.0
SP-87012-29748,Sandra Phillips,392.0,27.0
BA-96506-78354,Brian Adkins,396.0,72.0
KR-82417-13887,Kenneth Ruiz,1102.0,244.0
AC-17617-81486,Aaron Cunningham,1253.0,333.0
GH-88517-69755,Gregory Hoover,1759.0,312.0
EG-60057-61354,Eric Gomez,575.0,116.0
RH-39806-70338,Randy Hurley,514.0,92.0
JH-29743-76635,Jesus Hunter,390.0,51.0
AS-44955-34522,Anna Stewart,776.0,149.0
LD-13256-10241,Luis Dean,744.0,166.0
MS-88985-39414,Mark Strickland,454.0,90.0
MJ-34913-26295,Michael Johnson,8585.0,1432.0
GD-85916-11266,Gloria Duran,944.0,121.0
CD-67203-23387,Christopher Dalton,1069.0,138.0
JL-68278-94431,Joshua Lewis,4629.0,788.0
KG-20509-53924,Kevin Gonzales,18335.0,3107.0
NR-75233-76329,Nicholas Ritter,1506.0,286.0
DG-77699-19826,Donna Garrison,914.0,105.0
AJ-25554-17231,Abigail Jones,743.0,205.0
SF-29635-29354,Stephanie Freeman,757.0,140.0
CW-91930-23002,Cassandra Williams,586.0,156.0
RO-52264-33342,Robert Odom,1402.0,140.0
NO-60631-29750,Nicholas Obrien,774.0,166.0
KC-29099-43104,Kelly Carpenter,1612.0,257.0
AF-78647-36987,Amanda Fisher,1123.0,159.0
KL-37863-47106,Kathy Lopez,458.0,28.0
MB-45125-80969,Michael Bowen,115.0,23.0
CH-98718-11425,Cindy Howell,395.0,80.0
MB-69986-52579,Mary Braun,109.0,8.0
RH-56820-75373,Robert Holmes,7874.0,836.0
MS-55975-90233,Matthew Solis,2961.0,507.0
MH-44538-83119,Matthew Harding,142.0,42.0
DJ-93404-13169,Donald James,2235.0,549.0
JD-91104-26810,John Davis,527.0,81.0
MY-34303-47088,Maria York,2259.0,512.0
DS-48166-16242,Deborah Smith,1207.0,120.0
WH-63101-34725,Wendy Hall,287.0,78.0
KN-13517-10882,Kelly Nash,726.0,53.0
BB-34260-59344,Bryan Benitez,1106.0,86.0
MH-41798-83673,Michelle Holland,2519.0,382.0
AP-92817-94874,Allison Peterson,397.0,107.0
SA-94167-24008,Suzanne Adkins,370.0,110.0
BM-59595-30972,Brian Martin,376.0,58.0
KB-12049-80231,Kimberly Brown,1498.0,285.0
JM-55610-27543,Jose Miller,521.0,101.0
LV-20973-80567,Lori Villa,531.0,114.0
KM-58828-25893,Kristin Mitchell,851.0,89.0
KQ-19231-47553,Katie Quinn,558.0,106.0
SJ-81432-45134,Susan Johnson,141.0,33.0
JS-87408-21299,Jeffrey Scott,6353.0,1297.0
DB-38951-98872,David Barnes,2201.0,549.0
SR-20779-43772,Sheila Rogers,2277.0,312.0
CS-60731-85411,Christopher Sparks,10461.0,1690.0
DJ-54030-24017,David Jennings,1396.0,120.0
TG-62058-80732,Todd Graves,336.0,48.0
DM-94902-22743,Dawn Miller,232.0,43.0
AB-10952-12200,Amanda Brown,473.0,47.0
SS-43292-27862,Samuel Smith,203.0,44.0
CL-99880-17696,Christopher Lee,1063.0,180.0
AA-89314-34914,Amy Adams,8803.0,1702.0
DA-87124-69357,Dr. Joseph Allen,488.0,68.0
FD-60456-50806,Frederick Davis,601.0,137.0
TJ-15164-19307,Tyrone Jones,1972.0,218.0
CH-36151-23186,Carrie Hall,573.0,121.0
DB-79896-13701,David Brown,516.0,111.0
DH-13649-41075,Dustin Hill,1130.0,255.0
GJ-55547-74702,Gary Johnson,443.0,71.0
LS-45915-62798,Linda Small,896.0,194.0
CD-97848-13805,Charles Duran,809.0,109.0
JM-52583-93064,Jennifer Mclaughlin,1377.0,321.0
LD-36076-59557,Lindsey Daugherty,1301.0,160.0
BK-96413-14022,Blake Kerr,981.0,223.0
SS-66039-45364,Susan Stevenson,1130.0,178.0
RB-56437-92397,Ryan Brown,7334.0,1522.0
MN-32942-42401,Michael Nelson,317.0,64.0
RM-47054-45815,Roberto Marshall,916.0,247.0
AP-96154-26202,Angela Price,354.0,34.0
SL-96571-30048,Steven Lutz,627.0,108.0
CW-29433-12903,Carrie Wood,815.0,144.0
CL-78013-92231,Chad Lynn,481.0,93.0
SF-65373-48383,Shelley Freeman,543.0,126.0
JJ-33880-53269,Jane Jacobson,637.0,90.0
MG-36777-70946,Margaret Garcia,499.0,94.0
RB-31308-32737,Raymond Black,795.0,123.0
AM-79373-56613,Annette Morgan,431.0,78.0
MJ-65761-53206,Melissa Johnson,7964.0,1471.0
AR-64019-62884,Alexandria Rodriguez,957.0,266.0
TM-87308-62226,Teresa Morrison,5598.0,608.0
CS-38641-51316,Christina Stanley,676.0,124.0
BM-48106-43236,Bridget Miller,350.0,50.0
TM-82107-57171,Timothy Mcfarland,355.0,33.0
BN-77158-22187,Bradley Nichols,374.0,50.0
MP-29757-35668,Maria Parker,239.0,28.0
JC-37687-67222,Jennifer Conley,324.0,59.0
ST-50804-76170,Suzanne Thomas,593.0,120.0
GB-59058-84613,Gregory Barton,967.0,179.0
CW-42641-41678,Craig Williams,710.0,153.0
MH-88588-98033,Michael Hall,2162.0,254.0
BH-89703-85645,Benjamin Horne,1654.0,348.0
WS-67083-14725,Wesley Stokes,1655.0,353.0
SR-47948-32537,Sarah Robinson,6862.0,1320.0
CT-73506-85811,Courtney Taylor,266.0,15.0
PG-74426-20068,Phillip Garcia,1496.0,292.0
ES-56254-76198,Erica Shepard,2139.0,356.0
AW-29227-68433,Alicia Wright,1193.0,252.0
SD-22485-29219,Sarah Adams DDS,930.0,202.0
AH-86862-55602,Aaron Howard,2095.0,257.0
AD-14175-50331,Andrew Diaz,10471.0,1707.0
CM-18895-95157,Crystal Mendoza,194.0,30.0
AH-58805-13868,Anthony Hunter,1454.0,278.0
BR-97623-41465,Brittany Rowe,3966.0,792.0
TG-28564-53534,Tiffany Garcia,1222.0,185.0
DF-23322-46503,Duane Freeman,384.0,45.0
LM-20642-54518,Lindsey Miller,1479.0,298.0
RB-18904-42471,Robert Brown,21431.0,3717.0
AT-78002-47059,Andres Taylor,2374.0,257.0
CC-57862-68392,Cassandra Cross,15115.0,2835.0
AG-29195-67267,Adam Graham,1918.0,182.0
JH-50148-17218,Jesus Hayes,1388.0,178.0
MS-41595-69669,Michael Smith,1039.0,261.0
CC-18043-59221,Carol Cole,378.0,80.0
JS-86060-70689,Jessica Strickland,392.0,39.0
AW-62604-39698,Andrew Weber,180.0,13.0
ML-34886-80644,Michael Lowe,797.0,119.0
EG-59590-40384,Erin Griffin,467.0,69.0
JG-25826-95508,Joseph Graham,1249.0,265.0
SM-18131-64413,Scott Melendez,931.0,110.0
AN-80128-25000,Alexandra Nguyen,11728.0,2541.0
AJ-25268-91692,Andrew Johnson,862.0,148.0
VH-40889-15194,Vincent Hunter,574.0,117.0
WP-33976-11270,Whitney Powell,2045.0,385.0
JD-14471-41823,Jeremy Dickerson,388.0,45.0
NA-32454-92564,Nathaniel Atkinson,633.0,79.0
DL-20903-15698,Daniel Lara,941.0,196.0
DD-10441-44883,Dr. Christian Bautista DDS,5893.0,999.0
PW-52672-71590,Patrick White,232.0,25.0
NB-33609-55535,Nancy Bartlett,8341.0,880.0
DO-34608-33043,Desiree Owen,1258.0,177.0
EG-66136-80442,Erica Gonzalez,987.0,146.0
TR-15506-38458,Tony Riggs,232.0,49.0
JW-87271-44098,James Wiggins,346.0,91.0
SD-23466-85698,Stephen Smith DDS,1004.0,222.0
JR-46653-93296,Jessica Ryan,388.0,94.0
LC-77039-99046,Linda Clayton,1484.0,373.0
JM-41724-64007,Jose Mendoza,470.0,112.0
JN-63123-17872,Jonathan Norton,897.0,136.0
JN-56226-95282,Jason Nelson,163.0,38.0
TA-92304-37661,Thomas Allen,592.0,115.0
BI-91239-13701,Brian Ingram,812.0,155.0
AL-76687-27387,Angela Lee,884.0,124.0
AP-56679-45237,Ann Payne,2682.0,352.0
NT-21367-99744,Nancy Taylor,466.0,72.0
JT-34838-23483,Julie Torres,6392.0,811.0
RD-45943-24951,Ryan Solomon DVM,557.0,76.0
AT-89317-71064,Andrew Turner,9595.0,1418.0
TL-33745-54427,Taylor Lucero,972.0,190.0
KJ-67050-20693,Kristin Johnson,607.0,108.0
CG-69838-98157,Catherine Garcia,1901.0,395.0
BC-51286-58034,Brian Carter,434.0,54.0
MC-29194-12427,Melissa Clark,10167.0,1917.0
NA-74799-29781,Nathan Anderson,394.0,79.0
ML-55410-65870,Michael Larson,63.0,11.0
HM-36881-78127,Holly Morris,991.0,249.0
KJ-54716-18667,Kevin Johnson,1754.0,379.0
MM-36786-71646,Michael Martinez,390.0,81.0
AB-51639-30969,Anthony Brown,1167.0,112.0
RJ-61404-29502,Russell Jimenez,16244.0,3053.0
DB-83071-55273,Denise Burns,67.0,15.0
MM-45185-77139,Mark Myers,750.0,183.0
PC-63966-30843,Pamela Calderon,66.0,16.0
NJ-84686-93277,Nicholas Jones,1737.0,332.0
MD-34048-60130,Mr. Michael Gould DVM,393.0,23.0
CJ-78227-92757,Candice Juarez,1690.0,284.0
AM-44577-48888,Antonio Mayo,54.0,4.0
MC-39301-23668,Mr. Oscar Charles,6487.0,1312.0
JH-43137-98594,Jason Hodge,84.0,22.0
TL-27489-59075,Tyler Leblanc,398.0,29.0
JO-60486-60389,Jamie Olsen,394.0,52.0
TW-79764-78218,Tyler Walker,703.0,164.0
JG-89532-57671,Joshua Gonzalez,1045.0,120.0
JM-27104-78721,Jesse Mcgrath,328.0,84.0
SD-98334-62934,Savannah Patel DDS,643.0,135.0
KW-16027-75680,Karen Wolf,2023.0,525.0
JD-41924-42995,Johnny Dixon,10159.0,1840.0
GN-48617-47120,Gabriel Nguyen,1107.0,189.0
GB-68603-75829,George Brown,450.0,65.0
MH-18081-19643,Mariah Holt,709.0,145.0
BP-26748-19508,Brian Perez,217.0,42.0
CH-49785-77167,Caitlyn Hernandez,499.0,45.0
ZT-62513-75281,Zachary Taylor,1122.0,163.0
TL-16222-55076,Timothy Larson,99.0,23.0
JJ-84597-73336,Jacqueline Johnson,10356.0,2041.0
BO-91285-97583,Brandon Ortiz,498.0,93.0
MR-56821-77731,Mr. Shane Robinson,7037.0,1001.0
JC-75319-65392,Julia Collins,1550.0,364.0
MR-68424-39141,Mark Russell,364.0,108.0
DR-13124-82146,Devin Rodgers,6539.0,1082.0
AS-54815-93844,Alex Smith,696.0,108.0
LO-13940-56015,Lisa Olson,1743.0,255.0
SF-92313-23217,Stephen French,488.0,130.0
RL-75429-65711,Roger Lynch,631.0,73.0
AH-33991-76398,Ann Harrell,2339.0,628.0
SW-54355-62727,Selena Wilson,445.0,56.0
ST-31916-17529,Sophia Taylor,728.0,80.0
RS-40531-54743,Regina Snow,51.0,5.0
BH-16714-43464,Bryan Hall,610.0,149.0
TH-22645-20831,Timothy Henson,625.0,96.0
TA-36859-84818,Tony Allen,496.0,90.0
DM-24262-13608,David Mendoza,2454.0,571.0
GL-94391-54964,Gary Leonard,354.0,37.0
JH-79287-85148,Joseph Howell,384.0,99.0
SR-77558-13746,Sara Ross,1731.0,252.0
HJ-40732-16621,Heather Jones,1148.0,213.0
DC-61991-22002,Dawn Combs,775.0,163.0
BP-30838-13269,Bailey Powers,1258.0,316.0
JH-43237-50544,John Holt,1474.0,239.0
AJ-41458-76953,Ariel Jacobs,1621.0,451.0
EM-78937-28654,Elizabeth Moreno,10084.0,1429.0
RB-41472-35862,Richard Brown,11123.0,2789.0
CL-81880-26018,Cody Le,2555.0,389.0
GG-92763-14052,Gerald Gallagher,668.0,105.0
BE-99721-97796,Briana Erickson,950.0,147.0
CH-16557-73783,Carlos Hernandez,367.0,77.0
MI-27039-39879,Mr. Christian Irwin,490.0,78.0
BC-26671-29394,Bryce Carlson,328.0,42.0
BT-50473-96613,Brooke Thompson,353.0,105.0
DC-75353-19285,David Church,328.0,58.0
MO-43781-35614,Michael Oneill,520.0,113.0
AW-56575-33190,Alejandro Warren,481.0,108.0
CO-43560-23631,Christine Odonnell,149.0,34.0
SR-54277-13954,Stephen Robertson,316.0,52.0
BB-69063-40246,Brian Bradshaw,4077.0,1101.0
CL-70091-30093,Craig Liu,337.0,64.0
PC-57629-84682,Paul Curry,1106.0,225.0
MA-41229-44344,Michael Acosta,1846.0,475.0
LT-74472-36683,Laurie Thompson,1117.0,168.0
JW-31515-28925,Jonathan Watson,877.0,164.0
TJ-21934-15999,Tammy Johnson,1726.0,273.0
JT-37527-28123,Jesus Tate,8119.0,1586.0
MM-93037-73530,Mikayla Miller,756.0,84.0
LS-86636-11637,Lindsey Schneider,367.0,62.0
VW-88758-56766,Virginia Williams,817.0,128.0
JJ-71408-69116,Joanne Joyce,305.0,47.0
ST-67236-62012,Sophia Torres,1562.0,436.0
MV-74928-16245,Michael Valdez,2847.0,191.0
NI-27812-50027,Nicholas Kelly II,6437.0,1113.0
KB-49876-64856,Kimberly Brown,977.0,211.0
JM-38329-56042,Jill Foley MD,516.0,125.0
MA-93823-36660,Michael Allen,171.0,13.0
BK-36521-40819,Brent Klein,1800.0,114.0
SO-29076-84785,Sabrina Olsen,1009.0,174.0
JD-54411-15041,Justin Duran,334.0,70.0
SA-33679-65607,Stephanie Austin,792.0,115.0
AW-78507-31909,Antonio White,816.0,143.0
CC-12231-42154,Courtney Caldwell,1586.0,216.0
BR-88169-25450,Brandon Reynolds,139.0,26.0
MW-93980-45179,Maria Woods,1132.0,262.0
JD-90096-84149,Joyce Davis,3733.0,742.0
BE-76103-74210,Brenda Edwards,621.0,126.0
SM-59715-38566,Stephanie Morrison,842.0,205.0
RR-81470-55945,Robert Ramsey,711.0,125.0
JD-84581-36048,Joel Davis,552.0,56.0
RS-77776-39364,Ryan Scott,667.0,111.0
SM-37305-53357,Susan Mccarthy,94.0,28.0
SC-15213-48568,Susan Campbell,148.0,35.0
IB-56466-16296,Ian Boyer,325.0,60.0
MA-13086-51806,Matthew Alvarez,697.0,137.0
JF-85440-87350,Jay Farmer,391.0,88.0
VP-10437-73446,Victor Porter,1380.0,203.0
EM-49138-28907,Eric Martinez,137.0,21.0
HM-19856-57176,Heather Miller,820.0,151.0
RH-54911-36752,Robin Hayes,1546.0,259.0
RS-91938-53241,Richard Smith,1318.0,212.0
CK-31625-50262,Courtney Keller,1154.0,203.0
AW-57489-53632,Annette Woods,1623.0,355.0
KP-57705-48229,Kelsey Patterson,258.0,20.0
RS-23308-51532,Rachel Shelton,234.0,31.0
CM-42642-90816,Cassandra Mitchell,263.0,72.0
DP-65522-92443,Donald Powell,690.0,124.0
LO-34513-64782,Leslie Oliver,477.0,86.0
AS-29942-66798,Ashley Shaw,367.0,82.0
KC-45382-91242,Kimberly Colon,10115.0,1903.0
MJ-23483-41792,Michael Jones,18125.0,3741.0
MM-84076-49035,Miranda Mosley,949.0,182.0
CL-75768-35229,Christopher Lopez,1075.0,245.0
SV-63308-98294,Stacey Velasquez,2594.0,473.0
KM-53756-34160,Kelly Marshall,1034.0,205.0
BW-90335-68187,Brian Wise,137.0,25.0
JM-17888-13546,Joseph Myers,848.0,105.0
JT-20383-19714,Judy Taylor,453.0,102.0
TT-58416-25825,Tracy Taylor,8555.0,1445.0
MA-69629-68376,Micheal Anderson,1131.0,209.0
EL-88571-34858,Eric Lawson,2277.0,315.0
KP-27591-59268,Keith Patterson,334.0,54.0
DK-22825-45253,Derek Kennedy,1330.0,181.0
FP-34438-24648,Felicia Perez,1533.0,315.0
MJ-91410-21228,Melissa Jones,100.0,12.0
DG-49352-69020,Derrick Gray,556.0,43.0
KS-89729-26867,Karen Smith,2037.0,316.0
AH-28387-66829,Andre Haynes,2176.0,425.0
BG-20252-30341,Becky Gonzales,305.0,48.0
LW-50817-43048,Lauren Wilson,1294.0,320.0
MO-88118-90093,Mr. Ronald Orozco,141.0,31.0
CM-79899-40507,Connor Miller,1491.0,265.0
ST-59422-61052,Samantha Thomas,278.0,31.0
GW-60469-98430,Gary Wilson,317.0,33.0
HT-64105-97324,Holly Torres,79.0,9.0
TK-69765-44917,Timothy King,9189.0,1518.0
JT-83016-38408,Jared Turner,3959.0,795.0
AR-48076-87535,Angela Roberts,432.0,115.0
LP-35689-88925,Lori Parker,2284.0,366.0
ML-89613-33013,Michelle Le,486.0,124.0
JD-75195-55490,Janet Dickson,807.0,214.0
CW-60026-43054,Christopher Wright,1061.0,250.0
RF-16233-24226,Richard Fernandez,230.0,18.0
RW-13780-69218,Russell Wilkinson,13214.0,2530.0
KC-75157-87216,Kelly Carter,516.0,88.0
KB-25759-56568,Kim Barrera,815.0,66.0
BR-52254-24954,Brandon Robertson,681.0,74.0
MT-42957-41343,Matthew Thompson,1380.0,324.0
TG-67489-44577,Tina Graves,9590.0,1572.0
MC-60233-27520,Mrs. Deborah Chambers,6346.0,973.0
MM-36566-93203,Michael Miller,15576.0,2000.0
KR-58754-76613,Kristen Ray,694.0,140.0
MJ-97244-72852,Mr. Raymond Jenkins,483.0,110.0
JG-79976-87553,Juan Gonzalez,2478.0,249.0
RJ-24616-15240,Ronald James,918.0,166.0
NH-99702-80153,Nicholas Harris,868.0,159.0
SR-62579-73864,Steven Roberts,230.0,51.0
AF-20003-84630,Alexis Ferguson,3384.0,736.0
BR-36674-57228,Brittany Rodriguez,9519.0,1998.0
JM-84104-46208,Jill Madden,804.0,108.0
JH-29963-57848,Jasmine Hale,426.0,22.0
JW-83107-34372,Johnny Williamson,771.0,134.0
CH-29777-19145,Christina Hebert,6682.0,1337.0
BC-68021-85722,Bruce Carney,533.0,100.0
BG-85839-20260,Bryce Gomez,1958.0,561.0
JP-54389-50928,John Perry,7989.0,1364.0
DK-45109-56752,Deborah Kennedy,2707.0,409.0
SJ-86433-76754,Sean Johnson,430.0,107.0
MB-79343-36534,Mitchell Booth,3756.0,339.0
CJ-40951-68357,Catherine Jones,397.0,71.0
JR-87079-55586,Jessica Rivera,671.0,176.0
LK-10724-14495,Laura King,231.0,43.0
JK-35830-58899,Julie Kelley,620.0,73.0
YL-31508-91425,Yolanda Lopez,7062.0,1193.0
MW-66062-60684,Michael Williams,1507.0,235.0
AH-77645-43176,Adam Hood,1665.0,303.0
JG-18072-77810,Jennifer Gross,166.0,18.0
RO-31860-84482,Robert Ortiz,480.0,60.0
MR-75578-33811,Mark Roberts,436.0,107.0
MT-35353-28892,Megan Tyler,2174.0,544.0
DT-34792-17097,Daniel Tyler,1050.0,101.0
AM-54312-65758,Alexandra Murphy,1461.0,387.0
WM-62170-24085,Whitney Maldonado,1063.0,144.0
GW-14539-44068,Garrett Williams,979.0,192.0
JS-34340-29601,Joe Sanchez,104.0,11.0
WR-80072-20331,William Robles,2288.0,460.0
EB-60567-26244,Eric Bauer,1158.0,125.0
JC-62697-25446,James Crosby,672.0,189.0
JH-21889-63223,Justin Harmon,373.0,51.0
JL-31525-98344,Jessica Lee,1499.0,353.0
JS-16858-78905,Jamie Sanchez,448.0,77.0
CT-23699-30480,Christopher Tucker,643.0,152.0
HW-50566-81103,Hannah Weber,1612.0,369.0
DY-96993-63293,Derek York,498.0,92.0
JW-74814-77675,Jennifer Wong,7506.0,1383.0
EP-49420-97563,Elizabeth Perez,2529.0,537.0
SB-26402-56070,Sarah Best,1181.0,241.0
RM-68685-74571,Rodney Moore,1630.0,412.0
FD-10804-92659,Fernando Delgado,387.0,79.0
BS-17037-11685,Brian Simpson,409.0,87.0
EW-32008-14954,Edgar Williams,1184.0,224.0
AR-76659-36374,Alicia Ryan,407.0,71.0
NJ-56162-98964,Nicholas Jacobs,2073.0,425.0
KP-89609-28457,Kristine Pierce,325.0,44.0
TS-23677-91675,Thomas Stewart,580.0,117.0
DS-92085-56062,Douglas Snyder,360.0,100.0
SL-69492-10682,Stephanie Logan,22844.0,4691.0
BS-23521-37979,Brian Schultz,376.0,64.0
FJ-62848-42074,Felicia Jackson,404.0,92.0
JR-52372-55972,Jessica Rivers,292.0,68.0
JM-31395-55650,John Montoya,1233.0,205.0
MG-96383-48071,Michael Gomez,445.0,99.0
WR-78010-31059,Warren Rich,1622.0,306.0
AH-39635-54869,Alexandra Hayden,2019.0,305.0
CW-50581-90891,Christina Wright,1130.0,179.0
ES-34361-64739,Eric Sullivan,8778.0,2044.0
DD-76792-27200,David Davis,511.0,52.0
GH-95595-29625,Gregory Hall,1063.0,244.0
JL-67812-90434,Jamie Leonard,1600.0,221.0
LM-74747-27315,Larry Mcdaniel,238.0,53.0
AA-36787-45250,Amanda Armstrong,337.0,74.0
HP-34001-87319,Holly Petty,1091.0,221.0
JG-43518-64726,Jordan Goodman,385.0,59.0
OM-25708-50310,Olivia Meyers,265.0,35.0
JH-93465-35845,Jessica Harris,417.0,95.0
MM-31630-86957,Mr. Steven Gray MD,620.0,107.0
DB-35563-11160,Diana Bradley,673.0,100.0
JH-68681-88126,Jennifer Hale,223.0,49.0
RL-53117-99372,Ronald Lindsey,1298.0,223.0
MP-37160-83783,Mrs. Olivia Horne PhD,2482.0,442.0
SK-96371-61794,Susan Koch,378.0,92.0
AB-69591-20201,Amanda Black,412.0,121.0
KB-52132-74006,Kathryn Boyer,1411.0,204.0
AJ-99109-90824,Alexis Johnson,1719.0,394.0
CL-43091-75205,Christopher Luna,897.0,209.0
SS-90957-17975,Sarah Smith,598.0,109.0
AB-53097-10774,Ashlee Baldwin,133.0,23.0
LF-36453-90442,Lisa Foster,729.0,168.0
MW-36903-38106,Monique Williams,1227.0,251.0
AS-93842-48687,Amanda Simmons,12267.0,2269.0
KD-84654-99931,Kristen Davis,7610.0,1350.0
EH-35471-24120,Emily Harrison,1016.0,109.0
AS-41047-94763,Arthur Stevens,519.0,102.0
DB-74648-13289,Dana Barrett,403.0,63.0
DJ-85017-78913,David Jones,101.0,30.0
DK-16385-39383,Daniel Knapp,451.0,42.0
CM-20354-22507,Courtney Moore,1600.0,214.0
HA-70305-83231,Heather Anderson,538.0,65.0
AS-22612-81410,Andrew Smith,436.0,45.0
DR-58496-35498,Derek Robles,541.0,119.0
DH-20461-33740,Dustin Haynes,242.0,55.0
RF-59374-45487,Rebecca Floyd,815.0,183.0
MA-97329-74000,Melanie Aguilar,94.0,5.0
SS-17875-81807,Scott Santiago,1148.0,241.0
JM-45827-84516,Jordan Maldonado,10079.0,2094.0
AS-61404-78938,Anthony Simpson,1163.0,171.0
BH-92147-27556,Bonnie Hurley,374.0,75.0
RL-25008-31699,Ruth Lester,355.0,70.0
DO-68680-99454,Deanna Obrien,654.0,163.0
DS-55209-38426,Dawn Sherman,392.0,84.0
GJ-68851-88588,Gary Johnson,1358.0,289.0
MD-82042-17250,Mr. Kyle Fisher DDS,128.0,15.0
SM-43415-60504,Sarah Mitchell,189.0,56.0
JS-90639-66847,Joe Sims,1578.0,303.0
AJ-64308-40561,Austin Jones,1170.0,172.0
CR-91671-68797,Courtney Ramirez,136.0,18.0
BE-15768-29063,Brian Eaton,2670.0,436.0
SM-15193-27050,Scott Mitchell,1286.0,237.0
HR-19436-74239,Hannah Rivera,698.0,170.0
TF-93843-97003,Theresa Flowers,336.0,69.0
LV-57210-81737,Leonard Velez,794.0,164.0
JK-54383-55811,Justin Keller,1542.0,280.0
TT-28332-49509,Thomas Tucker,1135.0,199.0
CA-34624-11382,Cathy Atkinson,364.0,75.0
SB-57042-63388,Steven Burns,580.0,119.0
AO-31762-75171,Allen Owens,9329.0,1787.0
JW-94188-15324,James Wheeler,597.0,86.0
RM-43658-14687,Renee Morris,133.0,31.0
LS-31941-12736,Larry Smith,1098.0,212.0
RR-72764-31055,Rodney Ray,10054.0,1530.0
KJ-12113-78833,Kenneth Johnson,1593.0,252.0
SA-98675-35367,Sarah Anderson,319.0,39.0
DR-71761-77425,David Rogers,1998.0,570.0
JW-59648-81351,John Weiss,1186.0,201.0
WP-45488-94545,William Perry,656.0,96.0
MM-67593-73734,Melissa Moore,258.0,32.0
SH-99501-73200,Samuel Howard,57.0,8.0
AB-67355-27595,Anthony Blake,58.0,10.0
AW-52538-70157,Alan Weber,326.0,66.0
RR-60260-57334,Ryan Rodriguez,343.0,36.0
RJ-80433-69293,Ruth Jones,1253.0,259.0
DR-75826-37965,David Robles,958.0,102.0
DV-32747-47346,Donna Vasquez,1109.0,117.0
CA-68657-64076,Christopher Anderson,2964.0,515.0
JC-27516-50247,Jennifer Campos,258.0,64.0
VT-38537-63834,Victor Taylor,729.0,162.0
MJ-70579-79000,Melissa Jones,843.0,229.0
WV-95459-73809,William Vaughan,779.0,100.0
BT-23934-68283,Brandon Thomas,679.0,97.0
LD-25716-14596,Lisa Dixon,559.0,127.0
GD-38822-39919,Gregory Freeman DDS,1419.0,236.0
CJ-33084-82000,Carolyn Johnson,1638.0,414.0
KS-49154-32440,Kyle Shelton,390.0,114.0
EH-15541-58198,Edward Hampton,355.0,76.0
CH-52761-32101,Carmen Huffman,16394.0,2243.0
MR-16087-77663,Melissa Rogers,1462.0,373.0
MC-15945-77285,Maureen Castillo,2467.0,526.0
TC-87983-20704,Timothy Chapman,10569.0,1936.0
EH-85656-82650,Emily Hughes,1063.0,219.0
KM-24557-91710,Kayla Miller,559.0,64.0
JW-67859-40011,Justin Wells,495.0,125.0
CA-49992-60270,Christian Andrade,4651.0,760.0
DW-10400-19988,Dustin Wade,416.0,74.0
LG-21556-23143,Lisa Graham,794.0,167.0
EF-81397-46934,Erika Fuller,1388.0,318.0
RB-90950-16891,Rebecca Bruce,543.0,93.0
JK-47808-88399,Julie Knox,353.0,47.0
DJ-93793-55814,David James,272.0,50.0
JM-21334-25267,Janice Morales,501.0,87.0
CG-79462-69090,Curtis Gomez,931.0,228.0
KL-92220-15857,Kimberly Lewis,663.0,50.0
AL-28394-41714,Amanda Lambert,597.0,71.0
SW-10133-26407,Sharon Wheeler,534.0,74.0
DS-80591-95100,Deborah Snyder,1023.0,181.0
JD-70630-77199,Jessica Dickerson,617.0,149.0
CS-71651-89975,Clifford Simmons,1146.0,151.0
MT-44804-38658,Matthew Thomas,1356.0,234.0
AC-68934-98428,Arthur Castro,195.0,21.0
JB-16952-17984,Jeffrey Bush,357.0,54.0
JM-49034-55673,Jessica Marquez,429.0,105.0
SS-52658-59613,Susan Sherman,706.0,159.0
BG-25738-31636,Brendan Graves,1462.0,234.0
FM-79908-44673,Frederick Mcdonald,54.0,13.0
TP-60721-33001,Traci Parker,823.0,159.0
LH-77320-61566,Lisa Hobbs,111.0,29.0
TC-56391-28802,Thomas Clements,1831.0,231.0
KP-70852-62940,Kenneth Garcia PhD,183.0,49.0
RW-27544-35365,Robert Williams,2075.0,592.0
MS-17779-91928,Michael Smith,965.0,219.0
CH-89768-80301,Christina Hernandez,1254.0,232.0
PD-21123-90583,Pedro Williams DDS,703.0,171.0
MM-22631-17329,Mr. Philip Mckenzie,406.0,82.0
RL-35635-19538,Robert Larson,737.0,50.0
BR-16893-83402,Brianna Ross,531.0,121.0
JA-40146-52789,Joseph Ali,492.0,129.0
KC-43671-11156,Kim Carroll,52.0,13.0
DM-19799-82520,Donald Morgan,1058.0,141.0
XB-38201-57694,Xavier Barnes,1778.0,275.0
MH-33332-91077,Megan Hernandez,1980.0,260.0
MC-45068-80356,Mark Cortez,1708.0,284.0
CM-67417-27568,Charles Miller,1013.0,222.0
JW-45458-84399,Joy Welch,453.0,104.0
SV-71046-14819,Sandy Vance,65.0,17.0
DG-77925-10213,Daniel Garcia,95.0,11.0
PM-34856-40629,Patricia Morton,657.0,170.0
KT-17438-38427,Keith Torres,937.0,122.0
RR-71083-16218,Richard Rowe,407.0,57.0
DW-16187-54718,David Williams,507.0,104.0
SD-55093-35758,Scott Dorsey,1258.0,244.0
MR-25052-73776,Malik Roberts,1502.0,259.0
AR-51548-83782,Anthony Randall,142.0,14.0
SB-64450-11394,Sarah Barker,7451.0,1508.0
JA-65646-87726,John Alexander,545.0,132.0
CJ-16795-61494,Collin Johnson,521.0,56.0
ER-24171-72908,Elizabeth Ramos,397.0,32.0
LL-41019-27042,Linda Lawrence,1400.0,150.0
TB-67375-61253,Tonya Bond,737.0,61.0
AM-13084-83530,Antonio Miller,633.0,77.0
NW-60945-40278,Natalie White,1565.0,274.0
HC-20867-26387,Holly Castillo,1194.0,126.0
RW-33362-28221,Robert Watson,1357.0,240.0
BM-76102-26216,Barbara Mason,1541.0,254.0
JT-14847-65867,Jessica Todd,379.0,61.0
WT-28719-94723,Wendy Turner,1189.0,233.0
HM-24302-98574,Henry Meadows,8453.0,1410.0
PM-69272-67265,Patricia Martin,608.0,57.0
JL-94348-47239,Justin Lee,569.0,74.0
CW-50454-18685,Courtney Wong,1301.0,359.0
AD-86335-11144,Anthony Smith DDS,1705.0,309.0
JJ-10752-49852,Jerry Jackson,279.0,19.0
JN-36254-72480,Jacqueline Nicholson,360.0,94.0
AR-95561-18908,Amanda Ryan,376.0,21.0
FH-96257-64988,Frank Hoffman,391.0,44.0
SB-99650-34338,Sydney Banks,1890.0,319.0
EH-20896-97836,Elizabeth Hensley,1152.0,198.0
JA-98961-10617,Julia Arroyo,1468.0,320.0
RM-24403-64049,Robert Murray,1557.0,290.0
AB-39218-62420,Anthony Bullock,500.0,50.0
HM-58953-98461,Heather Austin MD,121.0,15.0
LH-68625-67457,Lisa Hughes,1126.0,277.0
DC-89000-57379,Donald Chen,283.0,52.0
JM-14609-59866,Jack Miller,2176.0,355.0
AR-21808-92585,Alfred Rodriguez,212.0,35.0
AW-22856-11619,Allen White,869.0,127.0
DR-98245-35954,Dakota Robertson,8967.0,1076.0
SL-57397-96531,Stephen Lester,1283.0,284.0
BW-70201-12262,Brian Webb,205.0,31.0
JP-73562-60710,Jennifer Ponce,295.0,49.0
GW-53578-70621,Gina Wood,405.0,106.0
WH-48156-94415,William Harrison,228.0,20.0
TH-33481-90805,Thomas Harrell,1035.0,218.0
JJ-15220-12064,Jeremy Jackson,418.0,41.0
SW-75498-12702,Sarah Wong,882.0,78.0
CW-51817-80793,Christine Whitney,782.0,197.0
JM-45585-79094,Joseph Mccarthy MD,766.0,89.0
AP-93870-53699,Aaron Pierce,376.0,33.0
DF-72459-60379,Donald Fitzgerald,443.0,50.0
KJ-17941-98229,Kevin Johnson,81.0,7.0
DP-86317-33541,David Padilla,457.0,57.0
ST-56919-88771,Samantha Thomas,1515.0,373.0
CE-58810-97852,Connie Edwards,5512.0,898.0
ZI-49766-21621,Zachary Moore III,143.0,15.0
RS-78338-50873,Randall Sharp,1485.0,228.0
MJ-91352-86450,Michael Johnson,978.0,156.0
MS-30049-83392,Manuel Sanders,931.0,76.0
SC-16007-52850,Samantha Carroll,51.0,7.0
JR-67455-56546,Joel Ramirez,164.0,34.0
JB-12476-42795,Jacob Buchanan,304.0,68.0
TM-70027-58279,Tiffany Miller,416.0,49.0
AJ-17781-72568,Amanda Juarez,885.0,120.0
RJ-84225-56975,Rhonda Johnson,586.0,153.0
LM-10973-62283,Lori Martin,4268.0,1079.0
SJ-24104-46205,Stephanie Jones,1095.0,244.0
JH-11703-96233,Joshua Holmes,1050.0,252.0
KJ-71043-71962,Katrina Johnson,8907.0,1421.0
JE-83575-87460,Jessica Evans,9537.0,1838.0
MT-76527-96820,Michael Thomas,649.0,70.0
EJ-29017-46817,Emily Johnson,1416.0,357.0
MP-61643-35160,Mark Payne,12834.0,1948.0
PL-44943-17708,Pamela Lopez,362.0,65.0
AC-37800-68849,Anthony Cruz,229.0,31.0
LC-51613-88455,Lawrence Clark,220.0,49.0
BA-81653-81540,Brian Allen,829.0,93.0
AM-50690-59018,Annette Mccormick,837.0,109.0
DT-82447-27270,David Thomas,339.0,20.0
WA-60074-45358,Walter Anderson,1605.0,269.0
DG-47898-71118,Diana Griffin,255.0,23.0
MF-11253-45631,Michael Franklin,385.0,90.0
EW-67753-62307,Edward Wilson,613.0,161.0
RD-85738-47459,Richard Dunlap,1094.0,205.0
KP-41638-86401,Kristie Palmer,6731.0,1770.0
WG-92299-74930,William Graham,1325.0,260.0
CS-18845-70583,Carol Schultz,830.0,78.0
RN-91139-92142,Regina Neal,875.0,122.0
JD-58359-50136,Jason Dyer,643.0,115.0
NW-33063-23789,Norman Williams,10654.0,1945.0
MM-26302-46075,Michael Moreno,735.0,175.0
SW-71298-17886,Stephanie Wolf,591.0,99.0
SC-37547-89798,Sarah Carter,17355.0,3479.0
LW-15119-86379,Larry White,1901.0,279.0
LS-57839-92671,Lindsey Sullivan,167.0,29.0
RS-92048-22576,Rachael Smith,318.0,33.0
DO-94575-55100,Daniel Owen,770.0,132.0
SC-60886-42608,Sara Cruz,486.0,108.0
JM-96946-59569,John Moss,758.0,189.0
MW-72848-89224,Monica Wright,381.0,43.0
MC-35565-14479,Michael Chen,1920.0,412.0
RL-18229-14137,Richard Lee,6738.0,1331.0
DH-11169-70892,Dawn Hernandez,1407.0,257.0
EG-49670-51205,Erin Gonzalez,1077.0,214.0
JS-87987-92017,John Smith,363.0,77.0
EJ-36898-42496,Elaine Johnson,533.0,96.0
JW-85699-75423,Janice Weaver,1649.0,184.0
MH-18369-21541,Michael Huffman,716.0,70.0
CL-34188-54138,Carol Lawson,310.0,54.0
NM-92339-57258,Noah Miller,1002.0,161.0
JM-18783-75073,Jessica Mays,419.0,79.0
BR-59881-33613,Bradley Rush,1363.0,147.0
SL-83446-26243,Steven Lawson,780.0,91.0
TJ-48696-30344,Tamara Jackson,2610.0,503.0
CL-20118-20504,Cassandra Lewis,654.0,121.0
MR-24043-92675,Michael Raymond,1120.0,105.0
LC-59258-83570,Lisa Cruz,1083.0,195.0
KJ-51517-88370,Kimberly Juarez,471.0,115.0
PL-33157-15606,Patricia Long,1117.0,175.0
SJ-56452-84778,Samuel Jones,391.0,37.0
MR-48640-84577,Mark Ross,887.0,57.0
AH-79051-12863,Ashley Hughes,540.0,142.0
KW-80151-54206,Katherine Ward,265.0,68.0
CG-56909-92440,Chelsea Gutierrez,597.0,152.0
MG-26525-65306,Melissa Gibson,1143.0,159.0
DD-44816-41211,Daniel Davis,17593.0,4070.0
RJ-98723-72765,Ronald Blanchard Jr.,657.0,133.0
RR-57614-36635,Rose Ryan,1144.0,190.0
JF-73206-56182,Jennifer Fuller,142.0,12.0
AN-70187-46862,Alicia Nguyen,698.0,165.0
MF-94296-93811,Michelle Fisher,611.0,117.0
DB-60144-29895,David Barber,1609.0,367.0
JB-90644-20808,Janet Bryant,903.0,218.0
DE-15068-95415,David Ellis,899.0,131.0
MC-58296-15157,Matthew Cruz,1054.0,159.0
TS-76444-79032,Timothy Shelton,171.0,48.0
MT-69786-69905,Margaret Todd,10405.0,2896.0
MM-49897-85499,Mary Mullen,2177.0,400.0
PP-59430-78577,Patricia Pacheco,10066.0,1682.0
PL-88259-52922,Patricia Lewis,77.0,14.0
JR-87376-17312,Julie Robinson,148.0,28.0
DW-19348-29072,Dustin Williams,548.0,84.0
TM-97062-63706,Timothy Mills,945.0,197.0
MB-74916-45805,Michael Barber,668.0,126.0
KB-40218-89963,Kevin Barton,260.0,23.0
MD-61233-46694,Ms. Kimberly Thomas DDS,467.0,102.0
PM-92223-33703,Paula Mccann,190.0,48.0
ER-36799-40110,Eric Ritter,201.0,42.0
AB-84295-81909,Antonio Blake,573.0,95.0
CL-36659-40582,Colleen Long,342.0,86.0
JH-90600-26327,John Harris,6437.0,958.0
JB-75705-70205,Jeffrey Ballard,1576.0,318.0
SW-61257-80018,Sarah Wilson,484.0,89.0
AG-25227-85330,Amy Greene,583.0,100.0
MM-34395-89650,Mr. Earl Myers,472.0,98.0
AG-96874-26965,Ashley Griffith,4546.0,830.0
PM-75181-20672,Patricia Meyers,675.0,124.0
AN-71338-35321,Amanda Nelson,947.0,189.0
TC-46425-27144,Tommy Callahan,791.0,98.0
AW-48717-18620,Ashley Wright,282.0,58.0
DM-86189-55889,Daniel Miller,406.0,89.0
EJ-94978-99251,Ernest Jones,92.0,26.0
JS-19183-66457,Jacob Sanders,633.0,57.0
ZG-37114-78173,Zachary Gay,442.0,75.0
SV-80528-74449,Stephanie Vasquez,1744.0,421.0
AD-26318-97813,Anna Davis,1222.0,225.0
HP-98902-33324,Henry Phillips,453.0,65.0
LR-33733-31401,Logan Robinson,10746.0,1135.0
WD-50294-22006,Wendy Dixon,1920.0,379.0
BC-20547-56681,Bryan Clark,750.0,86.0
CL-33199-83924,Cindy Little,83.0,15.0
MF-87412-17364,Marie Figueroa,232.0,32.0
JK-31795-18990,Jeremy King,463.0,60.0
JO-69033-98036,Joshua Ortiz,1452.0,136.0
HA-93878-99483,Henry Arias,1362.0,215.0
AH-29327-62612,Amanda Hicks,419.0,53.0
CR-75052-25416,Charles Romero,6743.0,1260.0
CG-60672-55687,Cindy Graham,234.0,23.0
KG-93840-32276,Kimberly Gonzales,416.0,85.0
SL-40874-86623,Shannon Lewis,928.0,140.0
JR-89235-26014,Jenna Reid,140.0,30.0
EH-17131-36367,Edward Horton,1930.0,379.0
DD-90586-72187,Daniel Daugherty,1299.0,218.0
JY-22344-94235,Jared Young,652.0,119.0
WL-58488-88714,Wesley Long,481.0,82.0
CW-49506-40298,Courtney Welch,1287.0,287.0
CA-62164-96927,Cathy Anderson,1017.0,190.0
DF-15901-79761,Debra Farrell,853.0,188.0
AM-82941-60483,Allison Brown MD,648.0,69.0
JC-37336-85726,Jeffery Cuevas,294.0,20.0
JB-58212-26337,John Bennett,9809.0,1728.0
LM-40777-88407,Linda Mcclain,436.0,53.0
DC-61215-20364,Danielle Cole,14570.0,2674.0
DM-47422-41398,David Martinez,435.0,103.0
JD-43631-84872,Jennifer Dominguez,1599.0,302.0
JE-14547-87844,Jared Espinoza,238.0,58.0
BR-24156-41542,Bruce Reynolds,1001.0,216.0
BH-72580-91651,Brooke Harmon,874.0,196.0
AS-69858-76233,Audrey Salazar,955.0,143.0
JH-90883-14291,James Howard,10537.0,1949.0
MR-81364-17218,Ms. Karen Rodriguez,173.0,30.0
MP-42449-63712,Michael Peterson,704.0,134.0
TM-61944-11179,Timothy Meadows,398.0,67.0
DT-35957-61264,David Trevino,919.0,256.0
JH-78590-20347,Jade Huynh,640.0,168.0
CH-42208-92183,Christopher Hernandez,677.0,158.0
DH-62044-43924,David Hernandez,644.0,131.0
JC-99915-30129,Jessica Carter,1027.0,219.0
JM-60119-86601,Jerry Mcmahon,600.0,94.0
ST-89930-53998,Stacey Thomas,1785.0,178.0
SK-58051-50477,Sandra King,287.0,48.0
CA-79062-54824,Crystal Arnold,11712.0,1927.0
CP-78482-78334,Christopher Perry,842.0,120.0
PA-91183-26819,Pamela Anderson,1031.0,145.0
VG-94665-13446,Valerie Griffin,570.0,95.0
LW-40984-64166,Lindsey Walker,333.0,31.0
BS-90090-72479,Brooke Smith,603.0,120.0
MD-11372-84117,Mr. Justin Jackson DVM,1047.0,224.0
MS-62070-99898,Mr. Zachary Stephens,501.0,48.0
AO-94363-79237,Aimee Odom,812.0,112.0
CM-18892-46903,Courtney Brown MD,1414.0,277.0
AG-53306-91217,Amanda Garcia,313.0,51.0
JL-89785-42669,John Lawrence,74.0,5.0
HW-21858-85248,Holly Williams,1221.0,202.0
DD-82554-78327,Deborah Day,781.0,125.0
SH-36694-82428,Shelly Hill,669.0,111.0
CH-19046-49365,Cheryl Holloway,9338.0,1752.0
KJ-28414-75638,Katherine Jackson,1113.0,291.0
DP-82022-62593,Dakota Campbell PhD,17875.0,2425.0
LR-52334-52371,Lisa Rodriguez,56.0,17.0
JS-64792-62874,John Scott,6517.0,975.0
CM-89343-89296,Christopher Miller,9062.0,1780.0
VL-61161-31054,Vicki Lozano,287.0,55.0
LJ-87483-66724,Lori Johnson,255.0,13.0
KR-88800-37510,Kathleen Romero,198.0,43.0
BM-91773-85703,Brian Michael,511.0,127.0
HE-73875-42405,Helen Ellis,1792.0,421.0
DC-55022-46914,David Cox,333.0,40.0
KB-44600-75099,Kellie Barnes,810.0,174.0
JH-78352-81396,John Harris,465.0,100.0
GY-32151-62218,Gregory Yang,496.0,53.0
CS-81880-37401,Cynthia Scott,1333.0,215.0
KL-58216-24461,Katie Long,597.0,80.0
JS-33795-31646,Julie Smith,1356.0,338.0
TW-60602-74099,Tonya White,229.0,40.0
TL-67474-57630,Thomas Le,600.0,90.0
AZ-35558-88689,Andrew Zamora,514.0,142.0
AS-86994-56518,Andrew Simmons,512.0,116.0
MT-74987-41108,Miss Melissa Taylor,2167.0,244.0
KL-14621-60355,Kathryn Levine,1294.0,299.0
SB-14943-88159,Shannon Bradford,275.0,31.0
DJ-87352-19917,Derek Jones,1871.0,173.0
JD-59031-96238,Joseph Douglas,264.0,73.0
JC-37065-64944,Juan Carroll,8557.0,1550.0
DW-93056-52272,Daniel Whitehead,952.0,222.0
JJ-81494-97914,Johnny Juarez,858.0,113.0
MS-52681-82615,Michelle Sanders,956.0,226.0
KC-19014-25529,Kiara Chen,339.0,89.0
RF-38119-39316,Rebecca Fernandez,1690.0,273.0
KY-46144-11785,Katherine Yang,640.0,69.0
JH-86716-72049,John Harris,555.0,50.0
SP-73866-20754,Stephanie Prince,5243.0,709.0
RW-82111-64026,Rachel Watson,11358.0,826.0
MD-91906-17214,Mary Davis,322.0,44.0
TV-35588-61133,Tara Vargas,981.0,281.0
TR-78856-41842,Tamara Roberts,1271.0,229.0
CA-68710-62324,Crystal Alexander,2472.0,303.0
JD-11148-15726,Joseph Davis,6162.0,972.0
SB-83841-39557,Stephanie Bernard,585.0,127.0
CI-94901-75797,Christopher Ibarra,887.0,130.0
HV-43480-66607,Hector Valdez,403.0,53.0
WO-46308-10965,Whitney Olson,486.0,72.0
HN-37765-84752,Heidi Nielsen,264.0,76.0
SN-45549-92208,Selena Norris,1097.0,147.0
SA-89155-66550,Samuel Atkinson,426.0,81.0
TB-19170-97548,Terri Brown,1209.0,244.0
AB-55726-84942,Amy Bryant,9739.0,1860.0
SR-68574-35380,Susan Richardson,8431.0,1535.0
RM-55671-37593,Rachel Haley MD,373.0,50.0
MW-30245-15663,Melissa Warren,774.0,76.0
TH-63245-37161,Tonya Henderson,1940.0,263.0
RG-97470-40991,Richard Gilmore,1816.0,281.0
AR-38737-95957,Ana Robertson,6902.0,1109.0
BB-29078-13555,Barbara Black,3835.0,426.0
KT-96605-61804,Kevin Thomas,3716.0,645.0
TK-45831-34015,Tanya Kent,349.0,59.0
TH-40095-67549,Tara Hobbs,343.0,56.0
JM-82905-12945,James Morgan,1582.0,239.0
AW-41195-54209,Amanda Wood,1405.0,294.0
JS-57410-87934,Jonathan Smith,411.0,32.0
CS-60078-72245,Charles Smith,395.0,61.0
AG-39031-18619,Anthony Gray,1439.0,297.0
CJ-51490-20141,Courtney Jimenez,1066.0,243.0
LP-14647-18765,Leslie Pratt,1529.0,339.0
AM-64447-26055,Alex Mata,1625.0,310.0
BW-98032-32482,Benjamin Williams,784.0,177.0
RO-74877-92912,Rebecca Olson,432.0,56.0
MS-29440-88951,Matthew Santiago,10268.0,1553.0
SM-34533-55037,Steve Moore,491.0,30.0
WK-81803-38062,Wyatt King,1437.0,175.0
LB-99003-47255,Louis Barton,825.0,152.0
CM-89384-37571,Cynthia Mcdonald,351.0,69.0
AA-92450-60137,Amy Archer,18301.0,3730.0
AP-17085-64212,Ann Perez,783.0,182.0
ER-45048-97360,Erica Romero,667.0,112.0
DC-56463-69842,Daniel Carpenter,8195.0,1573.0
LK-93469-62082,Larry Kim,846.0,123.0
KC-58092-26490,Kevin Chavez,1278.0,183.0
AF-29238-43966,Ashley Ford,9001.0,1536.0
JC-55403-26121,Jason Carr,2148.0,413.0
DW-60129-61220,Daniel Willis,134.0,19.0
JA-20718-16171,Jennifer Andrade,570.0,117.0
CB-44221-13066,Chad Brown,1282.0,313.0
SG-43004-28598,Stephen Grant,166.0,26.0
DB-46517-12929,Douglas Burton,532.0,97.0
MV-46945-38045,Michael Valdez,64.0,18.0
EM-59209-73576,Eric Miller,540.0,91.0
BP-65202-48881,Bryan Patel,2242.0,244.0
AK-99142-64562,Andrew King,339.0,70.0
AA-87495-65582,Alexander Arias,443.0,121.0
SL-33755-81247,Sarah Luna,591.0,139.0
WB-49909-67223,William Bauer,465.0,73.0
CD-84182-37403,Christopher David,2193.0,403.0
DF-27188-54269,Daniel Friedman,593.0,119.0
CR-14099-80845,Corey Reyes,622.0,149.0
ER-94719-12384,Eric Rice,1491.0,281.0
SF-42815-99337,Stephanie Fitzgerald,337.0,18.0
ML-40816-49877,Michael Lowery,668.0,172.0
JS-35403-92171,Joshua Sherman,432.0,91.0
SE-21274-85184,Shane Estrada,598.0,47.0
JP-21895-27572,Jay Price,486.0,92.0
SH-57321-21297,Steven Hernandez,1565.0,268.0
JK-43005-48876,John Kim,2288.0,271.0
JN-39650-73638,Joseph Nixon,352.0,55.0
SW-18516-12165,Summer Walker,636.0,150.0
MC-51426-11689,Morgan Carr,263.0,47.0
KH-46264-44760,Kimberly Houston,1154.0,173.0
BG-73392-98100,Brenda Garcia,2146.0,317.0
ES-78390-55515,Edward Sanchez,1856.0,146.0
AC-12644-19054,Amanda Cox,1494.0,199.0
DB-95736-53302,Dr. Haley Barry,658.0,147.0
MH-35126-43511,Marcia Howard,701.0,138.0
JH-24619-18376,Joseph Hernandez,8493.0,1562.0
KB-90459-48270,Kathryn Bowen,818.0,129.0
KK-56846-82491,Kenneth Kim,895.0,139.0
EM-41070-18782,Elizabeth Molina,2529.0,454.0
LB-62790-71217,Logan Blair,408.0,98.0
JK-73958-36632,Johnny Khan,828.0,143.0
JK-64290-78525,Joseph King,927.0,117.0
MG-92522-90059,Marvin Grant,1486.0,184.0
AW-27463-99059,Anna Weiss,310.0,20.0
MP-66553-77538,Matthew Phelps,390.0,43.0
RD-13304-11502,Roger Davis,1590.0,197.0
MG-95128-16710,Meghan Gibbs,149.0,40.0
FM-73468-80658,Felicia Martinez,473.0,55.0
MB-42303-41010,Mr. Patrick Barrera,143.0,31.0
DH-24516-12904,Dennis Hughes,888.0,206.0
NR-29062-39649,Nicholas Riddle,190.0,25.0
MJ-19134-52577,Megan Jones,4467.0,1147.0
SA-73210-74666,Stefanie Allison,1158.0,130.0
EK-38572-56773,Erica Kemp,1167.0,179.0
DW-29887-78188,David Weeks,345.0,88.0
CP-87930-52158,Christopher Peterson,16278.0,2026.0
RP-27487-34529,Rhonda Perez,1377.0,344.0
NW-92839-65387,Nathan Williams,1865.0,217.0
TO-20778-89536,Travis Odonnell,82.0,5.0
AP-51236-24995,Austin Patel,531.0,122.0
CH-86690-63776,Christopher Harvey,1059.0,167.0
RW-90380-98784,Rodney Wilkinson,1024.0,96.0
ZM-31951-97568,Zachary Martin,896.0,141.0
TS-42849-45678,Terri Sullivan,752.0,112.0
KC-30931-94565,Kara Cooley,797.0,96.0
BH-21494-36488,Brittany Hubbard,2092.0,586.0
HW-81484-41790,Henry Walker,521.0,89.0
RS-44433-37518,Robert Schultz,2125.0,214.0
WM-65913-37356,Wayne Miles,1126.0,141.0
JW-35216-94389,Jose Williams,1179.0,141.0
DM-51579-68610,Dr. Anna Marquez,415.0,90.0
BW-31096-75018,Brian White,667.0,35.0
TD-83637-64044,Trevor Dixon,450.0,97.0
HH-20701-69955,Heather Harrell,78.0,10.0
RB-78548-19832,Ryan Bailey,750.0,112.0
RJ-90379-77641,Renee James,466.0,110.0
TJ-63911-47809,Travis Johnson,290.0,54.0
AS-69640-29636,Alan Suarez,5829.0,1161.0
EJ-73588-60393,Elaine Jackson,291.0,70.0
BS-31363-13019,Brian Sanders,142.0,9.0
JP-93068-82051,John Patterson,246.0,66.0
AP-96442-35664,Anthony Palmer,716.0,157.0
RG-64787-72790,Rhonda Grant,133.0,39.0
DB-20530-25420,Dana Brown,570.0,78.0
JB-25982-92422,Jennifer Baker,964.0,131.0
AW-43139-42395,Allen Ward,343.0,24.0
JC-40976-96563,Jennifer Clark,290.0,45.0
NP-21947-39046,Nicholas Peters,156.0,25.0
BH-61513-21308,Bradley Hodges,1489.0,189.0
JM-28488-63797,Jennifer Mcclain,9887.0,2143.0
JC-99587-79229,Jennifer Cervantes,1635.0,394.0
DM-66295-51190,Diana Mcclure,674.0,60.0
TP-79833-49535,Tracy Powers,520.0,101.0
JS-94236-66881,Jade Sanchez,955.0,129.0
GR-72525-12420,Gregory Ross,219.0,61.0
SA-83044-81254,Sarah Anderson,938.0,133.0
CD-67419-53770,Carol Dixon,932.0,194.0
EW-70188-39912,Eric Williams,864.0,150.0
MP-41039-71552,Melissa Peterson,278.0,24.0
DJ-82967-38623,David Johnson,2043.0,225.0
JM-59815-66258,James Morse,693.0,104.0
JC-55202-80283,Jeffrey Coffey,1882.0,463.0
KB-57631-63350,Kevin Burns,455.0,104.0
JL-64113-12182,Jennifer Larson,284.0,20.0
CS-92900-66651,Charles Sandoval,531.0,148.0
DH-36091-24277,Deborah Hansen,8618.0,1736.0
AV-54833-45443,Alyssa Vasquez,1822.0,230.0
SG-56160-38673,Sean Green,93.0,22.0
MC-22753-52831,Matthew Cantu,1011.0,121.0
TC-17891-47344,Tiffany Cohen,1434.0,205.0
MR-96888-61896,Megan Riggs,930.0,146.0
KT-11595-13413,Kaitlin Trevino,266.0,17.0
EB-72364-87134,Erica Burgess,697.0,186.0
MR-85395-26477,Mary Robinson,13339.0,2550.0
JD-37290-61056,Justin Davis,995.0,144.0
DF-68013-93060,Dr. Robert Frye,73.0,22.0
NK-52712-20453,Nicole Kelly,1548.0,204.0
JC-60321-78075,Joshua Crawford,481.0,34.0
LW-63174-30339,Lauren Weaver,1409.0,210.0
IM-75648-30191,Isaiah Morris,1085.0,223.0
JH-92001-49715,Jennifer Hopkins,465.0,52.0
ED-31368-14293,Emily Dominguez,1517.0,309.0
TC-39028-87420,Travis Campos,596.0,104.0
TB-55930-29455,Timothy Barnes,252.0,32.0
JW-12682-35568,James Wagner,719.0,149.0
CP-31184-78446,Courtney Pacheco,5659.0,1194.0
FC-45236-54839,Frederick Contreras,1069.0,150.0
NW-98771-79940,Nicole Walker,1109.0,96.0
LH-52856-93675,Lisa Hansen,140.0,31.0
LW-86229-68700,Louis White,999.0,198.0
HM-70129-28824,Holly Mcneil,468.0,53.0
JB-57521-33876,James Benton,950.0,226.0
CG-59158-69714,Candace Griffith,2839.0,333.0
CH-12060-33868,Christina Howell,265.0,54.0
SC-78019-90632,Stacy Clay,383.0,111.0
DS-83065-50160,Daniel Smith,838.0,199.0
KS-53817-55023,Kevin Singh,196.0,23.0
AH-94223-42818,Anthony Hardy,292.0,34.0
WO-13374-12932,Willie Oneal,342.0,54.0
MS-21404-92253,Mrs. Sabrina Smith,997.0,116.0
JR-22929-18623,Jordan Randall,951.0,124.0
EW-38056-62970,Ebony Wilson,10688.0,1876.0
PB-84304-49622,Paul Berry,182.0,12.0
DJ-50021-21305,Dr. Kevin Braun Jr.,650.0,167.0
RM-37819-83054,Robert Meadows,1293.0,241.0
AB-10633-54224,Amy Butler,2572.0,554.0
MJ-96965-65773,Mary Jones,7719.0,1176.0
EM-11014-61146,Elizabeth Mayer,1763.0,259.0
JW-80726-76559,Joseph Wilson,892.0,153.0
NC-94878-60744,Nathan Cuevas,2214.0,238.0
DM-60027-38399,Dennis Mcdonald,692.0,88.0
KC-65103-53057,Katherine Carr,1346.0,282.0
SP-97079-49183,Stephanie Price,1363.0,156.0
JC-31926-66107,Juan Conley,2747.0,361.0
CD-35814-20553,Crystal Davis,1229.0,235.0
BL-45306-37591,Brian Lopez,883.0,183.0
AH-50969-93357,Antonio Hanson,648.0,89.0
DL-80165-31682,Devin Lewis,676.0,77.0
MH-55552-69739,Miss Danielle Harrell,699.0,75.0
JH-24629-76345,John Howard,461.0,69.0
JA-21095-84101,Joshua Avila,804.0,164.0
BB-38172-60007,Brandon Barton,770.0,148.0
SH-71694-17541,Samuel Henry,1079.0,187.0
LH-46345-94927,Luis Hall,740.0,177.0
JH-45535-42520,John Hurst,773.0,214.0
ML-16800-30249,Maria Lewis,1393.0,278.0
MB-63714-89126,Maria Bowman,1256.0,160.0
CL-81193-44195,Christopher Lee,8259.0,1584.0
SR-83260-67151,Sarah Richardson,157.0,11.0
EM-28585-26054,Edward Mcneil,846.0,138.0
EW-40388-45871,Eric Walsh,511.0,97.0
TT-33732-53286,Timothy Thomas,357.0,52.0
MS-33104-12330,Michael Schultz,1335.0,233.0
AM-89142-46909,Alexandra Miller,673.0,58.0
TC-65824-73493,Tracy Castillo,381.0,46.0
LB-12165-16488,Lisa Boyle,385.0,49.0
TA-89233-40990,Tony Acosta,998.0,183.0
TR-39287-54626,Tamara Robertson,625.0,116.0
DH-67259-54504,Debbie Holt,1593.0,254.0
TR-91584-64457,Tammy Rogers,307.0,78.0
SK-21467-84842,Sarah Kim,17205.0,3337.0
RJ-80734-41741,Richard Johnson,407.0,37.0
EC-89957-73640,Erica Campbell,512.0,94.0
RS-19145-63206,Riley Singleton,1676.0,330.0
DP-56701-68541,Danielle Powell,357.0,77.0
ST-86991-43120,Scott Taylor,7685.0,534.0
MA-12352-11674,Michael Anderson,1483.0,283.0
MT-67767-65085,Mark Tucker,303.0,48.0
MH-61799-81440,Michael Hernandez,4229.0,1191.0
RJ-99644-19961,Robin Jackson,974.0,143.0
CR-51063-52496,Corey Reilly,1020.0,226.0
JR-17805-41645,Jeffrey Rodriguez,641.0,125.0
HV-92403-53317,Heather Valdez,1912.0,357.0
GW-56406-78707,Gregory Williams,571.0,119.0
JH-83668-86495,John Holt,95.0,10.0
WW-74010-26803,William Walls,416.0,63.0
AL-87848-80380,Ashley Landry,920.0,215.0
AG-62563-36886,Andrew Graham,344.0,44.0
CL-82034-55625,Christina Lane,2690.0,355.0
HW-59435-83940,Hailey Walker,953.0,195.0
SV-94416-53609,Sharon Valencia,6825.0,1263.0
JR-33477-58159,Jeremy Riddle,303.0,45.0
MH-58183-36294,Maurice Huff,741.0,83.0
JF-73909-13496,Joe Fitzgerald,5512.0,1050.0
MR-91928-86097,Matthew Ray,1905.0,266.0
CD-15305-29155,Caroline Dunlap,1653.0,230.0
GD-37292-54905,Gary Davis,266.0,28.0
DB-55562-25270,Daniel Barton,354.0,67.0
BJ-65106-90940,Brenda Jones,1744.0,341.0
SK-11926-97816,Stephanie Krause,1355.0,242.0
AW-70165-87919,Adriana Williamson,430.0,74.0
MK-48291-71583,Matthew Knox,919.0,178.0
KO-57773-83661,Kenneth Olson,1123.0,227.0
MW-62510-40648,Mary Ward,1573.0,278.0
WN-55431-31343,Walter Nguyen,178.0,31.0
KP-91872-96218,Keith Park,1963.0,310.0
CP-16704-49115,Christopher Payne,274.0,48.0
PW-78622-74171,Patricia Wolfe,899.0,90.0
AH-56907-58067,Alexandria Holder,676.0,96.0
JC-20032-57467,Jeremy Cortez,839.0,209.0
JC-91564-34600,Jamie Crawford,1107.0,267.0
AJ-38424-17429,Anne Jimenez,2242.0,291.0
RR-68757-63530,Rebecca Rodriguez,1405.0,287.0
AR-33534-75685,Ashley Rodriguez,150.0,14.0
KC-25841-60090,Kristine Curtis,180.0,47.0
JP-87439-44092,James Perry,654.0,172.0
WJ-28533-77658,William Johnson,6452.0,977.0
PR-73881-16822,Paul Rodgers,203.0,24.0
DL-13897-20960,Debra Long,365.0,56.0
BW-35343-19025,Brandon Wise,1677.0,212.0
BG-45541-14638,Benjamin Glover,1136.0,200.0
WW-48908-85700,Wendy Wood,139.0,29.0
JF-99143-53582,John Farley,672.0,91.0
GV-19822-73599,Gregory Vargas,208.0,38.0
JF-57329-50276,John Ford,905.0,192.0
JP-60268-39072,Jessica Phillips,431.0,45.0
MB-31491-70395,Molly Benton,433.0,53.0
TW-69492-75425,Timothy Wright,2078.0,323.0
LG-24655-21830,Luke Garcia,2047.0,283.0
RW-91180-17274,Richard Wright,2198.0,150.0
RR-70827-73431,Robin Rogers,269.0,34.0
JF-29510-82688,Jeffrey Freeman,392.0,61.0
MG-76615-79033,Mary Gray,386.0,39.0
SF-96655-34128,Sheryl Fisher,600.0,101.0
JJ-55209-94822,Jacqueline Johnson,838.0,152.0
MT-71966-21752,Melinda Turner,682.0,92.0
AH-73421-55469,April Huang,1240.0,296.0
JH-67238-50621,Jeffrey Hill,673.0,76.0
DP-19333-41891,Diana Pitts,1924.0,225.0
SM-44281-58228,Samuel Meza,747.0,139.0
MM-55167-46050,Monica Miller,473.0,90.0
TH-21815-64516,Timothy Hamilton,451.0,113.0
KT-91799-89201,Kevin Torres,416.0,45.0
BC-80369-46289,Brian Cooper,1699.0,366.0
WS-91984-68231,William Scott,2462.0,469.0
EH-38996-48230,Erica Hahn,61.0,9.0
JG-91725-95078,Jack Gates,1313.0,230.0
ML-81141-75940,Maureen Logan,283.0,60.0
HB-77434-95844,Heidi Blackburn,670.0,165.0
RM-10874-40199,Ryan Morales,1129.0,142.0
DT-64436-61794,Daniel Thomas,2281.0,458.0
FH-52841-60961,Frederick Herrera,193.0,31.0
JW-53007-16163,Jonathan Walton,2909.0,354.0
CW-21767-90159,Christopher Williams,600.0,90.0
PW-47014-35254,Paula Whitehead,12703.0,2298.0
MC-28835-89993,Michelle Christensen,475.0,101.0
LM-73523-32774,Lisa Murphy,1326.0,240.0
RD-20220-78600,Ross Davis,2541.0,498.0
KM-85217-99838,Kenneth Miller,1331.0,295.0
JB-85428-22403,Joseph Bartlett,417.0,120.0
VD-63339-52492,Vanessa Davis,665.0,143.0
DC-49387-49655,Darin Collins,888.0,117.0
CK-26469-48827,Cindy Kim,537.0,116.0
JR-68051-31209,John Randall,1257.0,221.0
MG-88657-45363,Meagan Giles,2359.0,488.0
CL-36020-22905,Carla Lee,657.0,63.0
JC-55703-41511,Jamie Carroll,1350.0,263.0
JS-89918-94853,James Smith,228.0,12.0
CS-27262-61499,Christopher Schultz,2201.0,478.0
DM-22597-71862,Diana Miranda,1372.0,246.0
SJ-33703-77757,Sarah Johnson,1107.0,230.0
DP-92496-45193,Daniel Price,1597.0,290.0
RP-32150-81868,Robert Powell,1816.0,231.0
KJ-74477-29054,Karen Jackson,236.0,70.0
DB-38273-49974,David Barr,576.0,45.0
BC-36522-46297,Brian Clark,652.0,143.0
ST-16866-43501,Sherry Taylor,9725.0,1472.0
AM-68787-20683,Amanda Miller,998.0,123.0
MW-62943-30836,Mary Werner,891.0,135.0
AV-29456-86890,Amber Vazquez,757.0,166.0
MS-84996-91093,Mrs. Sydney Stone,448.0,99.0
LT-86442-25643,Lori Thompson,904.0,193.0
JW-78950-58226,Jennifer Weaver,99.0,14.0
MW-60181-38789,Maria Waters,1079.0,214.0
ET-65811-76146,Elizabeth Thomas,778.0,92.0
BW-76183-70124,Brianna Walters,978.0,168.0
JY-61760-91042,Jessica Yoder,1408.0,274.0
RZ-21516-25448,Robin Zhang,171.0,40.0
MY-43809-35361,Margaret Yang,1512.0,335.0
DS-73036-11240,Derrick Smith,1228.0,224.0
SJ-86953-30506,Susan Jones,304.0,53.0
EM-18073-45367,Elizabeth Montgomery,377.0,99.0
SQ-61647-44593,Stephen Quinn,1528.0,243.0
PC-38865-16080,Peter Carter,408.0,45.0
MK-98479-88836,Michael Keller,1792.0,387.0
MC-35647-71519,Matthew Craig,1170.0,172.0
TG-11536-20318,Tracy Graham,1319.0,252.0
BJ-72102-17944,Bryan Jackson,55.0,4.0
PP-95887-36327,Paul Pierce,512.0,113.0
KK-61314-19972,Keith Knight,421.0,97.0
RK-70662-41343,Ronald Kerr,428.0,29.0
AC-25623-62811,Aaron Carroll,7358.0,1380.0
LH-90724-13879,Lance Hendricks,646.0,118.0
VP-48581-94662,Victoria Patel,865.0,128.0
DG-57329-45619,Dennis Greer,522.0,45.0
TN-26781-56524,Tyler Neal,2118.0,490.0
JR-60353-51198,James Richards,1015.0,71.0
JR-34103-45455,John Rose,707.0,47.0
KP-35896-88779,Kristin Perez,913.0,70.0
DR-17188-32850,Dr. Gary Ryan,72.0,4.0
SL-56662-92317,Susan Lopez,20544.0,2908.0
BN-92158-32266,Brian Norman,290.0,81.0
SR-81130-61407,Stacey Randolph,703.0,160.0
LW-51786-61173,Lisa Wood,669.0,126.0
MC-43416-23507,Melanie Chavez,406.0,118.0
HE-60114-29221,Hailey Escobar,1136.0,170.0
RW-97110-56029,Rachel Walton,646.0,174.0
RL-63248-47706,Robin Lewis,576.0,96.0
TR-79054-58272,Tiffany Ramos,132.0,32.0
AC-76813-31928,Austin Chambers,1340.0,134.0
RS-57941-92119,Roger Scott,367.0,34.0
DR-90937-36125,Dr. Nicholas Roberts,1834.0,269.0
LL-36044-38090,Lisa Lewis,350.0,93.0
JM-10349-47645,Jacqueline Morgan,675.0,162.0
CR-20293-65408,Crystal Ramos,1669.0,356.0
RH-27870-10940,Renee Houston,2181.0,205.0
BB-73863-94367,Brian Brennan,1348.0,237.0
SR-65822-54701,Stacy Richardson,208.0,24.0
FS-37713-61920,Francisco Stone,729.0,108.0
MH-77221-92772,Martin Howe,1299.0,183.0
JT-37954-87966,James Travis,3606.0,660.0
CJ-84683-86879,Cheryl Jones,498.0,91.0
RR-44611-76481,Rebecca Rivera,2308.0,364.0
MB-58379-73000,Michelle Baker,1074.0,169.0
AA-75544-12278,Angela Allen,1172.0,211.0
DR-11134-54172,Donna Rogers,186.0,41.0
TP-16109-30491,Tara Porter,581.0,78.0
DB-18241-51706,Donna Barron,1294.0,333.0
SJ-74772-55941,Susan Johns,211.0,33.0
BN-59436-64757,Bethany Nguyen,1439.0,333.0
RG-63459-45550,Rebekah Gray,311.0,37.0
MD-64742-57340,Matthew Decker,1002.0,202.0
RS-56192-55486,Ryan Sanders,433.0,105.0
JS-37952-72345,Jeffery Shaffer,123.0,29.0
JS-29745-65066,John Snyder,598.0,57.0
NS-92792-68981,Nicole Simon,490.0,142.0
LP-84040-63960,Luis Morris PhD,7958.0,1104.0
DB-80875-30593,David Barnes,588.0,76.0
JA-78021-27255,Julie Alvarez,2127.0,306.0
AF-80109-85996,Alicia Frank,1163.0,300.0
SG-16961-38761,Shelby Garza,1102.0,185.0
SO-90819-26012,Sierra Ortiz,477.0,51.0
KS-14786-89671,Kevin Stuart,466.0,83.0
MA-11637-26707,Misty Allen,79.0,20.0
EW-55568-76675,Emily Welch,445.0,77.0
RL-51307-40469,Rachel Larson,327.0,70.0
CA-72071-63272,Carla Adams,1049.0,197.0
TT-21686-49369,Thomas Torres,212.0,29.0
NA-40672-76604,Nathan Aguilar,7760.0,1441.0
MA-37931-64044,Margaret Allen,285.0,37.0
MD-39862-16553,Mrs. Tara Pratt DVM,2486.0,549.0
HC-29516-79376,Heather Cervantes,1409.0,199.0
FD-31973-66188,Felicia Donaldson,471.0,120.0
SS-18765-33735,Shannon Stevens,1350.0,249.0
BM-40215-61814,Barbara Medina,1448.0,253.0
CO-64146-16077,Christine Owens,830.0,140.0
TH-47508-11806,Tasha Hoover,632.0,151.0
SB-58822-54775,Stanley Buchanan,10062.0,984.0
TR-38586-33766,Thomas Russell,638.0,110.0
SO-49002-62110,Samantha Ortiz,88.0,23.0
JH-90460-93419,Jennifer Hart,690.0,113.0
KL-15119-69421,Katelyn Lopez,729.0,185.0
AJ-91839-13437,Allison Johnson,322.0,59.0
TK-34884-91857,Timothy Klein,1172.0,156.0
EB-71535-31105,Erin Barr,461.0,54.0
GM-54376-27008,Grace Morton,1184.0,187.0
NV-35761-38121,Nicole Vaughan,236.0,30.0
AL-43167-88312,Ashley Lyons,901.0,107.0
JM-16105-56397,Joshua Melendez,1354.0,245.0
LM-40891-96785,Lisa Mckenzie,1497.0,349.0
JM-76656-60738,Joseph Miller,826.0,161.0
KR-78917-59969,Kevin Roman,213.0,22.0
EL-47296-50662,Elizabeth Lewis,1924.0,228.0
PM-69450-78271,Paul Martinez,1086.0,194.0
AH-62516-64972,Annette Hansen,722.0,80.0
SD-18143-19534,Stephanie Davis,386.0,92.0
RW-25083-23447,Rachael Williams,3302.0,704.0
KT-64559-76880,Kathleen Thompson,418.0,67.0
PG-36246-42546,Paul Gill,917.0,104.0
NN-84186-81496,Nicholas Nguyen,1808.0,308.0
DF-53025-22942,Daniel Fernandez,1547.0,266.0
MH-85407-33268,Michelle Harvey,1354.0,329.0
PP-19738-13427,Pamela Perez,93.0,28.0
EW-14266-90990,Erin Williamson,853.0,162.0
RC-54136-14750,Rodney Carter,1158.0,227.0
BA-15075-21462,Brandy Allen,15369.0,2785.0
JS-18465-79943,Jason Singleton,130.0,29.0
TH-10964-41466,Taylor Hill,1765.0,405.0
MJ-13683-61875,Maria Johnson,837.0,194.0
KB-59551-51635,Kristine Brooks,1298.0,301.0
RR-11309-63341,Rhonda Robles,671.0,164.0
MO-61085-26053,Mark Oliver,6190.0,751.0
CD-50263-48030,Catherine Dean,174.0,46.0
KG-81493-60805,Kathryn Green,799.0,65.0
SV-45648-78662,Steven Vaughan,1124.0,202.0
SB-22807-80218,Scott Brown,1246.0,205.0
SW-28122-33233,Stephanie Wong,79.0,9.0
JM-92333-65860,Jose Morgan,890.0,148.0
AL-57988-35523,Alison Lowe,11072.0,2127.0
SM-40926-93976,Sarah Morrow,1615.0,241.0
WH-72822-94371,William Harris,380.0,83.0
ML-61335-80187,Mary Lopez,452.0,59.0
PM-63247-35558,Patricia Thomas MD,1017.0,199.0
IM-77897-91171,Ian Mcclain,338.0,70.0
TG-88992-42056,Tiffany Garcia,352.0,42.0
LW-85181-94973,Laura Whitney,351.0,62.0
AO-15894-95932,Ann Osborn,710.0,100.0
RW-54336-53118,Renee Williams,1002.0,237.0
EL-41456-94152,Evelyn Lambert,235.0,13.0
TS-11156-42525,Timothy Smith,9657.0,1843.0
JK-83822-77597,Jesse Kemp,223.0,42.0
AW-29429-28033,Anthony Wilcox,175.0,37.0
DM-13844-67961,Deborah Mendoza,998.0,215.0
BA-30918-18078,Brent Allison,1351.0,219.0
EN-58717-88337,Emily Nguyen,1129.0,123.0
AB-76000-37286,Ashley Bennett,7890.0,1555.0
JJ-66100-76842,Johnny Johnson,448.0,110.0
CR-46226-43700,Christopher Roberts,1000.0,186.0
RG-55758-44706,Regina Guzman,1128.0,108.0
MP-42761-62345,Michelle Padilla,1483.0,277.0
JW-83430-49422,Jesse Williams,122.0,28.0
NH-44484-49785,Nancy Holt,333.0,27.0
MS-38821-53284,Melissa Shaw,88.0,22.0
KN-81781-79832,Katherine Norton,167.0,14.0
NG-76480-30351,Nicholas Glenn,534.0,72.0
HW-24576-56758,Heather Walton,8790.0,713.0
TB-66570-23909,Tim Benjamin,2287.0,371.0
JL-43348-76727,James Lee,205.0,43.0
LP-35424-80656,Linda Perez,2572.0,448.0
KM-52159-49531,Kimberly Mclaughlin,497.0,59.0
AR-61201-87415,April Rangel,787.0,179.0
RB-65538-92948,Robert Brown,1771.0,499.0
BC-59351-94574,Benjamin Castro,1105.0,167.0
JS-11954-71965,Joseph Sheppard,512.0,82.0
KR-75010-24627,Kathleen Reese,1041.0,102.0
MR-48298-94036,Maria Ryan,920.0,81.0
KB-28421-48106,Kayla Barnett,362.0,90.0
EG-14518-89896,Eric Glover,980.0,165.0
SR-52060-28512,Shannon Roberts,7031.0,1040.0
KH-88892-60749,Kelsey Hill,2719.0,581.0
TH-24473-64793,Travis Hale,3020.0,729.0
BH-69863-59556,Brandi Hill,12038.0,2339.0
JL-32746-76218,Jennifer Leon,149.0,12.0
TM-50104-98943,Travis Mckay,769.0,195.0
CR-72285-73971,Colleen Ramirez,1143.0,180.0
EP-47805-87928,Eileen Park,1349.0,226.0
PP-91384-32056,Pamela Proctor,1178.0,138.0
ZB-91544-55604,Zachary Burke,2194.0,576.0
MP-57403-56041,Mike Parker,1517.0,257.0
KH-13199-85445,Kathleen Howard,1387.0,238.0
LJ-48023-72255,Larry Jones,1887.0,413.0
CM-43115-11790,Carolyn Morris,486.0,70.0
PS-11906-61889,Priscilla Stephens,2905.0,628.0
SL-97034-64816,Stephanie Lee,82.0,19.0
JG-60581-28164,Jason Garcia,1636.0,195.0
SH-83482-75325,Stephanie Hayes,1816.0,295.0
JC-50238-74426,Jonathan Chambers,242.0,29.0
SW-25817-85598,Shawn Williams,221.0,28.0
NR-23092-57064,Nicole Richards,12754.0,2524.0
SW-28065-30939,Shannon Walter,657.0,120.0
SH-92355-94959,Sarah Hall,449.0,60.0
JM-38573-12237,Jaime Miller,678.0,90.0
AJ-30259-66532,Ann Johnson,465.0,100.0
JW-45046-39844,Julie Wells,11529.0,2078.0
SC-94478-71178,Stephanie Clark,8917.0,1885.0
MR-59106-82004,Melissa Richmond,1080.0,171.0
MC-34406-41778,Mary Collins,528.0,74.0
MV-30677-45272,Megan Vasquez,11335.0,1662.0
NS-63180-87512,Nicholas Smith,3391.0,418.0
EN-96141-85789,Edward Nicholson,816.0,126.0
TE-32900-35760,Thomas Espinoza,2200.0,540.0
KM-14362-11918,Katelyn Marsh,416.0,97.0
LB-60940-37547,Lisa Bryant,2055.0,569.0
CH-85824-89146,Cynthia Hammond,955.0,150.0
DW-68563-68848,Darryl Weaver,1910.0,400.0
JW-34223-30146,Jonathan Wilson,2524.0,332.0
RD-78824-40026,Richard Dalton,875.0,138.0
AT-92206-40548,Ashley Thompson,130.0,15.0
MM-97112-85313,Matthew Miller,59.0,5.0
RG-98938-34312,Robert Gonzalez,1213.0,130.0
JS-61456-26927,Joseph Sandoval,481.0,56.0
AS-49751-65297,Andrew Smith,685.0,123.0
ZT-19798-27219,Zachary Thompson,534.0,130.0
MJ-22802-71592,Michelle Johnson,51.0,13.0
DV-71677-77907,Derek Vazquez,997.0,64.0
SC-10425-39134,Shawn Cherry,2076.0,358.0
DL-29175-50570,Daniel Lopez,10273.0,1446.0
DR-67094-33715,David Ramirez,1994.0,291.0
CH-38816-24171,Corey Hawkins,91.0,16.0
JP-83860-75648,Jeff Perry,1615.0,382.0
CJ-93729-53970,Chad Johnson,1088.0,230.0
MR-44418-51395,Michele Rose,1992.0,220.0
LA-61054-91764,Luke Alvarado,510.0,147.0
AD-42649-83987,Ashley Davidson,1321.0,273.0
MF-81113-10475,Matthew Frazier,274.0,69.0
BJ-16977-52546,Brittany Johnson,714.0,118.0
AP-24374-57703,Abigail Palmer,887.0,238.0
CB-10763-20490,Corey Brown,946.0,207.0
RP-42215-45862,Ronald Payne,906.0,150.0
SR-10230-94236,Scott Reed,3179.0,438.0
SP-99842-17436,Stephen Phillips,139.0,14.0
SC-46987-90791,Susan Cantu,790.0,141.0
RG-86635-21368,Rose Gutierrez,1331.0,155.0
PS-27331-47326,Patty Stout,1172.0,153.0
BO-20586-11548,Benjamin Oconnor,1337.0,214.0
CC-95162-95054,Christian Curtis,208.0,20.0
KR-56900-42050,Kara Reed,1653.0,293.0
MJ-88450-40953,Maria Jackson,1082.0,195.0
JH-18642-19644,Jenny Huff,710.0,167.0
JB-28785-11794,Jennifer Bryant,1831.0,300.0
BJ-81529-64800,Beth Jackson,24908.0,4991.0
TF-12344-14139,Tracy Foster,153.0,21.0
BG-46217-27625,Bonnie Gill,507.0,115.0
XA-63627-53273,Xavier Arnold,524.0,102.0
PM-15216-83665,Patricia Morton MD,955.0,193.0
CW-87102-46730,Christopher Wilkins,1574.0,339.0
MM-88964-98418,Mrs. Suzanne Collins MD,4017.0,288.0
AE-51085-25861,Abigail English,1301.0,183.0
WS-67205-89360,William Smith,141.0,37.0
JP-90387-32949,Joshua Petty,1209.0,164.0
MM-63938-61111,Melissa Morrison,678.0,184.0
RA-62494-61808,Robert Anderson,841.0,187.0
JP-47938-71362,James Pace,1447.0,232.0
TM-25310-70794,Thomas Martinez,947.0,175.0
BB-20747-23895,Bonnie Bradford,868.0,173.0
ER-60396-24418,Emily Rogers,1266.0,260.0
HB-35936-87243,Heidi Booker,5303.0,1086.0
AL-57744-63998,Amber Long,1107.0,168.0
MB-40885-98585,Michael Barrera,52.0,6.0
KB-41833-56481,Karen Berger,6012.0,1073.0
BM-20609-93793,Billy Mcdonald,967.0,234.0
BB-44690-83205,Brian Beltran,353.0,94.0
TO-63941-23029,Tamara Orozco,2140.0,321.0
AS-27743-63613,Aaron Stewart,535.0,75.0
DP-69011-39021,Daniel Palmer,781.0,140.0
MM-23097-71458,Melissa Mclaughlin,313.0,47.0
JM-31583-63807,Jaime Moreno,895.0,221.0
TC-46181-23921,Tiffany Casey,2002.0,429.0
MA-47113-97311,Matthew Acevedo,236.0,48.0
MD-20382-33793,Mr. Zachary Wright DDS,1213.0,184.0
AC-54792-35946,Angela Clark,2901.0,245.0
LW-84123-71478,Lisa Wood,399.0,67.0
HB-76248-67880,Heather Baker,9342.0,1522.0
MS-44053-84354,Misty Salazar,486.0,89.0
KS-30933-85459,Kenneth Sweeney,893.0,165.0
CW-67066-43498,Catherine Williams,244.0,16.0
CT-81456-93652,Crystal Turner,768.0,128.0
DW-33733-64186,Darren Walker,1278.0,253.0
SC-69767-99009,Sara Crosby,17070.0,2754.0
MT-56163-80476,Matthew Thomas,1028.0,283.0
MM-15588-80800,Michael Moody,1683.0,294.0
NT-65824-49870,Nathan Taylor,6086.0,1056.0
RW-20099-51905,Renee Welch,798.0,151.0
SB-52396-51047,Stacy Bell,1465.0,347.0
LF-40613-49445,Lisa Farmer,885.0,132.0
JK-65970-76155,Jennifer Kane,398.0,71.0
TC-51278-83862,Teresa Chung,11524.0,2529.0
RS-69934-25026,Robert Smith,9044.0,1711.0
MC-44207-12177,Mason Cooke,1279.0,228.0
AH-45321-14429,Allison Hendricks,1255.0,265.0
DH-35372-94595,Danny Hudson,1993.0,442.0
AM-78164-87290,Amanda Martin,1486.0,174.0
RS-19851-96335,Ruben Sanders,659.0,102.0
AC-21627-74561,Amanda Campbell,2515.0,195.0
BM-70285-89529,Becky Morgan,1536.0,169.0
AG-18382-69215,Alison Graham,1597.0,231.0
JW-16578-99199,Jaime Wright,570.0,52.0
AW-48065-11671,Amanda Ward,1053.0,173.0
MP-44319-75185,Matthew Perry,656.0,146.0
WT-75565-58387,Wayne Thompson,903.0,209.0
RC-90846-59449,Rachel Coleman,445.0,68.0
KJ-71785-75920,Kathleen Joseph,467.0,111.0
SV-49053-51510,Sean Valentine,235.0,49.0
CB-88468-46102,Carlos Barnes,75.0,22.0
HT-29909-48582,Heather Tran,1009.0,177.0
AB-69817-28975,Angela Brown,654.0,149.0
MM-51060-61210,Michelle Montoya,302.0,28.0
BP-51792-74706,Brian Parsons,374.0,63.0
JM-76486-65283,Jose Mendoza,1917.0,334.0
SZ-31320-38963,Sherry Zamora,89.0,18.0
JH-52167-47205,Jacob Harper,996.0,197.0
KH-53042-71831,Katie Ho,601.0,102.0
CB-16535-70048,Caitlin Blake,7313.0,1301.0
AV-31517-87489,Annette Vega,1389.0,154.0
SM-60050-23840,Sarah Miller,14715.0,1565.0
AS-95408-88848,Alexander Smith,10710.0,1869.0
CF-60475-31916,Cheryl Fleming,710.0,91.0
CD-67156-93366,Christine Rhodes DDS,1666.0,321.0
WR-63102-38817,William Rogers,1532.0,396.0
SC-17208-93763,Stephen Christian,383.0,79.0
LH-42171-75864,Leah Hernandez,1194.0,89.0
AC-74344-41518,Ariana Clay,691.0,87.0
BS-34803-53940,Brittney Smith,1486.0,296.0
ES-31055-11796,Elizabeth Snyder,881.0,240.0
CB-45991-31648,Cynthia Bright,1384.0,255.0
CY-43061-87077,Christopher Yang,147.0,12.0
RM-16616-25318,Robert Mitchell,351.0,59.0
CD-84057-90941,Charles Davis,259.0,53.0
GL-24843-93120,Grace Li,1334.0,282.0
JL-63738-33290,Johnny Lawson,334.0,86.0
JP-95459-72133,Joshua Phillips,2204.0,326.0
LP-79073-83328,Laura Parrish,1928.0,357.0
JH-43768-74268,Judy Hayes,634.0,135.0
CR-41161-43746,Christopher Richard,17177.0,3157.0
TH-20258-49531,Teresa Horton,903.0,183.0
GM-55785-57709,Gregory Miller,850.0,172.0
HC-88558-23242,Heather Carter,1124.0,154.0
PR-40500-79635,Paula Richardson,683.0,148.0
TF-41265-90973,Taylor Frederick,238.0,30.0
MA-32203-33758,Michelle Adams,1633.0,280.0
JS-81863-41739,Johnny Scott,1260.0,230.0
TD-90048-22104,Theresa Orozco DDS,353.0,34.0
NS-36897-82931,Natalie Santos,1165.0,120.0
LD-44530-82294,Lauren Davis,601.0,104.0
BW-45501-25302,Brenda Williams,3211.0,470.0
DP-90288-43488,Deanna Petty,184.0,22.0
JR-32115-18892,Jill Reese,668.0,137.0
KT-23628-68161,Kayla Torres,19134.0,3442.0
BD-28203-52459,Brian Thompson DDS,436.0,68.0
KD-99920-15888,Kirsten Duran,409.0,50.0
RM-12060-82083,Randy Mooney,335.0,49.0
NB-58203-27248,Nathan Booth,273.0,58.0
AS-26514-35002,Amanda Sparks,2995.0,600.0
DW-27648-36937,Donald Walker,986.0,142.0
EJ-91595-65098,Elizabeth Johnson,548.0,109.0
RB-25328-66153,Rebecca Barnett,775.0,130.0
JH-23244-46015,Jennifer Hayden,1657.0,425.0
RL-90900-75356,Rachel Lin,1012.0,153.0
DC-92471-48428,Donna Carter,832.0,92.0
TC-55354-44198,Timothy Chavez,239.0,48.0
DC-44408-74201,Darin Coleman,298.0,77.0
JH-68123-90333,Jennifer Henry,328.0,36.0
SR-21198-22838,Scott Roberts,304.0,74.0
DG-58938-15386,Darlene Griffith,763.0,97.0
CM-39413-93771,Chad Moore,1509.0,295.0
TW-25666-18204,Thomas Webb,174.0,38.0
HR-20905-31018,Hayley Richardson,897.0,155.0
SM-63169-63759,Samantha Moran,950.0,126.0
MK-81815-85334,Melinda Kim,7090.0,1108.0
MB-21378-55956,Melissa Burns,494.0,75.0
ML-93320-26171,Mrs. Marie Lee,386.0,72.0
DM-53521-15865,Denise Morrison,1072.0,89.0
CP-81717-81798,Cynthia Perez,1291.0,110.0
DA-37983-49752,Deborah Allen,1345.0,118.0
JF-49091-90855,John Fischer,1295.0,105.0
JR-38466-90427,Jason Romero,1039.0,144.0
VW-86209-61807,Victoria Wilkerson,2206.0,371.0
JP-23176-87554,Jennifer Patel,1370.0,264.0
LW-10358-41488,Lori Washington,491.0,113.0
JT-25839-42126,Jordan Tran,245.0,46.0
BP-76305-75209,Brett Phillips,178.0,12.0
SS-17578-35581,Sarah Sexton,206.0,45.0
HC-67261-38320,Harry Cook,414.0,47.0
CH-21647-51107,Candace Harrell,2265.0,364.0
RM-59719-56543,Robert Morales,529.0,64.0
CG-93713-85268,Cameron Griffin,716.0,119.0
PO-26417-55761,Pam Ortiz,669.0,107.0
AH-10913-20645,Aaron Hansen,162.0,44.0
RJ-77211-28291,Robin Jackson,11811.0,2034.0
MH-75509-17931,Michelle Hansen,811.0,205.0
MN-34407-75435,Matthew Nelson,469.0,97.0
BW-18140-82944,Brian Wright,427.0,106.0
KD-40141-73607,Kathleen Dickerson,204.0,40.0
KS-59990-23797,Kelly Smith,5152.0,888.0
EM-42573-88605,Emma Montgomery,2891.0,407.0
CR-71984-58775,Clayton Ramos,1648.0,371.0
PJ-57295-85871,Paula Jackson,2042.0,298.0
DE-92305-19643,Donald Evans,1531.0,206.0
KJ-34236-59494,Kenneth Jones,6952.0,983.0
JS-37297-80222,Jason Stewart,737.0,124.0
SG-21541-11068,Stephanie Garrison,8307.0,1346.0
AT-48115-96703,Anita Taylor,494.0,43.0
AH-21435-36809,April Hall,782.0,135.0
HS-85112-27183,Howard Smith,58.0,15.0
EB-87947-51127,Eddie Brooks,23974.0,3917.0
CH-91195-29486,Christina Hanson,700.0,137.0
AB-57925-81390,Autumn Butler,20599.0,4185.0
JJ-80881-74399,Jeffrey Jefferson,940.0,125.0
BH-94780-67094,Brenda Hernandez,427.0,88.0
BW-89029-64391,Brenda Winters,3410.0,460.0
CO-34164-15314,Cindy Owen,811.0,141.0
SC-61949-25512,Stephen Carter,1635.0,367.0
SR-84833-86424,Sydney Rosales,492.0,64.0
AS-11372-70467,Abigail Strickland,1820.0,269.0
AY-63916-58828,Angela Yang,1145.0,148.0
PG-70476-17062,Pamela Guerra,9932.0,1597.0
IC-25207-65429,Isabel Caldwell,409.0,103.0
JK-81442-36891,John Knight,1168.0,236.0
LL-37834-29239,Leslie Lewis,7578.0,1419.0
HS-49814-67236,Holly Simpson,2025.0,313.0
JP-11831-86013,Jeremiah Landry PhD,589.0,90.0
ME-55659-59784,Marilyn Elliott,726.0,99.0
SR-55308-44612,Susan Rice,682.0,114.0
MC-94835-67149,Matthew Cochran,324.0,33.0
TK-85207-66738,Thomas Keller,9785.0,1506.0
BK-48597-42173,Brian Kim,572.0,124.0
BA-45299-55604,Beth Allen,1181.0,186.0
TB-13041-53330,Troy Baker,448.0,79.0
MW-91180-52714,Michael Wallace,1749.0,396.0
TV-24851-20884,Tim Valenzuela,3453.0,426.0
KJ-39539-86461,Kristina Jordan,977.0,270.0
CH-20288-28527,Christine Hunt,143.0,34.0
GG-34275-79126,George Gray,480.0,97.0
SB-24386-67842,Stephanie Bennett,1039.0,193.0
KG-88006-16944,Kaylee Garcia,401.0,83.0
AM-26749-24435,Alyssa Mcclure,1827.0,446.0
EB-99471-43144,Elaine Beltran,209.0,45.0
RC-74591-49575,Renee Coleman,488.0,75.0
IB-93647-48871,Ian Berry,446.0,58.0
WT-46617-45983,Wyatt Torres,450.0,108.0
FP-34102-61774,Frank Patterson,10490.0,1862.0
MD-50055-23302,Melissa Deleon,12211.0,2731.0
AC-75679-61538,Amber Castillo,133.0,18.0
JM-53233-72188,John Miller,3264.0,570.0
SR-15920-27652,Shawn Rivera,1127.0,188.0
JC-37165-35815,Jessica Church,2461.0,469.0
DV-60914-37698,David Vaughn,1643.0,314.0
PT-71759-75285,Patrick Taylor,452.0,113.0
CC-26707-36778,Catherine Carpenter,1506.0,283.0
KK-69335-46552,Kimberly King,532.0,86.0
MM-60074-95830,Matthew Maldonado,192.0,16.0
SJ-14466-86379,Stacey Johnson,5789.0,898.0
JH-30510-35783,Joseph Harrington,924.0,106.0
KS-62728-72509,Kelly Shea,1031.0,168.0
MB-30550-59641,Michael Bailey,733.0,82.0
KD-86838-44334,Kimberly Dixon,582.0,71.0
JB-79995-50477,Julie Benjamin,440.0,41.0
NH-99111-58103,Nicole Harris,1282.0,221.0
TV-25341-42687,Thomas Valentine,2106.0,463.0
JM-26178-12714,Jennifer Martin,154.0,34.0
MA-31512-53277,Mandy Arnold,1650.0,302.0
WR-44502-19541,Walter Rodriguez,733.0,119.0
AD-70314-49107,Ashley Douglas,581.0,80.0
DM-68097-37002,Derek Morales,223.0,34.0
DJ-78547-76098,Danielle James,1136.0,143.0
TG-45791-75131,Teresa Gomez,1029.0,159.0
JJ-11144-10687,Jessica Johnson,172.0,26.0
SR-35818-44519,Stacy Romero,2234.0,486.0
VS-64903-15157,Vanessa Stevens,6296.0,1168.0
SL-54329-48896,Sara Lambert,197.0,58.0
JG-75263-64882,John Garner,337.0,48.0
JP-23241-60477,Jennifer Patterson,203.0,13.0
RL-39990-91336,Rachel Lee,691.0,101.0
TM-68341-93021,Tyler Martinez,545.0,103.0
CC-60245-27298,Christina Carney,2402.0,359.0
WF-89205-44403,Walter Fisher,1179.0,154.0
AM-20124-84267,Alexis Matthews,829.0,236.0
AM-21067-57799,Amy Mitchell,109.0,17.0
TP-17958-74137,Tonya Powers,1499.0,169.0
HF-76953-79684,Heather Ferguson,52.0,3.0
JF-30194-16353,Justin Flores,488.0,104.0
TR-46899-67009,Thomas Rodgers,439.0,127.0
DS-18913-14924,Danny Stevenson,1961.0,334.0
RM-49701-15351,Robert Maxwell,619.0,39.0
CM-69871-13376,Clarence Moody,258.0,20.0
JH-69308-12779,Johnny Hendricks,113.0,10.0
TH-11292-13059,Thomas Hill,757.0,160.0
LW-64391-11611,Lisa Wong,1493.0,289.0
LH-12952-82771,Laura Henderson,623.0,146.0
VP-54013-75341,Vanessa Payne,1049.0,216.0
MM-97583-89547,Melissa Miles,1246.0,281.0
SM-51210-60988,Sara Martinez MD,480.0,94.0
SS-41803-82322,Sandra Singh,228.0,50.0
JM-42128-14462,Joseph Morton,663.0,151.0
GN-93497-51992,George Nelson,948.0,173.0
WR-38442-99414,William Robinson,1863.0,388.0
MR-11660-15890,Michael Robinson,815.0,99.0
MD-54318-19519,Megan Harrison DDS,84.0,10.0
RS-19210-74692,Richard Silva,443.0,40.0
JC-15506-71122,Julia Copeland,1442.0,211.0
MR-59578-24691,Mary Roberts,154.0,11.0
BR-92734-64669,Brandon Rivera,966.0,123.0
TN-57125-51580,Thomas Nguyen,1399.0,189.0
CT-96116-68814,Cheryl Thompson,502.0,120.0
RL-49765-11483,Robert Lopez,7237.0,1236.0
DC-24011-99486,Donald Crawford,1657.0,260.0
RC-92265-17483,Richard Cameron,66.0,13.0
TN-32105-44512,Tracey Newton,944.0,266.0
MB-60256-53624,Mallory Bauer,826.0,190.0
KC-67618-25433,Kayla Chan,118.0,15.0
RC-82470-50656,Rhonda Campbell,788.0,122.0
JC-84122-39622,Joshua Clark,363.0,88.0
KG-72527-92184,Keith Gomez,63.0,9.0
JY-16725-85551,Jessica Young,820.0,93.0
MW-21013-89505,Michael Welch,9908.0,2111.0
PC-59401-14382,Paul Cunningham,1806.0,298.0
JV-64777-65513,Jacob Villanueva,1151.0,197.0
MB-61726-22479,Matthew Burns,561.0,58.0
JC-29953-44506,John Cardenas,943.0,182.0
JW-75470-76169,John Williams,10166.0,1699.0
MM-13752-24448,Mr. Eddie Weaver MD,587.0,73.0
JM-30400-18451,Joel Miller,1652.0,273.0
SM-94267-91396,Susan Burch MD,1100.0,155.0
MC-35068-66906,Mr. Bruce Clark,7773.0,1431.0
MR-96610-29339,Michael Robertson,211.0,22.0
VB-91400-66921,Victoria Brown,63.0,14.0
DW-36915-25560,Debra Weber,132.0,9.0
MR-22873-53984,Michael Ross,7150.0,1325.0
RO-80407-79531,Ryan Ortiz,1224.0,320.0
KS-45624-40612,Kathryn Schneider,109.0,18.0
MB-31060-30259,Michael Butler,266.0,75.0
RW-61544-79077,Robert Webb,5204.0,670.0
RL-62687-25543,Roberto Lynch,167.0,16.0
JT-49507-91652,Joe Trujillo,1378.0,370.0
TW-60233-60486,Tammy Williams,493.0,111.0
LF-80679-28807,Lisa Francis,1286.0,169.0
RW-65770-30726,Robert Wong,183.0,33.0
MR-96244-72958,Mary Robertson,6715.0,1211.0
DC-77480-49882,Daniel Campbell,842.0,209.0
MC-60797-61210,Margaret Case,740.0,184.0
SW-63065-55190,Sharon Walker,116.0,24.0
MG-77961-69367,Michael Gonzalez,275.0,26.0
DC-41166-26487,Derrick Cox,249.0,35.0
TR-72942-92958,Teresa Reed,577.0,76.0
MS-52854-58254,Mark Shelton,3303.0,729.0
DW-26314-77969,Dr. Denise Wood,479.0,53.0
AK-68266-24077,Amy Kelley,638.0,147.0
JK-45972-57520,Jessica Kirk,1067.0,170.0
AB-75843-23264,Alejandro Brown,891.0,180.0
GB-71630-73073,Gerald Bradford,1102.0,190.0
LF-45866-63230,Linda Fernandez,560.0,124.0
DH-27374-47590,Diane Hall,6325.0,1237.0
NC-52598-46284,Nancy Cooper,812.0,115.0
BA-13753-80735,Brett Acosta,419.0,79.0
NC-50048-94266,Nicole Cook,1855.0,271.0
AP-21249-12466,April Perez,1064.0,184.0
MT-46586-88611,Melissa Thompson,1545.0,286.0
LH-68856-30897,Linda Hendricks,362.0,43.0
ER-65654-86064,Emma Reid,238.0,62.0
BN-45787-23400,Bradley Neal,1137.0,183.0
MM-33988-61714,Melissa Hobbs MD,10578.0,1971.0
CM-43717-30000,Claudia Martin,827.0,211.0
RS-77238-95210,Rebecca Simmons,15681.0,3003.0
RY-62384-88310,Rebecca Yu,747.0,69.0
CW-77454-67943,Carmen Williams,1751.0,282.0
AC-80277-37109,Allison Carter,871.0,120.0
WW-40262-11628,Wayne Wright,4108.0,725.0
HG-86126-43115,Haley Gonzales,614.0,143.0
JW-68570-74826,John Waters,721.0,134.0
CS-28882-75919,Christopher Sanders,4890.0,902.0
LH-50431-51581,Larry Hernandez,194.0,37.0
SL-51082-78211,Stephanie Lang,238.0,43.0
EB-90657-49190,Edward Bennett,1095.0,134.0
JB-46003-13825,Joanna Bush,175.0,12.0
TM-15292-90456,Tina Holmes MD,780.0,156.0
MR-30117-98774,Michelle Richardson,147.0,18.0
NS-35124-33344,Nicholas Smith,992.0,200.0
KF-32886-44558,Keith Ford,204.0,13.0
KG-65559-76907,Kelly Gay,106.0,25.0
MV-99179-68469,Michael Vazquez,758.0,136.0
CN-96676-29970,Catherine Nelson,169.0,28.0
SW-66237-15303,Sabrina West,772.0,152.0
CW-13276-12981,Curtis Williams,559.0,72.0
AT-40098-57181,Ashley Trevino,608.0,58.0
MB-69306-53339,Mark Brown,962.0,74.0
KB-37570-70227,Karen Brown,1171.0,268.0
SR-18144-80910,Stephanie Ramos,1685.0,325.0
FG-70924-48929,Felicia Garner,945.0,210.0
DH-80959-95853,Daniel Henderson,793.0,140.0
RG-57386-43812,Rebecca Gordon,2018.0,452.0
MR-88673-22285,Madison Robinson,1103.0,186.0
KA-37764-52360,Kim Anderson,325.0,74.0
NT-12846-23818,Nicole Thornton,1146.0,172.0
JW-71779-69054,Jerry Williams,1218.0,322.0
DH-23462-82782,Debra Hansen,383.0,106.0
MM-33853-56241,Mrs. Miranda Martinez,8411.0,1522.0
LP-65673-36189,Lori Patel,1270.0,215.0
DW-39980-71439,David Wright,1302.0,205.0
KS-66830-40055,Kyle Smith,88.0,22.0
CT-30748-16392,Christine Thomas,328.0,51.0
KF-35977-86446,Kevin Fisher,7725.0,1292.0
AP-92184-58127,Andrea Peterson,262.0,17.0
SN-90440-21012,Sandra Nichols,679.0,142.0
IW-61596-38931,Isaac Wolfe,323.0,25.0
AS-66703-71688,Andre Sims,689.0,128.0
CP-10949-16978,Christina Pennington,2219.0,166.0
WN-31278-94598,William Nunez,1754.0,335.0
VP-76380-27771,Virginia Perez,420.0,71.0
LG-95403-27215,Luis Gentry,78.0,23.0
GM-75354-32745,Gregory Morales,498.0,60.0
ES-41522-71839,Elizabeth Spencer,478.0,100.0
KM-14731-48731,Keith Morris,19363.0,2965.0
KS-94365-67029,Kelsey Stone,686.0,81.0
HM-48125-71757,Holly Moore,569.0,161.0
JI-62080-99919,Jason Ingram,1311.0,118.0
CC-96188-12282,Christopher Collins,956.0,271.0
KT-44416-48700,Katherine Thompson,1442.0,262.0
SA-94491-39063,Steven Abbott,253.0,44.0
TW-34851-22196,Tammy Washington,2432.0,467.0
SH-11209-21648,Shelby Herrera,147.0,34.0
EE-99901-44849,Eric Edwards,10179.0,2191.0
JS-95633-10937,Joseph Sherman,180.0,38.0
DP-84241-44613,Dawn Preston,1891.0,316.0
DG-95979-55997,David Gonzalez,10978.0,2565.0
CG-32498-19331,Clifford Griffith,617.0,93.0
CR-88683-71281,Carl Ramos,637.0,58.0
HA-44884-17546,Heather Acosta,9790.0,1717.0
MN-23418-59329,Marie Nash,480.0,69.0
RC-68336-85360,Randall Carlson,1753.0,249.0
RC-29648-61257,Ricky Clark,1635.0,274.0
RE-86986-14030,Richard Evans,1410.0,227.0
CW-85736-80864,Christian Warren,403.0,108.0
RD-28043-25953,Ryan Dominguez,6427.0,1393.0
MJ-97368-41691,Michael Jackson,278.0,45.0
JT-43224-84406,Julia Thornton,774.0,186.0
MS-51885-47321,Miranda Strickland,1354.0,167.0
AN-39590-88333,Aaron Norton,1942.0,446.0
MR-32215-58665,Margaret Ross,7549.0,1476.0
SC-20509-60701,Sierra Castro,452.0,130.0
KC-95100-30074,Kelsey Cohen,559.0,72.0
DG-62956-47777,David Gomez,528.0,107.0
LW-50476-61622,Lisa Wilkinson,525.0,47.0
MR-61942-91318,Monica Ray,1323.0,147.0
BT-58200-23166,Bethany Travis,192.0,57.0
CC-96900-99866,Carol Calderon,568.0,127.0
EM-20921-74586,Erin Mendoza,933.0,136.0
RC-36969-59434,Rodney Campbell,2553.0,240.0
JP-16108-13182,Joshua Patel,654.0,93.0
PH-53864-77099,Peter Higgins,515.0,87.0
LO-15889-54966,Lindsay Osborne,248.0,37.0
LD-88999-69021,Loretta Davis,382.0,73.0
TE-56479-62136,Terrence Estrada,1361.0,307.0
JO-35643-42310,Justin Obrien,791.0,212.0
HD-70730-20215,Holly Duncan,1151.0,175.0
BL-68522-73525,Brian Lewis,877.0,153.0
CS-11096-92531,Christie Stewart,759.0,83.0
RD-60984-25240,Russell Duke,270.0,69.0
PT-63071-93629,Pamela Thornton,2749.0,239.0
JW-82078-98987,Jacqueline Wilson,883.0,254.0
KB-48606-73062,Kendra Banks,1178.0,228.0
AB-45086-64325,Amanda Bowers,153.0,37.0
MM-73750-43888,Michael Marks,887.0,163.0
DB-11361-18672,Dillon Brady,1914.0,373.0
VR-65488-86090,Vincent Ruiz,899.0,239.0
TS-92223-45245,Theodore Smith,7768.0,1462.0
ST-66332-76444,Shawn Thomas,2221.0,401.0
BT-55677-17289,Brittany Taylor,990.0,94.0
MD-63333-24867,Megan Davidson,344.0,49.0
DP-69953-26770,Desiree Paul,61.0,3.0
AT-88549-81487,Ashley Thompson,1557.0,449.0
CF-85431-28915,Cody Fischer,693.0,84.0
RM-84977-71152,Rebecca Martin,386.0,103.0
MK-64338-41323,Michelle Kelly,815.0,70.0
TH-46688-46436,Tina Hernandez,798.0,108.0
SG-40824-76413,Steven Garcia,524.0,117.0
JG-24534-34073,Jerry Garcia,565.0,68.0
AM-96250-21531,Audrey Lara MD,1516.0,238.0
NB-25011-25780,Natalie Baker,793.0,173.0
JR-94191-87649,Joseph Ramirez,788.0,219.0
RS-46216-83743,Robert Simon,1310.0,276.0
JW-89372-48317,Jade Watkins,712.0,135.0
JH-56093-15113,John Harris,287.0,70.0
BC-36036-32871,Brian Collier,10987.0,2394.0
JK-46304-59562,Joshua King,719.0,173.0
JR-55246-99059,Jessica Rubio,8408.0,1458.0
KO-30286-26426,Kyle Odonnell,1090.0,240.0
DC-48596-78680,Daniel Colon,469.0,88.0
JC-35906-66947,Jason Caldwell,1992.0,494.0
TD-28979-16911,Taylor Douglas,387.0,77.0
ML-49656-55746,Mary Lee,1301.0,168.0
JW-21462-83833,Johnathan Williams,414.0,56.0
VW-83668-43973,Victoria Winters,8842.0,1405.0
PB-33370-78510,Paul Brown,463.0,97.0
JS-75288-26723,John Simmons,10349.0,1853.0
SC-68069-52223,Stephanie Crosby,1014.0,219.0
AS-26312-80193,Andrew Strickland,463.0,95.0
RO-34004-59917,Richard Owens,7259.0,1338.0
LR-42729-96630,Lisa Rhodes,702.0,140.0
MG-84119-23449,Mary Garrison,1127.0,184.0
SH-12586-26399,Sylvia Hines,768.0,130.0
MM-28670-53578,Michele Myers,1968.0,170.0
DT-19786-19918,David Taylor,1049.0,241.0
DD-42198-62677,Darren Dennis,299.0,37.0
CR-23452-88767,Carol Ray,2232.0,422.0
AM-47438-84651,Austin Morris,811.0,145.0
JR-52312-83958,Jessica Ramirez,1120.0,115.0
KK-93294-79826,Kelly Keller,294.0,76.0
MJ-75818-97663,Mark Jones,226.0,18.0
CC-24629-40493,Christopher Cunningham,7892.0,1375.0
AN-39133-96051,Antonio Nelson,59.0,11.0
AM-48507-94327,Anthony Murphy,354.0,50.0
DA-97864-65153,David Allen,7035.0,1290.0
CS-30469-24654,Connie Simon,520.0,94.0
JA-65252-33738,James Aguilar,7522.0,1619.0
JS-25416-47113,Julie Scott,3592.0,479.0
RG-81221-22995,Robert Garcia,766.0,114.0
DJ-56118-10412,Duane Johnson,907.0,174.0
BB-55850-78973,Benjamin Buchanan,488.0,31.0
JW-95867-52468,John Williams,1139.0,266.0
HR-13380-82040,Heidi Ruiz,1625.0,370.0
PA-98272-21897,Patricia Allen,491.0,26.0
AS-89694-21480,Amber Stewart,1099.0,253.0
CR-60848-93149,Chelsea Rodgers,7286.0,1224.0
SR-35922-80063,Stephanie Rodriguez,1395.0,242.0
JV-56033-47203,Janet Vargas,1681.0,443.0
EP-90582-73612,Elizabeth Phelps,702.0,104.0
WM-62195-73552,Walter Martinez,1695.0,208.0
KS-82816-51057,Kimberly Swanson,504.0,111.0
VA-20609-40470,Victor Adams,783.0,185.0
KF-52383-23697,Katie Foster,321.0,49.0
JP-22912-12280,Jennifer Pugh,3226.0,781.0
SS-48767-73342,Sarah Smith,2009.0,221.0
SF-81105-76156,Sharon Franklin,1105.0,209.0
KM-95959-12931,Kimberly Martinez,383.0,108.0
DG-54562-84840,David Gallegos,213.0,49.0
KM-48491-75145,Kristina Miller,885.0,115.0
RC-46044-82303,Rebecca Cooper,296.0,83.0
AL-69371-16140,Aaron Levine,9843.0,1846.0
RS-48013-11630,Rachel Small,894.0,200.0
TE-43512-74841,Thomas Elliott,171.0,29.0
MN-35926-63607,Marcus Nunez,14648.0,2141.0
CG-51927-33908,Cheryl Garcia,101.0,12.0
TT-19009-91298,Thomas Taylor,869.0,213.0
SN-78326-51945,Sheryl Nolan,485.0,80.0
AW-14164-66236,Aaron Walters,427.0,97.0
EB-68056-14256,Erika Barnes,2144.0,269.0
GR-20502-15169,Glenn Ramos,424.0,102.0
LR-18306-35766,Lindsay Roberts,442.0,93.0
MM-35176-12067,Melissa Martin,50.0,4.0
CT-32345-15959,Crystal Thompson,954.0,157.0
TC-24726-36485,Teresa Cook,1045.0,102.0
DB-75374-93472,Dennis Bryant,141.0,23.0
JD-76783-70246,James Davis,441.0,69.0
AS-68788-89480,Amanda Smith,1070.0,248.0
TL-62297-12256,Troy Leon,1570.0,301.0
SK-12420-35032,Sarah King,1226.0,290.0
AT-16428-15298,Allison Trevino,1278.0,203.0
MM-43032-60754,Mary Matthews,492.0,46.0
OR-74030-70064,Olivia Rice,745.0,186.0
GH-67387-35332,Gina Howard,1583.0,241.0
AR-26104-63384,Angela Rodriguez,1577.0,144.0
MG-94947-24749,Matthew Galvan,1329.0,143.0
JT-95873-91568,James Thornton,528.0,108.0
JP-12640-42951,Juan Peck,626.0,112.0
MC-97732-21378,Mark Cohen,1643.0,281.0
NK-69390-44675,Nancy Kennedy,2062.0,312.0
SE-53487-85053,Scott Estrada,380.0,104.0
MK-55057-19425,Matthew Knapp,1179.0,156.0
CJ-96458-86945,Curtis Sweeney Jr.,529.0,75.0
MJ-14180-73324,Mary Johnson,852.0,182.0
EE-93432-36121,Eric Edwards,330.0,23.0
MH-60696-82649,Mario Hawkins,179.0,25.0
TC-90659-79821,Timothy Cardenas,1985.0,173.0
KH-57909-74206,Kristina Henry,895.0,115.0
MA-74653-28163,Michael Anthony,2139.0,461.0
JN-87112-79972,Jerry Nelson,365.0,100.0
MJ-44762-45276,Michelle Jones,463.0,72.0
KB-94238-60574,Kenneth Berry,811.0,132.0
JS-48662-27326,Jodi Stone,582.0,86.0
SH-59649-58236,Stanley Henry,2757.0,618.0
JH-22512-27710,Joseph Hutchinson,2761.0,306.0
MH-63828-79548,Mark Hughes,368.0,44.0
TW-83963-73630,Terry Woodard,263.0,32.0
VR-55514-67645,Valerie Rodriguez,1431.0,227.0
MG-15790-90322,Melissa Green,1178.0,223.0
CC-59593-82747,Carol Collins,1779.0,244.0
TJ-61246-27972,Tiffany Johnson,364.0,85.0
JD-34332-24905,Joanna Diaz,1478.0,280.0
BW-51284-37940,Barbara Williams,1978.0,313.0
AC-61693-12794,Alyssa Campbell,544.0,47.0
DD-95233-43788,Daniel Delacruz,15042.0,2883.0
SS-80900-52501,Susan Scott,1942.0,302.0
JL-66898-60735,Jeffrey Larsen,712.0,82.0
AH-64763-65588,Alexis Hawkins,1223.0,102.0
RD-91102-43900,Ruth Deleon,7631.0,2136.0
AM-46766-88917,Alexis Martinez,3558.0,687.0
MB-75847-90031,Mrs. Deborah Bishop,783.0,150.0
DG-17926-56980,Danielle Garcia,407.0,90.0
AM-85254-89211,Amy Myers,13431.0,2934.0
MW-88416-38630,Matthew Walls,317.0,62.0
KS-36615-93753,Kirk Sanchez,279.0,40.0
JD-89886-38103,Joseph Dunlap,1611.0,270.0
LH-44013-66685,Lisa Henderson,19390.0,3027.0
AJ-65455-95223,Aaron Jensen,133.0,12.0
JR-59807-42395,John Robinson,2284.0,206.0
CP-17385-28847,Chad Perez,835.0,175.0
KP-22558-61476,Kenneth Porter,195.0,37.0
JA-34484-63922,Jennifer Andrade,1054.0,99.0
RT-24831-84796,Rebecca Taylor,8120.0,1356.0
BH-35078-78190,Brian Hubbard,484.0,106.0
DD-85168-98581,Deborah Delacruz,1103.0,298.0
GS-24625-21852,Gregory Smith,2036.0,441.0
GT-23956-55678,Glenn Taylor,944.0,198.0
ML-31336-85312,Michael Lee,1304.0,227.0
MG-31955-81251,Michael Grant,11934.0,855.0
KW-52638-63727,Kathy Wilson,460.0,118.0
DF-60631-76846,Daniel Fitzgerald,469.0,33.0
CC-76808-81809,Craig Clark,447.0,93.0
SG-90607-70497,Sara Gonzalez,274.0,61.0
KH-71749-90821,Kristen Hale,966.0,70.0
DJ-25981-12159,Daniel Jones,2285.0,342.0
JM-24210-59563,Jennifer Moore,1967.0,261.0
LM-63282-10277,Lori Martin,423.0,85.0
DL-71321-27365,Danielle Lucas,6007.0,1209.0
EH-71962-27638,Emily Hernandez,76.0,19.0
AK-86238-56343,Alan King,5980.0,1036.0
GD-68319-23171,Geoffrey Davis,611.0,71.0
DN-24159-90217,David Nunez,559.0,69.0
AM-64195-89015,Ashley Morrison,339.0,28.0
BC-48223-80070,Bethany Cook,3119.0,669.0
SS-53117-85129,Steven Stanley,506.0,87.0
JW-37172-68312,James Webb,127.0,32.0
VB-32657-77303,Vincent Barnes,156.0,34.0
RL-42314-56791,Rebecca Lawson,2060.0,258.0
RT-69549-36331,Ronald Travis,901.0,128.0
LB-44773-74673,Leslie Banks,10541.0,1659.0
SR-97834-34153,Susan Robles,101.0,15.0
BJ-79751-29455,Brandi Johnson,1877.0,168.0
CW-55015-42135,Craig Webster,2807.0,299.0
GR-70629-50355,Gregory Rogers,1453.0,316.0
RR-37011-70019,Ruben Ramirez,1565.0,331.0
MC-14890-78230,Mr. Anthony Clark,554.0,151.0
MB-28240-19916,Michael Bell,409.0,41.0
JR-41934-65268,Jerome Rodriguez,3857.0,636.0
AF-50955-58214,Anthony Fuller,841.0,155.0
AC-95039-10843,Alvin Clark,813.0,134.0
DC-40508-79167,Daniel Cox,2519.0,365.0
MH-98750-70003,Matthew Hughes,1311.0,167.0
NL-34500-84994,Nicole Love,440.0,108.0
BC-50435-91739,Brian Collins,1684.0,316.0
MR-81258-22555,Mitchell Reynolds,20717.0,4203.0
DB-59806-33784,David Brown,1897.0,371.0
ES-41886-78606,Emily Stokes,11963.0,2908.0
PM-41733-24466,Patricia Miller,551.0,100.0
AN-42062-40523,Allison Nelson,160.0,40.0
JK-61259-96314,Jerry Kennedy,11000.0,1655.0
CT-54023-11901,Christine Taylor,1052.0,219.0
RZ-49707-14842,Roger Zavala,1811.0,404.0
BE-88519-66138,Brandy Elliott,622.0,71.0
JW-78645-99211,John Warren,558.0,112.0
JD-63191-61978,Joshua Donovan,1658.0,274.0
MB-74383-29447,Marilyn Becker,1493.0,318.0
HS-53483-29167,Heather Schwartz,13656.0,1671.0
CO-50855-53824,Craig Odonnell,627.0,77.0
JC-30744-98470,Jessica Carpenter,271.0,25.0
DM-67191-68618,Denise Morris,2466.0,410.0
SC-10013-74879,Stephen Carey,1436.0,327.0
SR-70931-40216,Shane Reed,406.0,91.0
EC-84224-28557,Erik Caldwell,602.0,169.0
MD-76103-22967,Molly Deleon,803.0,195.0
DC-11897-50560,Danielle Carter,840.0,101.0
SG-26400-91312,Sarah Garner,125.0,12.0
NR-21449-67238,Nicole Robles,795.0,164.0
AP-41577-75869,Angela Parker,1255.0,327.0
TH-67035-67789,Traci Harris,583.0,111.0
TF-57783-20366,Thomas Floyd,856.0,107.0
MM-18771-26084,Michael Marshall,984.0,79.0
MR-26612-60281,Michelle Russell,1245.0,286.0
KJ-59185-63468,Karen Johnson,628.0,153.0
JB-42022-33767,Jeffrey Burnett,7641.0,903.0
DW-70937-44846,David Waters,12299.0,1698.0
DB-35792-30515,Donald Brown,825.0,141.0
JP-96323-83041,Jennifer Peterson,646.0,95.0
SB-20535-76129,Shawn Benitez,502.0,97.0
DW-36749-11153,Dawn West,1003.0,211.0
KO-80832-26366,Kimberly Olson,1822.0,264.0
SM-28725-49756,Stacy Martinez,1563.0,321.0
MW-46680-68023,Mike Williams,769.0,135.0
SM-42111-17680,Stacey Meza,383.0,48.0
WC-72401-73635,Wesley Coffey,8600.0,1529.0
TK-65220-59738,Timothy Klein,424.0,61.0
PR-95936-31116,Patricia Reynolds,1416.0,310.0
JA-67445-63125,Jeanette Arias,1200.0,293.0
ES-99701-54817,Elizabeth Santiago,327.0,30.0
AM-61812-35795,Amanda Mclean,2492.0,425.0
PC-42627-28846,Peggy Collins,208.0,28.0
CJ-28866-70198,Charles Joseph,2646.0,468.0
KT-23180-31288,Karen Tucker,1307.0,168.0
HS-71632-49948,Heather Smith,294.0,38.0
RL-75145-59444,Ronald Lee,10806.0,2866.0
SW-77355-52257,Stephanie Ware,835.0,134.0
KR-26675-63062,Kimberly Rowe,825.0,90.0
MH-73556-89414,Monica Howard,835.0,116.0
NG-68474-28210,Natalie Guerrero,461.0,72.0
HS-24911-82926,Hunter Stevens,1841.0,401.0
SR-71334-23164,Sarah Richards,213.0,19.0
DP-47911-93619,Diana Potter,1097.0,181.0
WH-34405-91704,Willie Hutchinson,158.0,45.0
CW-85319-86651,Calvin Ward,908.0,127.0
JD-63583-61242,James Simon DDS,480.0,25.0
CW-36788-63357,Carol West,2530.0,576.0
MR-25159-10213,Michael Ryan,1857.0,392.0
CB-59086-18155,Carl Brown,857.0,149.0
KM-55745-52036,Kevin Mullen,986.0,166.0
KW-89552-56824,Kara Walton,592.0,140.0
JS-18184-85080,Joshua Saunders,1144.0,235.0
RM-48873-54679,Roger Mcdaniel,1052.0,267.0
AI-20969-62909,Andrew White II,588.0,88.0
JS-50476-44634,Janice Stout,1443.0,225.0
GV-74186-11945,Gary Vaughn,223.0,27.0
JL-96773-90405,James Lane,212.0,24.0
MB-41442-72652,Michelle Blake,176.0,48.0
EW-78988-57449,Ellen Wallace,6407.0,702.0
GW-79457-54745,George Wu,1827.0,240.0
AM-16061-43935,Ashley Murillo,402.0,104.0
TP-29827-40277,Timothy Perez,729.0,51.0
KS-46101-31411,Keith Sullivan,7476.0,508.0
MH-75182-62691,Mary Haley,796.0,185.0
PL-16046-45984,Phillip Lang,603.0,107.0
AC-14706-92249,Anna Collins,337.0,84.0
TK-83580-45775,Toni Knapp,920.0,254.0
CT-34767-79279,Courtney Torres,578.0,75.0
BP-64323-54729,Bridget Porter,115.0,28.0
JW-81167-86633,James Wilson,741.0,151.0
JB-96649-79170,Joshua Bell,551.0,98.0
JR-37314-52315,Jordan Reed,607.0,83.0
SH-80429-61267,Stacy Holland,995.0,177.0
RL-91626-66071,Richard Leon,1140.0,138.0
MD-50535-31165,Mrs. Melissa Lewis DVM,203.0,26.0
KG-92307-94437,Kyle Gonzales,9346.0,1910.0
MJ-82618-23417,Mark Johnson,1655.0,208.0
MB-84512-25581,Matthew Baker,527.0,108.0
SH-19523-74208,Shelly Hill,668.0,106.0
AR-99109-94197,Allison Ryan,1607.0,416.0
SD-87087-86356,Stacy Jones DDS,1208.0,264.0
JS-83422-32451,Jeffrey Stephens,762.0,186.0
CH-45084-56280,Christy Harper,259.0,26.0
DM-36353-60297,Danielle Mckinney,554.0,117.0
DG-14880-74328,Doris Garcia,367.0,26.0
KS-18994-68484,Kristen Sparks,87.0,6.0
DS-81572-66999,Debra Sullivan,10411.0,1615.0
EM-25435-29892,Elaine Mendoza,520.0,104.0
MT-59224-70882,Michelle Thompson,249.0,28.0
TS-90133-24953,Tina Schneider,1339.0,290.0
MB-79850-98379,Megan Ball,796.0,93.0
ST-91368-71957,Stephanie Trujillo,901.0,147.0
WP-83865-51784,William Pierce,436.0,125.0
TA-40921-69942,Terry Anderson,240.0,39.0
KW-26441-23843,Kimberly Webb,889.0,113.0
LD-27596-51017,Lisa Drake,702.0,148.0
JF-75220-68782,Jose Ferguson,1061.0,96.0
JH-44972-43360,Jacqueline Holland,1976.0,517.0
PC-19239-41479,Paul Callahan,1393.0,182.0
SM-88866-56581,Sandra Mcintosh,913.0,220.0
SL-97712-81228,Sara Larson,1121.0,241.0
KM-23416-83043,Kelly Medina,1243.0,236.0
SM-49377-18553,Sandra Mora,626.0,178.0
KG-80219-87163,Kimberly Graves,920.0,105.0
JN-14909-74802,Jason Nguyen,676.0,147.0
MC-11982-14070,Megan Clark,499.0,54.0
RS-62907-38908,Robert Sanchez,469.0,61.0
CW-18326-11211,Carmen Webb,6462.0,1369.0
LM-58209-62884,Lisa Morton,1484.0,250.0
EN-90240-47908,Erika Nelson,6300.0,1087.0
TM-79763-38718,Tyler Morales,766.0,147.0
JS-13157-51501,James Sims,2089.0,333.0
DS-86058-57996,Danny Stafford,236.0,49.0
MC-80341-34993,Mitchell Cortez,746.0,157.0
HB-42174-78028,Hannah Bennett,2324.0,451.0
SN-72024-63559,Shannon Nichols,64.0,12.0
BB-32850-79302,Brandon Bryant,11709.0,2045.0
JW-89234-68460,Jeffrey Woods,171.0,11.0
YD-84730-56487,Yvonne Morales DVM,689.0,147.0
JS-51698-42890,Jason Strong,745.0,118.0
CC-54478-41811,Casey Callahan,857.0,210.0
DB-12777-76201,Debbie Brown,6534.0,978.0
DR-30894-91026,David Rivera,2526.0,297.0
KH-70764-59683,Katrina Hood,4998.0,806.0
MT-10520-53498,Monica Tucker,366.0,66.0
AA-94989-70739,Anthony Allen,1144.0,164.0
MR-72820-99758,Matthew Robinson,3057.0,514.0
AO-92279-99310,Angel Ortiz,415.0,64.0
AJ-82501-95160,Ana Jennings,295.0,24.0
JA-29212-66271,Jerry Arnold,632.0,124.0
CR-34410-26686,Christine Reed,771.0,147.0
NW-54310-12491,Nicole Williams,7716.0,1866.0
EH-98187-84526,Erica Hunt,2354.0,347.0
JL-91013-79182,Jason Lowe,1436.0,307.0
SR-35868-63111,Shelby Ross,378.0,62.0
RC-57340-27989,Rebecca Chavez,376.0,36.0
WU-40491-94365,Wendy Underwood,187.0,38.0
MH-15588-97384,Maria Hernandez,949.0,192.0
RG-56533-54359,Richard Garrett,7511.0,1387.0
TE-44265-59974,Tara Edwards,2396.0,471.0
DH-98514-81939,Daniel Hampton,285.0,85.0
DW-19228-98421,Desiree Walters,387.0,49.0
RS-87067-33868,Ronald Smith,690.0,135.0
JH-54028-60752,Jonathan Hoover,277.0,35.0
DC-93277-60507,Dennis Cortez,207.0,44.0
RP-85536-40049,Rachel Pitts,351.0,46.0
MG-62350-13387,Michael Gray,649.0,137.0
JL-62062-53572,James Lee,1050.0,198.0
NG-71720-17988,Nathan Graham,1410.0,239.0
MW-31684-39811,Michael White,785.0,186.0
RW-57645-21186,Ronald Williams,325.0,56.0
ZS-98662-42057,Zachary Sharp,1150.0,191.0
KC-86905-26632,Kimberly Carter,1131.0,172.0
DP-55651-50523,Destiny Parker,759.0,110.0
TL-48425-74306,Thomas Lowe,110.0,29.0
KG-24981-44451,Katherine Gray,195.0,42.0
WS-97079-18308,William Soto,1994.0,497.0
TS-89668-32350,Tanya Sullivan,1380.0,319.0
DM-12052-15175,Donald Montgomery,1147.0,327.0
ER-56417-79087,Emily Russo,1081.0,162.0
ST-46138-94085,Stephanie Trevino,765.0,95.0
MH-72453-63906,Michael Hanson,697.0,69.0
LB-92035-74971,Lisa Brown,1925.0,395.0
GW-85805-92110,Gregory Wilson,2629.0,660.0
CC-16649-79769,Charles Carter,11501.0,1686.0
DS-31848-65543,Debra Spears,656.0,112.0
MW-36532-19935,Marcus Wilson,866.0,114.0
MS-44199-63562,Melissa Steele,1041.0,174.0
GS-13413-45410,Gwendolyn Simpson,650.0,148.0
RT-87632-12487,Rebecca Turner,11990.0,2079.0
GP-25132-48140,Grace Perez,935.0,175.0
DB-38735-50615,David Buchanan,10662.0,2573.0
NB-66473-75469,Nicole Bailey,773.0,169.0
MM-75369-86565,Mrs. Nicole Martinez,61.0,16.0
LG-33544-83283,Laura Garrett,2122.0,349.0
SG-69327-90289,Steven Graham,397.0,93.0
RH-23945-45153,Robert Hess,4198.0,1076.0
MW-26822-66330,Mr. Keith White,11310.0,1936.0
BL-35399-64185,Brandon Lara,386.0,97.0
MM-77761-87767,Melissa Mcdonald,9797.0,1558.0
GC-29967-83863,Gregory Christensen,840.0,164.0
CB-10118-81011,Christine Bradford,874.0,134.0
MV-81700-90303,Mr. Nicholas Valentine,780.0,130.0
TR-75407-74542,Timothy Reed,7429.0,1309.0
MR-97924-49497,Matthew Ramirez,912.0,135.0
EB-65069-45922,Elizabeth Baker,657.0,46.0
DR-33329-52500,Dr. Jesse Reyes,620.0,94.0
JB-32837-70954,John Baldwin,320.0,55.0
BS-66051-38075,Brandon Salazar,1464.0,248.0
AM-51615-78152,Amanda Mueller,1692.0,373.0
JB-87344-19042,Jessica Bender,971.0,164.0
SS-51070-52434,Sean Scott,1146.0,253.0
LP-44992-71072,Larry Parker,1206.0,205.0
DC-31222-11721,Diane Castillo,3429.0,306.0
SW-98754-48035,Stephanie Washington,145.0,41.0
RJ-60610-49661,Rebecca Jones,1676.0,291.0
JB-54311-96761,Joseph Barrett,6132.0,1622.0
MS-53579-67620,Mrs. Suzanne Smith,386.0,54.0
DL-82063-50636,David Lewis,630.0,69.0
KD-43855-13191,Katie Dalton,703.0,114.0
KS-75098-17579,Kevin Spencer,1211.0,186.0
JD-67123-43783,Jesse Davis,108.0,32.0
LW-19091-91814,Lisa Williams,697.0,109.0
AY-78944-68427,Amanda Yu,1297.0,254.0
RS-85852-81815,Robert Scott,755.0,110.0
KH-28850-68264,Kelsey Hodge,699.0,107.0
KM-60909-56591,Kyle Moreno,960.0,151.0
TJ-90256-16375,Theresa Jarvis,8683.0,1472.0
BW-48983-55298,Bryan Williamson,1507.0,156.0
CL-60645-70797,Connie Lewis,295.0,64.0
SH-51653-42570,Sheila Hartman,476.0,28.0
PR-26144-68274,Patricia Reid,1531.0,363.0
DS-58992-15876,Devin Simmons,737.0,164.0
DK-43485-93130,Daniel King,263.0,25.0
KB-42075-87078,Kelly Burgess,561.0,94.0
JR-89432-75984,Judy Rodriguez,675.0,124.0
MS-63147-67976,Michele Simpson,1423.0,163.0
KJ-84819-93422,Keith Jenkins,556.0,99.0
KC-45369-61739,Kayla Chan,1109.0,229.0
BR-27332-51296,Beth Rodriguez,483.0,126.0
NB-11847-51149,Nicholas Bates,324.0,49.0
JJ-56836-85542,Joseph Williams Jr.,1018.0,201.0
DC-58304-70708,Dillon Carter,404.0,100.0
MR-47110-78187,Michael Richardson,342.0,65.0
SM-85243-40060,Stacy Mosley,873.0,123.0
LB-85948-82632,Leah Ballard,390.0,27.0
KL-68809-86421,Kevin Lewis,12053.0,1965.0
JG-88432-65398,Jeffrey Goodwin,320.0,46.0
DR-42801-28192,Dennis Reese,1156.0,202.0
JD-99866-45543,Jennifer Vargas DDS,155.0,37.0
TH-66098-70249,Thomas Hernandez,518.0,77.0
MA-62139-38251,Miss Lisa Armstrong,725.0,175.0
RR-99419-29236,Robert Robinson,699.0,94.0
CB-15444-14203,Chelsea Barajas,3444.0,450.0
DH-30515-78554,Darlene Hamilton,378.0,72.0
VR-67500-65311,Valerie Robertson,1532.0,207.0
DO-89781-33987,Diane Oneill,1942.0,316.0
LB-81254-25571,Lindsey Brown,430.0,106.0
TO-82190-97437,Tiffany Odom,577.0,122.0
EJ-29274-57677,Elizabeth James,478.0,73.0
CM-93246-75042,Cynthia Morales,1102.0,282.0
JM-88884-61866,Jessica Martinez,659.0,130.0
JP-19362-89446,Jonathan Peterson,710.0,91.0
RH-98141-43184,Richard Hodges,13100.0,1550.0
AT-64203-67882,Andrew Thomas,73.0,18.0
JT-43578-50742,Joe Torres,174.0,38.0
AS-36110-12925,Angela Sharp,533.0,65.0
JS-43232-59995,Jennifer Smith,586.0,99.0
AR-15218-24148,Abigail Reynolds,1426.0,343.0
AJ-13340-43642,Anthony Griffin Jr.,335.0,85.0
WC-35637-68700,William Carter,867.0,199.0
MM-46141-41024,Meredith Malone,2607.0,589.0
WP-49186-31518,William Parker,326.0,36.0
KH-90220-21260,Karen Hays,423.0,98.0
DM-21034-16148,Danielle Mitchell,2329.0,282.0
SC-11953-25399,Sarah Cline,1149.0,284.0
CS-20943-93552,Cindy Sanchez,2399.0,478.0
RD-14946-81684,Ryan Delacruz,478.0,109.0
AC-53722-53117,Andrew Carter,144.0,17.0
MT-41602-55455,Mark Thomas,640.0,172.0
DG-66982-68654,David Gutierrez,318.0,22.0
NW-47613-83101,Nathan Walter,126.0,24.0
AM-27340-83626,Alexander Martin,662.0,95.0
RW-47322-96404,Robert Williams,1602.0,286.0
AJ-12081-38400,Alicia Jones,474.0,50.0
JV-64534-45153,Julie Vasquez,2300.0,451.0
TK-83636-70952,Timothy Khan,1165.0,287.0
MM-76072-13671,Megan Marks,193.0,56.0
JC-92210-58105,James Choi,5309.0,942.0
BS-22829-65730,Brandon Sanders,570.0,97.0
MG-21007-33984,Melinda Gutierrez,302.0,56.0
PS-39538-39688,Paige Sanchez,554.0,94.0
AC-69961-91613,Angela Carrillo,1249.0,169.0
MC-66558-42241,Michael Cook,569.0,113.0
KK-18394-44324,Kathleen Kelly,2736.0,607.0
DE-20360-39478,Drew English,184.0,40.0
DJ-71642-89740,Douglas Johnson,2376.0,386.0
MA-63729-58723,Melissa Allen,1426.0,257.0
RS-54963-46587,Robert Smith,448.0,106.0
NB-44403-40490,Nichole Baker,10795.0,2080.0
JK-48670-10468,Joseph Kline,470.0,76.0
JH-98281-16874,Jacqueline Hansen,2743.0,246.0
CD-81567-98276,Christopher Dudley,176.0,36.0
MD-78202-95459,Mark Day,390.0,96.0
CO-88893-41359,Cody Oliver,900.0,159.0
MS-87520-62977,Ms. Jill Stokes,1311.0,161.0
HB-34094-13463,Heather Brooks,1012.0,136.0
VW-83927-74451,Vincent Webb,1700.0,175.0
JR-46694-55476,Jonathan Rose,316.0,67.0
JC-64280-63295,Jennifer Carroll,1158.0,118.0
SJ-94089-16368,Shirley Johnson,1485.0,136.0
MM-65693-65417,Monique Moody,6790.0,1038.0
AW-49788-99476,Amy Wright,3705.0,382.0
BZ-82479-57375,Brian Zamora,715.0,104.0
BL-11859-69929,Brandon Lester,2821.0,291.0
BH-45682-90605,Barry House,1092.0,153.0
JH-19814-63294,Jade Hall,1094.0,269.0
SC-40652-33350,Sophia Cabrera,1027.0,149.0
JM-10210-93681,Jesse Morales,244.0,47.0
MG-80171-45301,Mary Garcia,498.0,142.0
CT-51793-59565,Charles Taylor,513.0,121.0
AB-59952-13594,Annette Burton,1086.0,177.0
JH-12814-91509,Janet Hernandez,27118.0,4502.0
JC-46800-77570,John Cooper,971.0,86.0
JH-18910-51002,Joseph Henderson,917.0,200.0
CK-89414-47417,Christopher Kim,381.0,43.0
JG-77939-94756,Jodi Garcia,1331.0,222.0
KR-25553-71995,Kimberly Richards,559.0,105.0
DR-53329-37465,Danielle Roberts,905.0,182.0
MH-83557-72321,Mr. Juan Hamilton,2138.0,446.0
EJ-98619-94217,Erin Johnson,1840.0,457.0
MH-11595-48780,Megan Harrell,627.0,89.0
CW-73563-28253,Candice Williams,138.0,18.0
KL-41330-91734,Kathleen Li,603.0,135.0
MP-15570-93381,Maria Ponce,1429.0,293.0
DM-54178-41525,Dawn May,754.0,132.0
BL-95511-79413,Brenda Lee,1939.0,486.0
TG-11562-98646,Tammy Gutierrez,934.0,121.0
SB-22078-93429,Stephanie Bailey,856.0,141.0
ST-74081-75252,Sean Torres,2531.0,433.0
AG-55478-67064,Alan Garcia,532.0,130.0
ML-93744-58919,Mr. Gregory Lucas,1599.0,183.0
MG-68875-72681,Matthew Gray,448.0,52.0
MB-11096-29882,Mary Buckley,313.0,20.0
LS-64569-40548,Laura Smith,151.0,36.0
JM-31750-49788,Joshua Martin,391.0,99.0
MA-59650-28737,Melissa Aguirre,2469.0,314.0
TR-96076-90690,Tammy Reyes,870.0,153.0
JD-93352-34919,Joy Dominguez,1117.0,136.0
SB-98751-67931,Shelia Baker,426.0,41.0
KS-75858-77588,Kenneth Stuart,1600.0,242.0
SD-65649-66167,Sandra Dunn,400.0,34.0
NB-23067-46234,Nicole Barnes,10287.0,1986.0
DP-15175-60852,Dr. Bridget Payne,1317.0,206.0
AD-98724-54536,Ashley Dunn,114.0,11.0
CT-61570-83587,Christopher Thompson,508.0,46.0
AG-52033-74053,Amanda Griffin,1668.0,292.0
KR-84828-31291,Katherine Rodgers,7747.0,1462.0
LR-90285-45285,Lisa Rice,552.0,109.0
KL-94468-31648,Kimberly Love,14142.0,3036.0
RT-69552-26998,Roger Terry,795.0,78.0
MR-17075-10013,Marcia Ramirez,879.0,234.0
SF-26843-55081,Sharon Fisher,429.0,90.0
JT-56004-59243,Julie Thomas,2518.0,368.0
PB-87560-48089,Phillip Berger,107.0,24.0
MW-93424-73030,Miguel Wood,1220.0,198.0
DH-14592-64909,Damon Harris,1668.0,375.0
AS-70703-66515,Amanda Smith,12985.0,2179.0
LR-16849-91622,Leslie Robinson,371.0,87.0
LL-38722-31087,Laura Lynch,1234.0,149.0
BM-50218-35544,Brandy Martinez,1019.0,207.0
NH-54996-66287,Nathan Haynes,4917.0,534.0
JS-89761-70738,Joseph Smith,460.0,33.0
RW-19401-23459,Robert Watkins,374.0,72.0
ME-63304-38710,Martin Estrada,791.0,110.0
BB-91231-96602,Brian Bennett,859.0,96.0
VW-69938-74646,Vanessa Walsh,6921.0,1142.0
DC-47392-15321,Donald Cordova,6306.0,1342.0
RH-79166-49073,Richard Hall,412.0,99.0
VS-64908-89600,Vincent Shepard,736.0,166.0
TM-98372-88247,Travis Martin,1060.0,130.0
AC-92366-50438,Anthony Cook,476.0,95.0
AM-56548-39164,Abigail Martinez,656.0,115.0
SH-41173-96603,Steven Henry,1145.0,241.0
SJ-29843-41917,Stephen Jones,2161.0,330.0
RA-44071-75002,Rhonda Allen,474.0,95.0
MB-94054-13901,Michael Baker,761.0,158.0
KR-11517-55696,Kimberly Robles,4942.0,930.0
PP-45154-15306,Peter Perez,2486.0,441.0
AD-85322-50877,Ashley Dawson,2544.0,311.0
JG-15937-26683,Joshua Gay,1639.0,212.0
JS-50116-55866,Justin Smith,2399.0,574.0
JC-75101-98251,Jennifer Carter,900.0,93.0
MP-24980-35906,Mr. Justin Phelps,702.0,136.0
SW-92889-12710,Sara Waller,1133.0,211.0
RA-96044-56250,Ryan Armstrong,935.0,220.0
DG-48512-22707,Darren Gomez,319.0,61.0
VS-93318-16911,Vicki Smith,499.0,84.0
KJ-63921-16306,Kelsey Johnson,2845.0,390.0
LP-84221-84451,Linda Perry,10028.0,1613.0
KN-56309-27589,Kyle Nichols,712.0,120.0
JM-29094-97584,Jeremy Mason,825.0,222.0
TL-96461-37718,Teresa Lewis,2017.0,298.0
CF-42045-22641,Cynthia Flores,714.0,182.0
AM-11918-45165,Amy Mitchell,740.0,95.0
RH-32506-39099,Ralph Ho,875.0,200.0
TE-26819-46332,Tina Evans,1287.0,267.0
CA-22743-80107,Cameron Adams,1217.0,170.0
DB-37159-17875,Dennis Brown,10979.0,1950.0
CP-13916-26130,Cameron Perez,1615.0,428.0
MD-37717-67631,Mrs. Sheila Gonzalez DVM,206.0,32.0
JA-86356-79870,Joyce Andrews,467.0,52.0
SL-64879-44622,Stephanie Lee,292.0,28.0
BL-48216-15188,Brett Lopez,919.0,146.0
AW-48045-84949,Alvin Williams,1474.0,185.0
RS-91728-82876,Roberta Saunders,665.0,67.0
DJ-40814-76736,Donna Johnson,4090.0,626.0
AM-41116-52840,Angela Mccall,1408.0,200.0
LY-35525-77874,Linda Young,396.0,98.0
DM-39815-93679,Dr. Anna Miller,780.0,168.0
AD-90104-57211,April Doyle,335.0,42.0
GB-21324-53639,Gary Bennett,719.0,159.0
JW-70423-76128,John Warren,1107.0,155.0
CB-89342-16827,Carol Beard,10272.0,2963.0
KO-83770-92084,Kayla Ortiz,576.0,81.0
LL-95390-94835,Larry Levy,1295.0,276.0
JS-42585-13900,John Stanley,372.0,77.0
JB-93744-76238,Jonathan Brock,1802.0,301.0
DL-43295-42440,David Lee,853.0,151.0
CS-18351-87712,Caitlin Smith,461.0,31.0
LJ-43197-21951,Lauren Johnson,1192.0,180.0
JC-96754-58151,James Chaney,1086.0,101.0
CN-27218-57034,Casey Nguyen,121.0,25.0
CK-27948-10207,Christopher Kramer,492.0,107.0
JF-45737-84812,John Figueroa,1528.0,182.0
JM-29316-73339,Jamie Lopez MD,9501.0,1558.0
DM-40341-24768,Dave Mitchell,641.0,110.0
RD-98355-98684,Raymond Dennis,1761.0,431.0
AM-77589-67423,Anthony Mcdaniel,869.0,151.0
SA-49487-47626,Stacey Anderson,699.0,61.0
EV-22513-91954,Eric Vang,1118.0,224.0
SR-59185-34719,Spencer Rodriguez,312.0,44.0
DM-60446-19706,Dr. Ryan Mcbride MD,2101.0,417.0
TK-97509-27568,Timothy Knight,221.0,12.0
PM-77288-77322,Pamela Mccall,9666.0,1624.0
SR-67174-37095,Savannah Ross,146.0,28.0
VS-43237-65659,Vanessa Simpson,346.0,64.0
EV-38447-64942,Erica Vaughan,3239.0,622.0
CN-72481-63146,Chelsea Nelson,88.0,13.0
CF-63514-41061,Craig Frank,1268.0,230.0
LD-68484-56091,Lauren Davis,1942.0,357.0
MW-17291-47762,Mr. Daniel Wilson,2237.0,588.0
MM-15142-57728,Mr. Kevin Murphy,771.0,110.0
LK-10600-74463,Latoya Kennedy,1891.0,314.0
JL-71979-37286,Jason Long,702.0,187.0
JJ-54316-86681,Javier Johnson,814.0,216.0
DW-79427-30260,Denise Weiss,743.0,117.0
KW-41422-87124,Krista White,7590.0,1202.0
SB-91656-95347,Steve Bailey,10052.0,2424.0
AB-69921-68573,Allison Ball,50.0,13.0
MM-32848-92120,Melissa Moss,1575.0,390.0
JF-72867-95874,Joshua Fisher,9329.0,1607.0
VL-27160-98184,Veronica Lee,240.0,65.0
DG-14399-99853,Denise Griffin,369.0,51.0
AN-54902-92122,Andrea Nguyen,8081.0,1692.0
BW-15327-68729,Brianna Woodward,770.0,158.0
CG-93406-98406,Christopher Galvan,717.0,83.0
AL-73960-65059,Amy Lucas,2325.0,415.0
JT-34027-93247,Jennifer Tucker,675.0,173.0
MF-14776-10131,Michael Fletcher,941.0,131.0
RD-55691-48284,Rebecca Dennis,1056.0,257.0
JF-95990-37435,Justin Fitzgerald,756.0,149.0
ML-82550-63617,Matthew Love,1699.0,396.0
DP-39781-36294,Douglas Powell,1428.0,115.0
TM-77217-58573,Timothy Myers,245.0,72.0
MR-54218-53503,Meghan Rodriguez,780.0,140.0
PR-95739-52653,Patricia Ray,1174.0,203.0
NV-64677-38971,Natasha Vargas,438.0,106.0
DM-46782-42582,Danielle Mason,1312.0,178.0
MH-54049-31356,Marie Hendrix,956.0,80.0
CB-23605-10092,Christopher Buck,468.0,109.0
JW-57778-95327,Jose Walker,2326.0,314.0
JB-75728-47458,Jeremy Bryant,8065.0,1500.0
BF-27153-70990,Brian Floyd,10703.0,3130.0
SJ-87800-34251,Shelley Jones,263.0,76.0
AH-74459-38690,Annette Horn,3380.0,447.0
MB-69013-56868,Megan Baldwin,1116.0,80.0
TC-25132-63966,Troy Clark,9019.0,1784.0
AJ-94489-62532,Ann Jackson,322.0,34.0
SG-43503-61628,Samantha Gonzalez,427.0,59.0
MS-62015-94410,Matthew Smith,4066.0,747.0
JC-14130-56769,Joseph Cook,304.0,33.0
CW-54253-35722,Catherine Wright,383.0,48.0
CC-37998-83471,Christina Cole,726.0,119.0
TM-35067-34150,Theresa Martinez,1187.0,294.0
PA-77448-25202,Pamela Anderson,541.0,137.0
BM-19426-66623,Brandon Mendoza,736.0,158.0
DH-55050-47563,Danielle Huffman,1017.0,161.0
JV-60902-16969,Jasmin Villegas,171.0,25.0
IM-74550-78432,Isaac Martin,912.0,176.0
CM-92877-98725,Cheryl Mason,610.0,91.0
EM-25680-29493,Edward Hubbard MD,753.0,130.0
LF-13154-33135,Laura Fuller,240.0,29.0
MS-93128-49483,Michael Smith,635.0,90.0
AJ-73051-12672,Alexandria Johnson,328.0,53.0
CP-67887-39790,Chad Perez,525.0,58.0
AM-89132-39070,Aaron Mcdonald,451.0,48.0
SC-11339-68942,Scott Clements,2484.0,275.0
JG-58597-77600,Jay Garcia,7493.0,1222.0
AW-80506-21236,Alexis Williams,1389.0,204.0
SR-69314-39042,Samuel Roberts,544.0,43.0
JR-78902-74423,John Romero,7723.0,1463.0
DH-42503-57698,Derek Hill,914.0,149.0
JJ-73455-98727,James Johnson,130.0,30.0
CN-12448-78565,Cory Neal,541.0,153.0
JR-15788-11353,Jonathan Robinson,914.0,140.0
JM-90055-86348,Jeff Moore,507.0,74.0
MD-53429-52183,Manuel Daniel,397.0,63.0
AH-26281-45211,Anna Hampton,3071.0,649.0
RK-16202-42675,Richard Knight,13784.0,2245.0
RS-83265-55558,Richard Shepard,779.0,167.0
KV-48582-53076,Katelyn Vargas,318.0,79.0
PW-84846-57888,Pamela Wyatt,539.0,63.0
JK-48259-84104,Jessica King,656.0,93.0
FS-37711-96535,Frank Savage,830.0,121.0
TF-13589-35304,Thomas Flynn,1988.0,439.0
MW-41488-61256,Michael White,683.0,118.0
SP-80301-36719,Sarah Parker,991.0,228.0
HR-59655-29015,Hayley Russell,540.0,84.0
JS-86372-11959,Jennifer Stewart,446.0,66.0
SK-15511-34590,Steven Kim,1726.0,157.0
TP-32289-49439,Trevor Pennington,50.0,15.0
TS-89281-53207,Terry Stafford,342.0,38.0
AE-11137-49647,Andrew Elliott,2141.0,490.0
JK-50449-41717,Jonathan Krueger,8710.0,2113.0
RJ-82738-86320,Robert Johnson,1054.0,159.0
HS-56663-11849,Heidi Sampson,573.0,146.0
VJ-96863-19993,Victoria Jones,2300.0,395.0
PD-87001-42617,Phillip Davis,1228.0,178.0
VW-21073-51105,Veronica Wilson,735.0,55.0
BG-99708-81776,Barbara Gutierrez,375.0,35.0
CO-16268-41794,Christopher Ochoa,138.0,20.0
AH-68632-55014,Alex Hill,626.0,152.0
JG-17027-86311,Jessica Galvan,2146.0,212.0
HC-55468-45473,Haley Cox,698.0,112.0
AA-90070-47133,Amy Allen,11590.0,1667.0
RB-37922-90319,Rachael Briggs,831.0,149.0
JC-80189-39779,Joseph Cook,758.0,136.0
MF-56359-26097,Melissa Flowers,400.0,43.0
ET-79313-16237,Eric Torres,350.0,70.0
AC-49587-84007,Adam Collins,1042.0,143.0
KB-42120-77186,Kathleen Baker,654.0,100.0
JP-49461-54320,Juan Patterson,393.0,110.0
AB-28681-33049,Adam Barr,889.0,101.0
JR-55500-48860,Joseph Robinson,533.0,128.0
CK-19662-63693,Cody Kennedy,1113.0,211.0
JF-29789-28940,John Fitzgerald,890.0,175.0
MN-98995-62443,Matthew Nguyen,819.0,155.0
AB-74883-64299,Audrey Bowen,1365.0,140.0
AW-96877-71841,Angela Williamson,1215.0,153.0
ML-90853-50248,Michelle Lambert,96.0,15.0
JL-13601-52064,Jacob Long,63.0,13.0
RW-95289-50982,Robin Wright,8030.0,1390.0
KH-24908-46860,Katelyn Hernandez,418.0,94.0
TG-60027-43440,Tanner Gilbert,910.0,136.0
MM-21580-81966,Meagan Martinez,586.0,146.0
LP-54340-53752,Larry Price,2990.0,652.0
KJ-45740-42360,Kari Jennings,1366.0,279.0
AN-26596-93010,Andrew Nelson,2359.0,471.0
AG-34403-63587,Adam Green,4241.0,874.0
AM-16029-27832,Angela Hunter MD,207.0,20.0
AM-32685-14282,Andrew Moon,953.0,226.0
CO-88443-86290,Collin Osborne,3412.0,599.0
SM-76074-41473,Stacy Miller,739.0,98.0
WM-70089-52411,William Mills,818.0,90.0
KW-43100-26210,Kyle Williams,376.0,75.0
JJ-63801-88568,Jim Johnson,1799.0,307.0
LB-30953-94597,Lisa Bishop,164.0,18.0
JS-54048-40933,Jamie Sullivan,1688.0,303.0
CW-85571-93043,Charles White,3364.0,651.0
SR-72827-26856,Stacy Rice,1275.0,304.0
JC-97573-98435,Jeffery Clark,820.0,153.0
CB-93181-66301,Christina Burnett,733.0,122.0
CL-19065-32509,Christopher Lee,502.0,101.0
KT-64223-72208,Kenneth Thomas,473.0,87.0
JJ-25852-14542,Jordan Johnson,2561.0,268.0
SR-70574-60531,Stephen Robinson,3301.0,684.0
RP-94960-14244,Richard Phillips,1415.0,233.0
JL-14660-21871,Jennifer Love,9207.0,1800.0
TL-43118-92299,Tabitha Lewis,3592.0,519.0
MR-70373-74001,Matthew Rose,398.0,110.0
MH-44422-42902,Mary Howard,852.0,141.0
MS-59034-26959,Michael Salazar,277.0,35.0
SM-97692-93014,Scott Moore,454.0,124.0
MM-13505-61450,Mrs. Jennifer Moyer,2023.0,310.0
OS-89626-71765,Oscar Scott,961.0,152.0
AC-43297-95782,Anita Craig,553.0,120.0
SK-61149-13669,Samuel Keller,480.0,101.0
AD-54158-54449,Aaron Durham,73.0,4.0
GS-60422-20132,George Sanders,814.0,106.0
HM-11599-85550,Heather Miller,497.0,109.0
RH-30972-12264,Roy Harper,951.0,137.0
TT-95739-23010,Travis Taylor,856.0,112.0
JS-16717-73340,Jeffrey Smith,456.0,98.0
FT-27827-96152,Frances Taylor,1299.0,316.0
JF-53901-97976,Johnny Flores,162.0,34.0
TP-66338-36192,Tiffany Padilla,470.0,45.0
MW-32261-88323,Mitchell Wallace,8971.0,1943.0
MG-29501-37670,Marisa Gonzalez,1370.0,209.0
DI-59208-52071,Dr. Nancy Ibarra,737.0,103.0
WC-87291-50586,William Cooper,398.0,40.0
BH-68824-59421,Brandon Hart,1992.0,253.0
JL-48017-92048,Jessica Lang,723.0,167.0
AB-71198-46830,Andrew Brown,295.0,47.0
KT-29044-65010,Kimberly Thompson,1018.0,201.0
FM-83936-80067,Francisco Morrow,205.0,36.0
TP-83092-19044,Todd Perez,1493.0,223.0
VF-13613-15486,Victor Fuller,23445.0,3379.0
KJ-57792-27941,Kenneth Martin Jr.,448.0,44.0
JJ-65923-92831,James Johnson,148.0,19.0
AD-54621-73816,Amanda Daniel,8191.0,1347.0
TD-95012-66196,Thomas Davis,1870.0,305.0
MC-71553-11823,Mary Casey,6995.0,1420.0
KV-98961-67084,Katrina Velasquez,1196.0,149.0
MS-37071-89705,Mark Smith,9272.0,1244.0
DG-55246-48139,Donna Gonzales,2107.0,508.0
BD-26370-38738,Brittney Davis,13285.0,1604.0
JO-54072-24145,Jacqueline Oconnor,1601.0,230.0
JG-87669-17477,John Gates,747.0,133.0
SS-68200-44917,Stacy Santiago,934.0,221.0
RJ-56463-25339,Raymond Jones,2009.0,337.0
VT-44786-93392,Veronica Thompson,2242.0,399.0
KL-81928-68536,Kelsey Lester,1811.0,450.0
JF-53466-88600,Justin Figueroa,735.0,141.0
AT-19234-31586,Andrew Tucker,65.0,11.0
SS-25256-50777,Stephanie Smith,6885.0,1062.0
DS-14815-59684,Dana Scott,1140.0,184.0
SM-64734-62519,Samuel Mcdaniel,789.0,171.0
NW-69357-78532,Nicole Watkins,231.0,48.0
HW-17123-19157,Heidi Weaver,793.0,146.0
CG-13908-44483,Cindy Gillespie,10021.0,1862.0
LH-56861-81805,Lindsay Hopkins,1215.0,252.0
PG-58760-92306,Peter Gordon,11480.0,2093.0
CC-20818-62128,Christine Clark,802.0,149.0
RO-76583-67153,Regina Ochoa,113.0,23.0
AC-91107-87558,Aaron Callahan,902.0,154.0
SW-78318-39588,Sabrina Werner,8080.0,1295.0
JE-90303-19171,Jacob Esparza,1522.0,255.0
KA-79186-56405,Kathryn Anthony,1501.0,331.0
DC-15739-91822,David Carroll,2333.0,597.0
KC-53423-43863,Kyle Chambers,1918.0,377.0
MH-75705-98931,Michael Hunt,690.0,169.0
AS-52359-63290,Austin Stanley,65.0,15.0
BY-37066-88208,Brooke Young,298.0,71.0
PR-36622-27089,Paul Rose,420.0,70.0
PW-29477-56347,Paige Williams,420.0,85.0
MR-93608-89170,Miranda Robinson,7202.0,1274.0
CH-16631-35514,Corey Huynh,292.0,32.0
LN-20118-89724,Logan Nicholson,349.0,69.0
KS-87750-80630,Kevin Sandoval,722.0,210.0
JJ-14147-17986,Jake James,441.0,30.0
CB-74521-23035,Charlene Bell,1133.0,178.0
DA-65558-60984,Dylan Aguilar,338.0,86.0
JS-54524-80179,Jennifer Smith,1415.0,188.0
JD-92768-47263,Jennifer Duncan,14763.0,3084.0
ST-76675-50209,Stephanie Tucker,426.0,121.0
KM-80210-61606,Kimberly Murphy,1229.0,194.0
AR-83394-30787,Alejandro Rodriguez,5696.0,935.0
SS-93476-35770,Sara Shepard,2287.0,497.0
JM-67182-11690,Justin Mason,306.0,27.0
CB-69508-30148,Caitlin Brown,150.0,32.0
CF-13647-32676,Charles Frank,815.0,136.0
RR-55359-64662,Ryan Richards,1025.0,227.0
LN-52943-19883,Lisa Nichols,1589.0,335.0
LG-85128-38606,Lisa Gray,995.0,180.0
CB-21885-72118,Curtis Bailey,1099.0,140.0
DS-68023-45379,David Sanders,334.0,58.0
JW-57371-77311,Jaime Williams,11377.0,1733.0
HT-87010-60217,Hailey Tyler,11036.0,975.0
JY-41571-27749,James Young,438.0,129.0
NH-77343-86181,Nichole Hampton,401.0,53.0
KL-30559-82050,Katherine Lee,549.0,78.0
JJ-98176-76071,Jennifer Jones,7790.0,1280.0
SH-64875-89073,Shawn Hunter,2366.0,451.0
CW-19271-66883,Christopher Wilkins,1875.0,321.0
BK-13255-46754,Betty Kane,528.0,105.0
TP-87243-55126,Timothy Pearson,786.0,111.0
KB-45242-98134,Kimberly Brooks,753.0,158.0
AC-95571-80544,Aaron Christensen,130.0,32.0
AM-92539-68402,Autumn Mason,158.0,33.0
JT-42649-54763,Jeffrey Thompson,1321.0,371.0
LG-10757-54148,Lisa Gallagher,420.0,124.0
AP-82062-58619,Aaron Perez,1104.0,130.0
KC-82473-28728,Keith Cooley,916.0,154.0
KM-89006-61093,Kevin Mckinney,880.0,95.0
JH-52830-71623,Julie Hart,1094.0,174.0
RF-47790-48595,Rachel Fowler,1587.0,256.0
MM-94847-56186,Mr. Justin Myers,456.0,97.0
SP-99497-98112,Sarah Patterson,272.0,39.0
DD-39366-73766,Daniel Davis,656.0,137.0
MV-50449-91878,Megan Valenzuela,895.0,218.0
MB-46517-72556,Mr. Brian Brown,733.0,104.0
RJ-32276-70335,Raymond Jackson,697.0,197.0
JT-71950-16085,Joseph Terry,8396.0,1590.0
JH-64525-35106,Jennifer Hudson,359.0,39.0
PH-97207-60001,Patrick Henderson,485.0,94.0
NK-28190-95452,Neil Kim,2488.0,577.0
MV-52501-72760,Melinda Vasquez,1033.0,113.0
NE-25010-17735,Nicole Esparza,1153.0,264.0
BN-96536-86559,Brandon Nelson,173.0,33.0
LR-68208-77359,Lydia Reyes,1284.0,287.0
JW-18958-13758,Joyce Wang,371.0,78.0
RW-32701-86366,Rebecca White,1294.0,228.0
CH-36839-80163,Charles Harris,10438.0,2250.0
DO-11738-98097,Dawn Olson,1134.0,294.0
AW-42258-90792,Anthony Wilkerson,1067.0,108.0
EC-78951-21830,Emily Cook,1921.0,350.0
IM-33948-27291,Isaac Martin,367.0,100.0
MD-35688-29546,Mckenzie Davidson,767.0,82.0
JS-37793-40465,Julie Sullivan,11171.0,3021.0
SM-50814-67248,Shawn Martinez,516.0,63.0
CL-44458-79894,Chelsea Lewis,586.0,95.0
VS-77785-18950,Veronica Santiago,74.0,4.0
JC-46088-53538,Jordan Caldwell,827.0,100.0
CM-98169-14189,Christopher Mack,581.0,126.0
GW-91788-47714,Greg Wilkins,1428.0,123.0
JR-12140-56838,Jason Riley,196.0,22.0
MD-59597-25840,Michelle Dougherty,4067.0,543.0
EW-78447-76683,Erin Woods,411.0,93.0
MB-57804-29375,Michelle Brown,1404.0,216.0
JC-32958-26017,James Christensen,463.0,41.0
CC-55253-67728,Chelsea Conley,547.0,123.0
EG-91991-26152,Eric Green,320.0,72.0
JS-58047-92804,Jessica Smith,888.0,132.0
KL-43196-16007,Kyle Lopez,1594.0,232.0
AS-94013-62879,Anna Smith,1523.0,255.0
RP-21373-54084,Richard Parker,1136.0,152.0
PG-45528-23177,Paula Grimes,236.0,48.0
EN-16320-35022,Emily Nguyen,5864.0,1188.0
BS-88722-45641,Bryan Santos,415.0,69.0
RP-47740-69243,Roger Pugh,1420.0,250.0
JM-93367-71371,Joseph Strickland MD,458.0,121.0
AM-91912-17575,Amanda Morgan,936.0,126.0
BM-53529-27308,Brenda Martinez,277.0,80.0
AF-42308-15402,Alexis Figueroa,799.0,75.0
JS-98726-97050,Jonathan Sims,1368.0,189.0
RB-89990-93865,Robert Banks,365.0,20.0
JM-80258-18234,Joshua Marks,626.0,140.0
DW-42157-66773,David Weber,1891.0,347.0
JM-35857-78126,Jeremy Medina,1630.0,244.0
BS-49920-59808,Brooke Scott,498.0,97.0
AM-21823-93780,Ashley Moss,361.0,100.0
RC-40190-85403,Roger Crawford,17493.0,2932.0
MH-36850-77742,Matthew Hanson,14557.0,2365.0
TC-69292-90623,Tyler Cruz,953.0,143.0
AS-53381-15944,Anthony Schultz,114.0,15.0
MP-73011-63036,Mark Potter,2545.0,178.0
DL-52837-24493,Debra Lopez,577.0,88.0
KS-14628-14873,Kelly Smith,501.0,77.0
SC-79976-89566,Sarah Case,903.0,167.0
RS-23909-52964,Rita Sanchez,12965.0,2789.0
TG-26948-33099,Travis Garcia,1092.0,124.0
JB-61922-78931,James Bruce,785.0,107.0
AJ-41265-21549,Amber Johnson,10445.0,2135.0
LP-50669-98759,Lindsay Phillips,8028.0,1128.0
RW-74866-85031,Raymond White,1425.0,166.0
WC-10376-81481,Wendy Carey,197.0,47.0
SH-56155-52763,Sarah Hardin,159.0,10.0
KA-48637-88039,Karen Adams,1476.0,426.0
LT-62149-18580,Linda Taylor,202.0,38.0
JC-91492-29707,Jorge Cuevas,285.0,80.0
ZR-97456-86721,Zachary Rice,366.0,65.0
WK-91757-88134,Warren King,320.0,25.0
CO-23301-15173,Charles Owens,1107.0,161.0
JO-75770-20239,Joan Ortiz,1464.0,379.0
NW-56836-36927,Natasha Watts,1305.0,220.0
HM-97934-93639,Haley Miranda,1072.0,242.0
BG-67574-63657,Brian Gardner,1287.0,225.0
LT-66816-19105,Lucas Tanner,431.0,43.0
MB-29384-26114,Mia Barron,2309.0,504.0
SW-16809-16100,Samantha Wilson,6510.0,1084.0
WH-59821-53624,William Howard,440.0,97.0
FE-12501-44218,Frank Evans,204.0,49.0
AS-18958-68227,Aaron Smith,238.0,36.0
PT-59944-93824,Pamela Thomas,765.0,151.0
LB-29051-92468,Lori Bryant,620.0,85.0
MC-41763-68872,Mario Castillo,113.0,12.0
AD-59791-87425,Angela Davenport,1186.0,245.0
BM-39818-84850,Brenda Martinez,1419.0,371.0
SF-40358-89607,Stacey Fields,13671.0,2270.0
SG-56143-28337,Sharon Gutierrez,818.0,105.0
RJ-83623-77796,Rachel James,700.0,125.0
AD-15276-12030,Arthur Daugherty,606.0,133.0
CG-20698-48888,Christopher Gibbs,1193.0,176.0
BP-98043-36582,Barbara Peck,316.0,57.0
GM-33294-82764,Gavin Martinez,1072.0,175.0
JB-88351-92467,Jason Bartlett,1319.0,287.0
MS-75672-32682,Mary Smith,1583.0,339.0
EF-55399-34039,Erik Fletcher,7447.0,2088.0
HD-26996-24690,Heidi Dickson,2255.0,462.0
BR-69802-53270,Brian Roberts,819.0,101.0
CT-52430-87630,Cindy Thompson,429.0,92.0
GB-69430-19420,Gary Barnes,1000.0,179.0
ZC-26666-32137,Zachary Castillo,10332.0,2371.0
DR-23105-22653,Danielle Reeves,1835.0,251.0
JW-54289-66953,Jacqueline Williams,6765.0,1269.0
KF-93010-10033,Kelly Frye,729.0,153.0
RV-15543-82425,Ryan Velasquez,1809.0,320.0
CM-36189-64793,Christina Marks,11112.0,2118.0
SB-37881-63654,Samantha Bishop,187.0,31.0
AH-41894-35994,Anna Howe,1529.0,178.0
JR-91074-93414,Jennifer Roberts,595.0,70.0
AV-73945-71364,Andrea Vargas,904.0,179.0
AG-45072-79280,Amber Greene,1389.0,351.0
SW-51251-40072,Sean Waters,1501.0,299.0
DM-21146-72722,Donna Mejia,809.0,132.0
HY-86174-98269,Heather Yoder,1094.0,142.0
RW-45603-64450,Ronald White,434.0,123.0
AJ-73303-64821,Adrian Johnson,325.0,72.0
KM-59206-77147,Kelsey Mercer,708.0,133.0
SW-50956-59301,Sarah Wilson,2448.0,477.0
JH-89937-29304,Johnny Hill,253.0,68.0
AJ-92037-67417,Alec Jones,983.0,139.0
AF-20708-55657,Anita Flores,885.0,144.0
KE-73834-56760,Kenneth Ellis,121.0,19.0
KO-59400-94099,Kenneth Odonnell,281.0,71.0
DS-40483-70233,David Singleton,1818.0,254.0
MS-12288-97081,Monique Smith,2402.0,472.0
GH-56462-99789,Gwendolyn Hartman,7042.0,1321.0
SW-30018-35713,Steven Williams,526.0,42.0
JS-40301-38733,Jeremy Smith,2229.0,415.0
VM-41832-48521,Valerie Myers,10335.0,2059.0
KD-71716-57692,Kari Dorsey,933.0,76.0
MG-11623-25558,Mary Good,122.0,10.0
KF-88178-80040,Kevin Fry,473.0,74.0
MJ-98421-20842,Megan Jones,537.0,115.0
CK-75375-41230,Cindy Kerr,925.0,140.0
MM-41990-72310,Miss Courtney Ferrell MD,821.0,193.0
PS-97788-67995,Peter Smith,1781.0,288.0
BH-48706-27407,Brian Harris,1569.0,233.0
JP-44114-32664,John Padilla,150.0,12.0
DV-11323-96279,David Vega,829.0,212.0
LA-66894-96688,Lindsay Andersen,403.0,68.0
MH-19104-26327,Michael Hall,1744.0,322.0
AM-34801-97675,Andrea Mccarty,640.0,59.0
EK-19054-38474,Eric Kramer,629.0,86.0
MP-43461-78804,Margaret Parker,764.0,105.0
JH-27864-76198,Jesus Hill,11319.0,2494.0
KD-26897-17018,Kurt Vasquez DVM,1133.0,166.0
RJ-48679-29031,Ryan Johnson,10663.0,715.0
MW-12206-41858,Melissa Weber,1839.0,281.0
JF-87766-24331,Jessica Farmer,988.0,157.0
TN-19469-50822,Taylor Norman,262.0,20.0
KA-46713-80114,Kevin Alexander,336.0,42.0
MP-86851-94863,Mr. Matthew Perez,1515.0,239.0
HJ-41899-59603,Heather Jenkins,1741.0,259.0
JG-46004-97540,Jeffrey Gardner,182.0,42.0
JJ-79463-54945,James Jackson,1216.0,187.0
KT-62061-69364,Kathryn Thomas,9281.0,1601.0
JB-70315-63806,John Bishop,1136.0,210.0
JG-30285-93802,James Gilbert,1533.0,284.0
RB-55263-73396,Raymond Burgess,805.0,219.0
TA-33541-50538,Travis Anderson,486.0,145.0
BM-41603-88738,Brooke Moore,648.0,164.0
NH-23369-86713,Nicole Hobbs,4761.0,825.0
AD-87417-85904,Alexis Davis,328.0,61.0
JK-61016-21069,Jennifer Knapp,378.0,45.0
SM-85371-32742,Sara Miller,130.0,18.0
MK-29685-50007,Michael King,1082.0,111.0
AC-10721-71203,Andrew Campos,1232.0,272.0
DB-58479-55623,David Bennett,433.0,75.0
LN-61016-17227,Larry Novak,12872.0,3180.0
PJ-49230-28211,Peter Johnson,372.0,99.0
WB-81197-85785,Warren Browning,1749.0,299.0
KL-92644-69192,Kathy Lindsey,261.0,26.0
SR-18825-54877,Stacy Richards,149.0,24.0
CG-44325-73714,Calvin Green,986.0,89.0
KT-20402-83712,Katherine Terrell,7207.0,1408.0
CH-77797-46772,Clarence Hernandez,342.0,103.0
TG-57827-54964,Tony Gardner,1058.0,156.0
TW-21349-26903,Tammie Werner,1190.0,177.0
PS-28040-26235,Patrick Smith,1364.0,199.0
JW-38238-69990,James Wilson,279.0,42.0
BJ-81730-77304,Brooke Jones,93.0,12.0
LH-23983-39311,Latasha Harrison,1486.0,230.0
VC-31921-74767,Victor Casey,9368.0,2005.0
JR-86276-96842,Jerry Richardson,287.0,23.0
AH-51368-58162,Alexander Howard,2490.0,487.0
BS-28250-43828,Brian Schmitt,270.0,18.0
SS-75018-74983,Sherri Sexton,1276.0,208.0
GS-25851-46097,Gregory Smith,99.0,15.0
MP-94310-44354,Mr. Douglas Prince,1048.0,171.0
WF-96744-51609,William Fowler,239.0,30.0
MW-83768-82723,Mr. Jay Wood,729.0,141.0
KH-86087-79506,Katie Hamilton,199.0,37.0
MW-10899-88944,Michael Webb,955.0,166.0
MM-26006-27457,Mark Martin,422.0,46.0
MW-37310-69815,Matthew Waters,181.0,32.0
JG-25066-59327,Jeffrey Gonzalez,507.0,47.0
JW-58471-66033,James Woods,1663.0,230.0
TW-59379-98906,Thomas Ward,432.0,93.0
DM-83980-20773,Dominic Moran,1330.0,175.0
JH-74748-45351,John Huber,158.0,16.0
JA-30977-71815,Jaime Anderson,1599.0,256.0
KV-85375-91512,Kimberly Vazquez,294.0,44.0
JC-88153-15714,Jesse Carr,104.0,15.0
RS-76239-79326,Ronald Sparks,8341.0,1309.0
BL-10449-65015,Brian Lee,1084.0,199.0
CS-22013-15332,Caitlin Scott,420.0,68.0
GW-33584-78476,Grant West,2664.0,223.0
BD-96859-85184,Benjamin Dorsey,1082.0,138.0
SC-79081-21077,Susan Clark,815.0,153.0
GA-28003-77767,Gary Austin,205.0,14.0
FR-23463-24930,Frank Reyes,275.0,66.0
BC-56512-54805,Brianna Carey,487.0,47.0
MC-46836-94626,Mark Cherry,1457.0,408.0
AM-77212-84895,Anthony Moore,591.0,102.0
SD-51905-49612,Stephanie Daniel,834.0,94.0
RA-31288-14443,Richard Adams,307.0,25.0
BB-37230-98160,Brandi Byrd,1595.0,149.0
MC-63142-11192,Michelle Cherry,413.0,53.0
ML-53914-61482,Mikayla Lopez,918.0,222.0
JW-67152-96293,John Williams,1180.0,134.0
SE-14102-50686,Scott Esparza,1395.0,273.0
NC-44629-96900,Nicholas Chan,13745.0,2694.0
KL-15241-90262,Kyle Lara,19333.0,4245.0
CD-63559-59973,Carol Nelson DDS,1141.0,172.0
CL-10927-91863,Chelsea Lopez,502.0,60.0
CD-34550-46586,Carolyn Dunlap,936.0,114.0
AS-84383-80684,Amy Sanchez,788.0,142.0
MW-60106-51057,Mathew Wood,112.0,6.0
TN-51205-64003,Tanya Norton,1227.0,171.0
AA-75174-17106,Alexis Adams,19014.0,1942.0
ZD-53344-55762,Zachary Dean,764.0,142.0
DH-80109-71077,Daniel Hoover,436.0,43.0
CL-99012-57173,Cathy Lewis,2508.0,444.0
SW-90129-26107,Sean Woodard,462.0,54.0
GS-53163-68995,Gregory Schneider,1635.0,475.0
SG-50977-43630,Stephanie Glover,345.0,65.0
GP-22851-29911,Glen Pitts,148.0,13.0
JC-68018-86823,Jennifer Cruz,907.0,193.0
TP-28028-56426,Timothy Parks,7783.0,1306.0
MS-72728-71771,Michelle Smith,628.0,124.0
TH-65810-55857,Timothy Hart,160.0,46.0
RG-72403-63071,Richard Garcia,1063.0,170.0
EW-74356-43733,Emily Williams,432.0,75.0
TR-24867-79110,Tony Ross,876.0,105.0
AC-33118-19824,Alexander Cobb,6530.0,1017.0
MY-43411-24807,Miguel Young,1068.0,151.0
KT-47258-49360,Katrina Taylor,134.0,32.0
SW-25535-40045,Stephen Wilson,822.0,182.0
MG-60924-28865,Marcus Gonzalez,366.0,47.0
LC-95240-14844,Linda Caldwell,2152.0,418.0
AT-20138-86618,Andres Thomas,917.0,138.0
MR-19206-54534,Mark Rodriguez,758.0,123.0
HM-27963-59936,Holly Mendoza,642.0,130.0
MD-40658-83939,Melissa Davidson,2169.0,147.0
HT-25263-99679,Heidi Townsend,838.0,143.0
AK-44432-17994,Alicia King,424.0,61.0
MS-94496-78070,Marie Smith,1226.0,138.0
JH-65389-61484,Jasmin Hall,303.0,73.0
RB-75118-23285,Ruben Boyd,604.0,55.0
DG-23815-24892,Desiree Garrett,101.0,24.0
KB-14233-20051,Kristen Brennan,258.0,13.0
BR-78687-62570,Brittany Robinson,10657.0,2162.0
AY-45088-88608,Amanda Yates,854.0,106.0
KC-39590-11027,Kristi Cardenas,519.0,125.0
RB-22120-12219,Rebecca Burgess,12909.0,2142.0
CD-67426-31387,Catherine Delgado,164.0,21.0
SR-94740-71236,Scott Rodriguez,478.0,91.0
MW-21253-98395,Mario Williams,1252.0,313.0
TE-58254-24497,Taylor Evans,1148.0,198.0
RT-30350-77586,Richard Thompson,429.0,48.0
PC-15173-93835,Patrick Cameron,1121.0,147.0
MH-52847-33368,Michael Hoffman,670.0,57.0
RS-40767-71583,Robert Sweeney,1491.0,143.0
ET-36264-22028,Elizabeth Thompson,1035.0,214.0
CM-75098-71724,Casey Mitchell,482.0,34.0
WC-82067-55953,William Conway,383.0,70.0
DJ-45590-25802,Daniel Johnson,923.0,276.0
KG-57981-70085,Kathryn Gilbert,285.0,58.0
LS-13759-65126,Lisa Smith,1208.0,179.0
AR-34327-55627,Amy Rosario,874.0,160.0
RD-56408-15898,Robert Dillon,234.0,47.0
RW-41877-55201,Rebecca Williams,121.0,20.0
HW-44752-86537,Helen Wang,1184.0,245.0
EN-47309-32872,Eric Norris,379.0,62.0
TH-52084-73214,Timothy Hill,620.0,171.0
NB-84282-39266,Nicole Barker,485.0,121.0
BD-35450-81917,Brent Day,775.0,139.0
PD-81302-63106,Patrick Dudley,428.0,57.0
JH-24218-40307,John Hall,1154.0,241.0
IB-45683-93852,Ian Brooks,244.0,66.0
JD-64597-36897,Jennifer Dodson,245.0,64.0
BK-42206-66966,Brittney Knapp,672.0,123.0
JO-24023-46798,Johnathan Orozco,732.0,115.0
AH-81518-75746,Amy Hogan,736.0,129.0
AS-96229-57521,Allison Sampson,451.0,52.0
DB-31908-69722,Douglas Bradley,1272.0,275.0
KL-80267-36618,Kathleen Lopez,170.0,42.0
DV-72896-75017,Diana Vasquez,355.0,42.0
MR-44399-39229,Michael Rush,518.0,58.0
NP-27293-96228,Nicole Porter,61.0,8.0
AA-56149-53126,Anthony Allen,655.0,142.0
HW-92781-37479,Hannah White,672.0,111.0
MJ-13460-10527,Melissa Johnson,903.0,191.0
KS-71047-78652,Kelsey Simpson,1083.0,83.0
MT-66146-43306,Matthew Tyler,152.0,34.0
JM-49208-98722,Jessica Martinez,458.0,30.0
BF-64809-97821,Bob Fernandez,521.0,54.0
RJ-95977-60719,Rodney Johnson,586.0,42.0
CR-27327-81183,Christina Reid,1503.0,350.0
MD-59407-30897,Michael Davis,458.0,71.0
KO-78141-87919,Kayla Obrien,1746.0,225.0
DY-25854-66036,David Young,1404.0,185.0
NJ-70547-64094,Nancy Jimenez,685.0,149.0
ES-56264-57654,Evan Smith,900.0,185.0
HM-54189-98421,Heather Morrow,345.0,82.0
KH-41683-55489,Kevin Hartman,778.0,159.0
MJ-32982-93665,Maria Joseph,1021.0,181.0
BJ-44069-24893,Brian Jackson,384.0,31.0
PG-59243-98357,Peter Gardner,8669.0,1819.0
AA-36793-84326,Amber Anderson,10538.0,1859.0
JD-29621-46303,John Dunn,709.0,85.0
SV-19179-45949,Susan Vazquez,260.0,76.0
CF-44232-14259,Christopher Flores,5461.0,929.0
KJ-29362-73592,Keith Jackson,110.0,17.0
JB-97064-11312,Jonathan Brown,55.0,6.0
AP-32375-32698,Andre Peterson,191.0,18.0
DS-96672-84914,Dr. Colleen Smith,10753.0,1690.0
JM-68586-98400,John Miller,1916.0,228.0
SM-50035-80022,Samantha Martinez,1007.0,280.0
JA-20266-99742,Jason Aguirre,226.0,30.0
JS-84759-95682,James Solomon,492.0,118.0
CG-68567-43197,Chad Gray,941.0,183.0
KH-86104-81563,Kevin Howard,1248.0,177.0
AM-16765-54777,Alyssa Merritt,1217.0,147.0
JH-68310-30372,Jennifer Henry,744.0,111.0
MS-42076-68284,Michelle Simmons,142.0,18.0
JJ-60516-84809,Julie Jenkins,186.0,26.0
EM-98901-96870,Erica Miller,1165.0,263.0
IC-33554-77664,Ivan Cooper,339.0,61.0
MH-31166-57518,Matthew Hoffman,1852.0,364.0
SM-15998-98240,Susan Murphy,178.0,36.0
MB-15618-14745,Melissa Barker,478.0,91.0
SD-71139-59281,Samantha Davis,2194.0,392.0
KG-45351-16319,Katie Gray,2958.0,576.0
JW-35891-90308,Jennifer Ward,636.0,116.0
MH-76979-93934,Mindy Hutchinson,347.0,46.0
MV-51230-65533,Matthew Valdez,933.0,186.0
CP-26819-91007,Claudia Price,608.0,100.0
JS-44820-46375,Jennifer Schmitt,444.0,119.0
JK-56015-15108,Jennifer King,896.0,162.0
ML-23117-39835,Mr. Kyle Lane,640.0,66.0
KS-71097-74138,Kimberly Silva,155.0,35.0
JS-64630-43814,Jade Simpson,1204.0,198.0
KR-41769-76329,Katrina Richards,245.0,61.0
JW-20785-87208,Jennifer Walters,477.0,68.0
LM-49109-52244,Lynn Mathis,67.0,16.0
MA-47530-82103,Megan Allen,770.0,61.0
SL-92059-12445,Shannon Logan,1377.0,290.0
EA-75435-49921,Elizabeth Anderson,15623.0,3049.0
PD-79590-97945,Pamela Dickerson,13203.0,2931.0
JM-36418-39441,Jessica Mccarty,394.0,62.0
KB-94449-96234,Karen Brown,403.0,115.0
LR-99546-16449,Latoya Roberts,439.0,111.0
SD-75622-24623,Shawn Diaz,984.0,265.0
CD-55332-83244,Carl Davila,189.0,37.0
AS-39007-57175,Anthony Sanchez,2010.0,349.0
CH-21385-83910,Christian Holland,2426.0,401.0
EF-56994-25117,Elizabeth Fritz,628.0,80.0
DW-84397-50006,David Winters,418.0,64.0
JS-47103-19993,Joy Stanton,1148.0,213.0
JW-16468-28271,Jill White,201.0,17.0
OB-19031-26184,Olivia Baker,110.0,18.0
ML-58450-47146,Margaret Lawson,721.0,123.0
MC-69678-30744,Maria Chung,7205.0,1322.0
LM-66562-14436,Linda Randall MD,845.0,154.0
ES-19776-26936,Elizabeth Stark,296.0,38.0
AD-25928-36397,Albert Dean,364.0,91.0
JS-82654-26416,Justin Sellers,422.0,95.0
RF-43782-46585,Rodney Fernandez,7362.0,2056.0
AH-31650-94280,Andre Hurst,361.0,66.0
BA-79413-34468,Bryce Allen,1347.0,347.0
TM-59307-41034,Tracy Martin,14635.0,2790.0
EM-44153-90453,Eduardo Mckee,338.0,38.0
WP-21316-88793,Wesley Parsons,12649.0,2299.0
KF-65453-21911,Kevin Ferrell,601.0,144.0
TB-61803-76501,Tammy Benitez,422.0,102.0
DC-95399-50743,David Clay,303.0,54.0
AB-76895-54027,Amy Barton,774.0,92.0
DD-14244-66326,Donna Doyle,8458.0,1282.0
TD-31768-85273,Thomas Doyle,458.0,77.0
NH-21473-81885,Nicolas Hurley,5314.0,809.0
JW-15960-82246,Jose Williams,676.0,199.0
JS-83619-83782,John Schmitt,11306.0,1912.0
JD-85790-41632,Joseph Donaldson,7386.0,1033.0
EL-23217-16641,Elizabeth Lopez,1178.0,148.0
KV-54631-27776,Kathryn Velez,697.0,108.0
JG-68226-98007,Justin Garcia,2347.0,306.0
HE-56960-81002,Hayden Edwards,1066.0,262.0
MR-48518-24348,Michael Robinson,919.0,96.0
CD-82159-15322,Christian Davis,651.0,193.0
DJ-82028-33803,Dillon Jones,850.0,50.0
EM-33694-71929,Elizabeth Morgan,599.0,51.0
CK-66938-12586,Christy King,1008.0,193.0
LE-71000-75748,Lori Escobar,300.0,69.0
RR-53565-57243,Robert Rice,10471.0,1657.0
OM-98545-32004,Omar Carr MD,324.0,71.0
JL-69797-33372,Jeffrey Lewis,2559.0,565.0
RH-39856-11723,Renee Henson,606.0,172.0
SE-59767-32390,Sharon Ellis,893.0,168.0
MC-13709-78594,Margaret Cowan,900.0,246.0
MH-63050-94649,Melanie Harris,461.0,62.0
JJ-15667-43595,Jennifer Jones,555.0,128.0
MS-75119-18027,Melissa Simpson,574.0,92.0
JH-28353-33508,Joseph Howell,969.0,201.0
TB-75170-29373,Tracy Brewer,376.0,90.0
TC-94092-18369,Thomas Collins,256.0,25.0
BR-62907-15664,Beverly Robinson,515.0,118.0
TB-17409-94749,Tracy Bailey,15419.0,2525.0
MJ-84480-42442,Mark Johnson,709.0,187.0
CM-75555-76642,Christopher Mason,13388.0,3442.0
VW-20199-54642,Vicki Walker,51.0,9.0
HK-25793-31001,Howard Krueger,1354.0,217.0
BD-75616-35156,Brittany Rodriguez DDS,2357.0,467.0
MH-26114-18282,Michael Holmes,584.0,120.0
TY-21981-31794,Timothy Yates,508.0,63.0
SB-86125-41631,Stacey Brown,7404.0,1436.0
KD-47453-86830,Kaitlin Davis,2986.0,495.0
RY-69260-32615,Robert Young,343.0,51.0
WW-37372-29773,Whitney Walker,360.0,46.0
JB-11012-71956,Jennifer Bates,772.0,95.0
JW-67802-73040,Joshua Wilson,1573.0,80.0
AB-95924-45792,Adrienne Burns,921.0,106.0
LS-17363-73124,Lisa Solomon,1061.0,99.0
AM-83248-18391,Annette Mueller,918.0,110.0
SM-80502-89028,Sarah Moran,687.0,115.0
MS-98576-36665,Michael Spencer,6002.0,572.0
LW-10847-19895,Lauren Williams,559.0,123.0
SP-34716-91067,Shelley Patterson,439.0,79.0
NJ-86221-48046,Nicholas Jackson,1156.0,161.0
JC-87994-57206,Jessica Cooper,864.0,167.0
DW-49996-98288,Dawn Williams,8949.0,1636.0
CR-37081-44692,Chelsea Robbins,774.0,170.0
EG-73951-92722,Elijah Griffith,484.0,101.0
DH-70351-20778,David Harrington,6405.0,953.0
SJ-76335-54840,Steve Jackson,593.0,57.0
EH-41809-93886,Ethan Harris,1766.0,326.0
BV-90492-91860,Benjamin Villarreal,436.0,128.0
ER-98281-27418,Edward Roberson,905.0,156.0
JF-93610-78267,Jill Franklin,613.0,119.0
MB-70325-34175,Margaret Burns,123.0,19.0
TC-11776-29424,Taylor Conley,2015.0,448.0
BC-10827-14066,Brian Cruz,1273.0,168.0
BS-46630-14707,Brittany Sellers,1414.0,248.0
RT-69229-15236,Robert Taylor,445.0,118.0
CH-19588-86169,Crystal Henry,826.0,123.0
CC-81804-35262,Christopher Crosby,846.0,200.0
HW-58923-63288,Harold Warren,901.0,233.0
RN-31846-33063,Rhonda Nichols,1560.0,193.0
AI-48493-66614,Anthony Ibarra,1500.0,317.0
WS-42753-85213,William Sanders,3590.0,338.0
DG-93942-75440,Drew Gilmore,748.0,89.0
JR-33635-64193,Jennifer Rowe,8282.0,1173.0
TB-90275-37826,Theresa Brown,992.0,235.0
DH-43598-50292,David Henry,438.0,56.0
DM-39474-32667,Dylan Montgomery,2140.0,371.0
EF-63775-94227,Eric Fernandez,1828.0,259.0
KF-72124-76472,Krystal Frederick,754.0,167.0
CC-35561-56912,Chloe Callahan,638.0,148.0
JM-22375-65436,Jeffrey Martinez,553.0,74.0
GR-93427-45773,Gina Ramos,2483.0,498.0
BE-99928-62482,Bianca Evans,915.0,197.0
MT-90180-71756,Micheal Townsend,930.0,128.0
SS-21885-59798,Suzanne Smith,463.0,44.0
KL-40940-83888,Katie Lee,357.0,103.0
HL-77676-67261,Henry Lopez,588.0,124.0
RE-83057-34500,Ricky Edwards,142.0,24.0
KK-30974-94730,Kenneth Knight,343.0,53.0
MP-33139-18846,Melissa Pierce,861.0,180.0
MJ-57361-62924,Mia Jackson,974.0,87.0
DJ-42415-85374,Dustin Johnson,1025.0,179.0
JM-53266-50394,John Miller,1604.0,436.0
KT-44621-18332,Kathryn Taylor,597.0,142.0
AP-22386-35831,Alyssa Proctor,413.0,79.0
SS-24072-67667,Susan Simon,578.0,67.0
JG-62170-13021,Jeffrey Gardner,459.0,78.0
LS-73392-88602,Louis Sims,662.0,159.0
MP-79975-74457,Mary Pugh,1254.0,88.0
JC-14982-73011,Jamie Cox,804.0,124.0
ED-41882-43426,Ernest Diaz,809.0,78.0
KR-43208-99691,Kyle Robinson,269.0,61.0
JM-85061-86239,Janice Fisher MD,567.0,121.0
TM-81960-24408,Thomas Malone,360.0,91.0
JP-45046-70771,Jennifer Perez,1299.0,242.0
IF-97882-52413,Isabel Fuller,754.0,122.0
JP-45325-34255,Jacob Perry,373.0,90.0
KT-64612-92098,Kenneth Trevino,621.0,73.0
JP-65280-75115,Jose Perry,361.0,27.0
EM-26732-93646,Eric Munoz,311.0,46.0
RF-32350-48162,Robin Fields,790.0,155.0
SF-45686-78997,Susan Fox,387.0,36.0
LO-95564-74379,Lisa Oliver,259.0,58.0
JW-62043-87745,Jessica Watkins,255.0,56.0
MD-62380-19977,Mr. Austin Dixon,705.0,114.0
JW-41040-16800,Jeffery Webb,581.0,124.0
TR-93686-79576,Tina Robinson,584.0,102.0
MC-23506-64064,Martha Collins,8639.0,1840.0
JC-89898-47627,Jerry Chavez,630.0,119.0
MS-66790-97060,Mandy Singh,820.0,111.0
BK-25078-67070,Benjamin King,396.0,104.0
BA-59782-78031,Barbara Andersen,1829.0,132.0
JR-87651-87371,Joel Robinson,1645.0,343.0
KS-67954-36702,Kelly Steele,471.0,63.0
JN-17863-47202,Jason Nelson,109.0,23.0
CN-12290-99982,Crystal Navarro,442.0,53.0
KD-30909-19484,Kent Davis,217.0,22.0
JF-37234-55765,Jamie Franklin,925.0,154.0
AB-18029-26770,Andrew Beasley,291.0,37.0
EJ-13282-32622,Edward Jackson,3603.0,639.0
EG-68194-96457,Elizabeth Griffin,685.0,161.0
RR-16183-48049,Richard Richardson,1918.0,316.0
BR-31871-27315,Bruce Reyes,937.0,193.0
MB-26132-81408,Michael Brooks,788.0,183.0
JJ-35733-10543,James Jenkins,6118.0,1084.0
MM-53931-58625,Megan Mullins,2802.0,577.0
TD-68701-33002,Taylor Dickson,9768.0,1601.0
TC-64282-14094,Tony Cohen,812.0,111.0
TB-78474-57110,Tanner Boyd,1792.0,380.0
TS-70313-42055,Taylor Soto,2202.0,341.0
MC-98120-19623,Matthew Chambers,2768.0,521.0
MR-56872-85494,Maria Rocha,1309.0,223.0
GG-51649-78030,Gregory Glover,1165.0,126.0
DB-12781-97129,Danielle Baldwin,334.0,44.0
MR-21721-33732,Mr. Jesse Rivas,324.0,57.0
TF-63824-82206,Tina Foley,533.0,63.0
TM-55654-61117,Tony Meyer,829.0,201.0
CJ-65114-50006,Christopher Jones,971.0,117.0
RA-49625-71974,Regina Acevedo,784.0,220.0
MH-37838-66103,Mark Hernandez,3919.0,826.0
SM-72619-70499,Shannon Morris,260.0,51.0
AW-24429-53539,Anne Willis,1208.0,274.0
KG-69190-10835,Karl Gates,701.0,104.0
TB-74616-32717,Thomas Boyer,1078.0,235.0
BB-24769-57542,Billy Becker,1223.0,286.0
PW-88355-75369,Patricia Williams,647.0,147.0
DM-99598-15518,David Mitchell,770.0,129.0
RP-38995-63918,Robert Phillips,192.0,48.0
BL-51673-59880,Barbara Leblanc,541.0,84.0
EJ-29660-75045,Emily Jones,284.0,50.0
MH-96980-10304,Michelle Hardy,8036.0,1703.0
JG-97911-25476,Jason George,154.0,40.0
BE-88192-59907,Bryan Edwards,178.0,17.0
JF-36113-80571,Jaime Foster,108.0,17.0
AS-28780-53679,Arthur Silva,8923.0,1491.0
TR-69184-40203,Timothy Russell,3580.0,694.0
DH-90506-68932,Deborah Hawkins,209.0,39.0
BF-48000-48439,Brian Fuller,689.0,136.0
CF-81373-68469,Cynthia Fritz,190.0,30.0
NG-19100-14135,Nancy Garcia,12708.0,1671.0
CR-63417-81837,Charles Ramirez,920.0,172.0
CS-53264-55478,Christopher Solis,785.0,172.0
OJ-42794-48530,Olivia James,62.0,4.0
KR-23622-30158,Kelsey Reynolds,1224.0,159.0
AC-14944-20471,Ashley Chavez,445.0,72.0
EL-39717-62590,Emma Levy,1769.0,212.0
AD-69355-28301,Amy Davenport,1342.0,197.0
KC-86578-83566,Kimberly Chang,760.0,140.0
DW-91297-22726,Dr. Andrea Williams,727.0,114.0
CN-65821-53896,Charles Newman,619.0,51.0
LS-65522-79892,Laura Smith,2043.0,338.0
JC-94816-38367,Jennifer Cline,92.0,8.0
KS-45649-16467,Karen Sanchez,2602.0,408.0
JM-41970-86652,James Martinez,484.0,52.0
SE-80633-33949,Sean Estrada,1194.0,154.0
EM-70707-37675,Elizabeth Mathis,595.0,129.0
NB-56718-78127,Nicholas Brown,7118.0,1401.0
DO-57544-47796,Douglas Ochoa,1509.0,250.0
LW-40783-79231,Lance Wilson,2849.0,608.0
MB-18837-26513,Michelle Brown,566.0,47.0
DC-91160-87079,Diane Carroll,1711.0,172.0
JH-97581-25083,Jeffrey Howell,361.0,73.0
TM-34030-16751,Timothy Morales MD,482.0,110.0
DW-62421-33434,Dana Wheeler,2007.0,312.0
VP-97325-88335,Vickie Pham,940.0,119.0
AD-92700-96788,Adam Delgado,258.0,49.0
ES-20230-71476,Evan Smith,10741.0,1894.0
JT-67080-50051,James Thompson,774.0,94.0
WD-94831-33969,William Daniel,771.0,65.0
ME-60967-89715,Michael Estrada,995.0,127.0
JG-17425-36517,Justin Garcia,301.0,85.0
MS-16065-49093,Misty Scott,458.0,73.0
DM-50521-53814,Daisy Melendez,1263.0,155.0
VB-52237-72022,Veronica Bailey,9601.0,1687.0
TM-90944-15563,Tammy Nguyen MD,408.0,62.0
BS-42853-45513,Brooke Sanders,1241.0,101.0
ZM-39227-70543,Zachary Medina,894.0,141.0
HA-48266-19048,Howard Andrews,406.0,28.0
MC-41323-93133,Marcus Clay,8919.0,1491.0
DS-73279-90251,Danielle Smith,782.0,133.0
JS-68184-58213,Joshua Skinner,793.0,186.0
JS-45871-44638,Joshua Scott,7851.0,1242.0
DS-86913-92938,Douglas Simmons,363.0,21.0
AF-48459-90851,Andrea Fernandez,1257.0,244.0
LW-78526-61707,Lisa Wright,1176.0,157.0
JM-17492-54896,Jennifer Mills,125.0,30.0
AD-50570-14333,Arthur Davis,697.0,158.0
MD-11272-92972,Miss Danielle Serrano DVM,832.0,60.0
TR-20224-47830,Timothy Rivera,336.0,92.0
SM-36800-61892,Stephanie Mitchell,1031.0,237.0
YV-77165-92668,Yesenia Vasquez,2155.0,284.0
TC-78128-98226,Theodore Cameron,1188.0,172.0
SM-64677-94770,Samuel Morris,823.0,67.0
AM-12595-54169,Andrew Murphy,478.0,72.0
DA-21935-10879,Darryl Ali,1203.0,114.0
LB-54162-55825,Lisa Butler,965.0,114.0
TM-20307-16987,Terry Martin,381.0,80.0
KS-40327-55975,Kathryn Strong,2099.0,437.0
NY-87558-54668,Nicole Yates,396.0,79.0
TR-17009-42816,Tiffany Ross,800.0,126.0
AL-71836-15034,Audrey Long,805.0,178.0
WH-94800-58576,Whitney Hays,1055.0,278.0
AR-54518-75079,Aaron Reed,941.0,175.0
TA-91982-91545,Teresa Adams,482.0,71.0
JW-62052-63407,Joseph West,1078.0,240.0
MB-20144-52670,Mark Bailey,1219.0,247.0
KH-72419-89011,Karen Hunt,172.0,10.0
MK-47960-36880,Michael Kemp,1060.0,161.0
ME-29098-40880,Marcus Edwards,2400.0,316.0
VJ-36324-86111,Victor Jones,928.0,139.0
CM-65852-88444,Connor Mcintosh,114.0,9.0
SL-51422-60070,Stephen Larson,619.0,131.0
AS-30513-13881,Ashlee Simpson,790.0,130.0
AO-45507-24492,Amber Olson,18737.0,4192.0
GR-20801-34082,George Rodriguez,1539.0,230.0
DM-39931-26191,David Martinez,437.0,104.0
RC-69941-26062,Rachel Conley,10240.0,2389.0
RW-22422-14497,Rebecca Wade,6742.0,1495.0
MB-73853-30202,Michelle Bush,231.0,12.0
RR-45312-76664,Ruth Ramirez,253.0,32.0
TM-97634-31573,Todd Montgomery,1456.0,122.0
JS-41931-91316,Jonathan Scott,326.0,67.0
RL-18669-64115,Robin Lee,7408.0,1265.0
JH-25722-98198,Jillian Huang,2279.0,608.0
RA-85515-73737,Randy Anderson,8505.0,1609.0
MG-98199-16770,Matthew Green,810.0,132.0
VS-11195-55376,Vincent Simon,192.0,54.0
JM-46512-53390,Jamie Martin,1701.0,245.0
HC-79558-95499,Heather Carter,6680.0,1743.0
BS-67150-50070,Brian Sanchez,497.0,95.0
BC-21190-63995,Benjamin Curry,389.0,39.0
MB-48655-68283,Mary Bennett,237.0,39.0
JB-77859-13509,James Browning,1224.0,195.0
DH-99426-71897,Debra Hahn,15478.0,2903.0
ML-62789-73165,Marc Lopez,1025.0,90.0
MW-30521-25776,Matthew Walls,794.0,209.0
GG-16432-17717,Gerald Garner,1230.0,129.0
SC-35280-96880,Stephanie Clayton,272.0,22.0
GL-59196-78910,Gregory Leonard,235.0,14.0
SK-36199-54881,Sarah Key,101.0,9.0
MW-71291-64816,Mr. Anthony Wright,1210.0,173.0
NS-98788-25784,Nicholas Smith,497.0,38.0
CM-10800-18389,Cathy Moore,947.0,153.0
EO-30423-18109,Erika Oliver,88.0,10.0
JN-36992-63012,Julie Newton,481.0,43.0
CC-70067-35687,Christina Cox,1026.0,228.0
MS-77974-90653,Mario Smith,798.0,198.0
PS-91344-30628,Patricia Solis,1238.0,151.0
CB-88478-76402,Craig Bradley,169.0,39.0
DL-67114-43641,David Lopez,1788.0,389.0
AS-97008-96823,Anthony Shepherd,304.0,49.0
SE-24216-69514,Scott Evans,224.0,20.0
LL-30064-49769,Linda Lee,509.0,51.0
MM-92572-65318,Miss Heather Morrison,139.0,33.0
EM-74461-40107,Evan Murray,1838.0,367.0
CG-76787-33821,Courtney Griffin,613.0,92.0
JS-55284-39930,James Stout,514.0,98.0
ND-57336-80172,Nicole Davis,16059.0,2901.0
HS-29789-12779,Heather Saunders,520.0,52.0
MK-19645-26486,Michael Kerr,1080.0,245.0
JM-78668-58508,Jennifer Miller,2195.0,188.0
CF-92633-26769,Caroline Foster,428.0,53.0
RA-17199-34218,Rebecca Alvarez,941.0,76.0
HD-69737-33648,Heather Dunn,5282.0,648.0
LA-56694-71306,Louis Alexander,232.0,22.0
TJ-36320-29751,Tyler Johnson,397.0,39.0
MH-63589-90581,Michelle Howell,2654.0,405.0
MA-34266-23540,Michael Aguilar,951.0,129.0
JK-52477-48592,Jessica Key,374.0,97.0
MB-86529-36250,Michael Butler,206.0,43.0
SH-98750-59761,Shelby Hill,824.0,223.0
MB-84158-69160,Mia Brown,1597.0,310.0
MW-96799-18213,Michael Watson,522.0,139.0
CJ-64157-92968,Charles Turner Jr.,702.0,190.0
BR-82866-17851,Brandon Rocha,493.0,99.0
CM-49707-24814,Christopher Wood MD,330.0,19.0
WM-78111-30622,William Mann,853.0,161.0
NM-54726-60389,Nicholas Moore,1657.0,162.0
EJ-33896-71534,Eric Jacobs,18198.0,4350.0
JC-52004-32233,James Cooper,161.0,33.0
NM-16286-77918,Nicole Morris,761.0,126.0
BE-46879-27773,Benjamin Escobar,10083.0,1412.0
DR-81415-94682,David Rodriguez,1770.0,307.0
AJ-42949-86980,Andrew Jensen,2038.0,360.0
ED-78238-47833,Emily Dickson,8235.0,1553.0
KL-38068-49664,Kelsey Love,350.0,22.0
EH-49860-37158,Evelyn Hutchinson,1785.0,276.0
RL-24370-46742,Robert Lopez,1466.0,369.0
AE-33622-97029,Anna Espinoza,11362.0,2181.0
DB-74769-22793,Dawn Burke,1445.0,247.0
SD-82409-58555,Sherri Doyle,150.0,36.0
AS-46867-94530,Angelica Snyder,1070.0,234.0
BS-42455-90764,Brian Stevens,7047.0,1358.0
MR-57757-29288,Mary Rose,444.0,115.0
RG-56116-93550,Rhonda Graham,789.0,143.0
DR-43032-59065,Diana Robinson,6949.0,961.0
SL-57652-15257,Sara Leblanc,2092.0,344.0
RS-35176-26071,Ryan Silva,377.0,53.0
DA-48606-45465,Darrell Anderson,1014.0,130.0
PJ-19728-41083,Peter Jackson,1639.0,177.0
EP-44073-35501,Eric Patrick,1686.0,321.0
JL-75474-65640,Joseph Lewis,17897.0,2535.0
MB-18795-15169,Michael Blankenship,1061.0,262.0
CM-97143-76170,Christina Mitchell,426.0,117.0
LM-93437-23404,Lynn Martin,704.0,92.0
CJ-25131-61285,Candice Johnson,1389.0,244.0
JC-63451-79033,Jeffrey Collins,1008.0,218.0
JJ-26910-30915,Julie Johnson,309.0,65.0
MV-91401-93794,Melanie Valentine,567.0,146.0
SP-88213-41689,Samantha Prince,369.0,61.0
ZM-19227-63809,Zachary Martinez,1766.0,302.0
SS-66853-77238,Sarah Scott,778.0,85.0
MG-73741-54887,Maureen Graves,356.0,41.0
TJ-51442-68098,Tommy Johnson,2026.0,420.0
MW-29622-74905,Michael Washington,1684.0,257.0
DS-23806-64583,David Sloan,1825.0,287.0
BS-48112-70661,Bryan Simmons,348.0,69.0
MG-97250-16032,Matthew Garrett,1122.0,222.0
TH-80535-18833,Tristan Huynh,396.0,74.0
AC-20014-76101,Anna Choi,481.0,100.0
PH-82488-93829,Patricia Howard,1288.0,249.0
LB-69609-10610,Lindsey Brown,1110.0,155.0
CY-26297-66720,Christian Yates,3108.0,379.0
AS-40912-66417,Amanda Stephens,3292.0,432.0
JF-82376-62083,Jared Forbes,644.0,70.0
DH-40652-63118,Dawn Harrison,9529.0,1599.0
BP-66101-43152,Bryce Porter,2436.0,400.0
CL-46841-50766,Charles Lindsey,2078.0,281.0
MC-23535-34101,Mary Chase,150.0,10.0
LJ-63568-19162,Lori Jenkins,318.0,68.0
MB-38686-78925,Mark Burke,1050.0,200.0
MM-33973-71099,Mrs. Teresa Mcintosh,1318.0,202.0
AM-81290-86039,Andrew Morgan,393.0,99.0
JE-72021-96671,Jeremy English,1828.0,410.0
SE-55065-66671,Sharon Ellis,850.0,122.0
SM-60733-63514,Stephen Martin,11295.0,2543.0
CW-68785-39885,Crystal Wilkerson,358.0,84.0
RW-92256-36070,Robert Wilson,1983.0,573.0
SB-16417-51801,Scott Bowman,634.0,146.0
SL-74234-69463,Scott Larsen,1442.0,251.0
TA-56381-39945,Thomas Allison,183.0,38.0
WC-14370-92206,William Cabrera,1214.0,197.0
DG-14465-67687,Denise Gonzalez,1154.0,261.0
JP-78006-76450,Jennifer Poole,484.0,89.0
ML-80539-43586,Marie Lin,1226.0,251.0
CD-91204-24760,Charles Johnson DVM,92.0,25.0
RD-54752-51948,Robert Deleon,499.0,64.0
SF-15185-75817,Sarah Flores,1264.0,166.0
MD-13893-18075,Michael Watkins DDS,469.0,116.0
TD-66309-73111,Tony Duncan,527.0,73.0
CC-21283-32966,Caitlin Camacho,1077.0,166.0
LC-72405-76087,Luke Christian,1357.0,187.0
VE-61200-89336,Veronica English,1419.0,249.0
AA-32065-64121,Alice Allen,93.0,16.0
RE-94662-24404,Richard Evans,431.0,86.0
AS-35544-55763,Amy Sanchez,290.0,67.0
RJ-13892-48714,Rebecca Johnson,104.0,26.0
JC-74313-96438,Jeffrey Castillo,734.0,134.0
EZ-93199-28981,Emily Zamora,68.0,4.0
JR-64108-15089,Jennifer Rose,1413.0,369.0
ET-25293-31302,Edward Taylor,560.0,137.0
DR-85196-58974,David Richards,1092.0,142.0
JH-46832-88532,Jeremiah Hansen,914.0,194.0
ML-41557-89465,Melissa Little,789.0,192.0
HS-68411-73413,Holly Saunders,2661.0,624.0
JW-87564-92578,Julie Watson,321.0,36.0
DJ-47399-78706,David Jensen,215.0,37.0
MT-75646-40865,Monique Thompson,1146.0,124.0
GB-55928-72953,Gregory Bell,843.0,153.0
GE-18487-51418,Grace English,468.0,36.0
DG-56317-41685,Debbie Gonzalez,816.0,135.0
JK-22867-47747,James Kirby,281.0,68.0
SP-63810-54284,Shane Perez,300.0,37.0
AL-15338-84711,Alejandro Lowe,1434.0,242.0
JB-89060-35507,Jesse Brown,353.0,39.0
AF-16894-35926,Amber Fleming,826.0,198.0
JB-91930-74783,Jesus Buck,1134.0,157.0
RM-60318-55693,Ryan Mcbride,2000.0,318.0
AR-72423-28696,Anne Richards,11389.0,1782.0
TZ-63005-58831,Tina Zimmerman,2596.0,445.0
XA-64733-32200,Xavier Ashley,4164.0,967.0
LT-98619-97131,Lauren Thomas,504.0,52.0
RO-35690-62606,Robert Odonnell,464.0,84.0
CR-95260-70269,Christopher Ramirez,60.0,11.0
MG-95984-74528,Michelle Garcia,673.0,111.0
EO-67473-39934,Elizabeth Olson,503.0,53.0
JD-39385-54609,Jennifer Durham,1117.0,211.0
KH-21072-60925,Kathryn Hart,816.0,115.0
DK-56662-48586,David Kennedy,9584.0,1821.0
JB-51726-40251,Jessica Becker,153.0,12.0
JO-71105-19351,Jerry Ortiz,1242.0,301.0
KL-59087-66132,Kimberly Levy,182.0,21.0
SC-17122-30010,Scott Case,723.0,112.0
KZ-27933-99930,Kevin Zimmerman,391.0,31.0
LP-78010-90902,Leslie Price,4258.0,895.0
JD-54051-60496,Justin Edwards DVM,1342.0,133.0
DC-44032-15495,Daniel Clark,502.0,87.0
DM-40335-93550,Deborah Miller,1040.0,95.0
JF-69815-52164,James Fox,2396.0,590.0
RT-22658-92545,Riley Taylor,647.0,108.0
TC-87967-58212,Tiffany Cook,613.0,91.0
PH-61073-10825,Patricia Herman,1341.0,190.0
MP-62697-88196,Matthew Petersen,11201.0,2534.0
DT-94537-61954,David Thomas,752.0,218.0
AY-44759-31677,Allison Yang,1121.0,238.0
BL-31016-46128,Beverly Lucas,1444.0,158.0
MB-90244-55087,Michelle Berry,482.0,95.0
LJ-42678-78577,Linda Johnson,328.0,79.0
AP-47677-62937,Autumn Payne,1096.0,125.0
MC-69098-92304,Marisa Collins,1232.0,198.0
SR-70776-43074,Scott Roberts,1334.0,329.0
KB-84236-11859,Krystal Brown,603.0,129.0
GY-83273-79162,Garrett Yoder,819.0,76.0
RL-34943-59606,Robert Lee,8904.0,1563.0
IH-15010-47391,Ivan Hayes,160.0,18.0
HC-48966-93672,Hector Collins,7341.0,1129.0
EM-95294-66856,Elizabeth Mcgee,658.0,140.0
BC-83310-52071,Bryan Cochran,151.0,16.0
CM-38129-33113,Chloe Matthews,13230.0,2634.0
CO-45336-66100,Christian Ortiz,880.0,203.0
CS-43140-34107,Charles Scott,1563.0,244.0
JP-67580-27401,Jesse Phillips,380.0,76.0
CL-40006-85551,Clifford Lewis,1588.0,301.0
AM-99768-97308,Anthony Martinez,241.0,31.0
JF-59208-82212,Joshua Fleming,550.0,83.0
KB-79759-73093,Kevin Bauer,859.0,205.0
DJ-16794-89313,Denise Johnson,466.0,117.0
AS-99418-96814,Amanda Schultz,1295.0,137.0
JM-89063-84532,John Miller,5252.0,944.0
MD-59731-71052,Michael Dean,270.0,61.0
MH-22115-34750,Mr. William Hawkins,2013.0,200.0
ML-35208-89867,Michael Lee,361.0,82.0
MR-33501-98265,Matthew Reyes,131.0,22.0
SC-20096-35740,Stephanie Carter,954.0,196.0
PH-25234-48489,Philip Hart,179.0,41.0
AF-57058-44466,Amanda Fitzpatrick,352.0,57.0
GM-39259-25817,Gary Mendez,390.0,99.0
KS-45526-55906,Kaitlyn Sims,1763.0,185.0
TE-56434-55984,Tyler Eaton,549.0,116.0
KF-54992-92847,Kenneth Fox,842.0,195.0
AS-37339-80782,Amanda Sellers,170.0,48.0
ID-61508-65167,Isaiah Dyer,1075.0,214.0
CW-25388-89895,Courtney Wright,664.0,58.0
SH-63730-45941,Samantha Hunter,628.0,126.0
CH-20127-32620,Cheryl Hamilton,760.0,195.0
ME-27753-54334,Mary Evans,362.0,50.0
TH-53049-79611,Timothy Hill,7405.0,1284.0
SA-24170-37800,Sierra Aguilar,62.0,13.0
WC-16628-79255,Wesley Chen,369.0,60.0
MR-60489-50126,Margaret Russell,1386.0,190.0
LA-74237-24351,Lindsey Allison,1289.0,146.0
AC-71441-17451,Alicia Campbell,1015.0,135.0
DC-21612-70393,Debbie Carter,401.0,28.0
BC-98993-98949,Brian Carlson,1283.0,236.0
RJ-78676-34566,Robert Scott Jr.,2766.0,459.0
AH-70263-15552,Alexis Holloway,68.0,12.0
MD-65912-37177,Michelle Douglas,26296.0,5740.0
WR-22409-53665,William Reese,1048.0,177.0
MB-74279-37577,Michael Baker,807.0,125.0
KM-83899-80610,Kimberly Martin,779.0,195.0
SM-98750-58779,Sharon Moore,461.0,35.0
GS-68865-21916,Glen Solomon,121.0,13.0
KC-68239-85228,Kathleen Carrillo,797.0,170.0
SW-44295-17518,Steven Wolfe,2329.0,420.0
RA-93842-81546,Raymond Anderson,961.0,178.0
CL-83307-36692,Cody Li,2363.0,503.0
JR-70940-17611,Jeffrey Rojas,7118.0,1381.0
MC-36857-34024,Michelle Cook,8960.0,1539.0
ST-36928-15890,Shelley Tucker,1367.0,335.0
DA-26617-57736,Dr. Christina Arnold,2356.0,260.0
JC-18135-58787,Jody Castro,2046.0,404.0
RG-89130-90713,Robert Garner,719.0,109.0
JA-23337-21695,Jordan Alexander,5702.0,739.0
SH-78485-67078,Samuel Higgins,7928.0,652.0
II-98208-13086,Ivan Irwin,1482.0,289.0
TS-85801-40583,Tina Scott,507.0,121.0
JJ-90978-80599,Jessica Jackson,705.0,172.0
MC-10587-54246,Michael Cisneros,1969.0,439.0
AP-66540-28119,Audrey Crawford PhD,299.0,81.0
KO-52629-77264,Kayla Ortega,480.0,140.0
DH-79740-14242,Daniel Higgins,1753.0,306.0
KH-42532-96631,Kimberly Hanson,10139.0,1646.0
MW-40255-72687,Matthew Walker,907.0,123.0
BY-62152-34419,Bruce Young,410.0,104.0
JM-42310-99528,Jason Martinez,382.0,74.0
JF-48146-29461,Jordan Fisher,11717.0,903.0
KH-11387-24957,Katherine Hayes,933.0,230.0
PS-19859-80486,Pamela Smith,1277.0,324.0
DC-55038-76780,Dustin Cowan,846.0,73.0
MC-50213-38281,Matthew Cox,80.0,13.0
JA-11381-26801,Justin Aguilar,1501.0,243.0
PT-49418-41417,Patrick Tapia,292.0,41.0
JA-80824-76274,Joseph Adams,264.0,51.0
JT-34400-74874,James Thompson,1335.0,312.0
NC-93960-83428,Norman Carroll,478.0,26.0
ZG-50074-67643,Zachary Gilbert,605.0,91.0
CE-57409-79359,Christopher Evans,3523.0,694.0
JD-13116-45871,Jesus Decker,3021.0,613.0
JH-12506-25580,Jennifer Hatfield,371.0,96.0
VJ-27695-23476,Vincent Jones,756.0,146.0
TR-52405-96444,Thomas Russell,1056.0,127.0
AB-60355-51790,Anthony Baldwin,524.0,95.0
CW-77630-11397,Carolyn Webb,182.0,22.0
SG-21293-78663,Stephanie Garrett,288.0,70.0
WB-59166-99268,Wendy Burton,6396.0,1009.0
LW-48688-42633,Lisa Woodward,1062.0,231.0
LN-30179-84369,Laura Nelson,406.0,116.0
KM-69105-74603,Kyle Mueller,311.0,86.0
AG-16484-69671,Amber Garcia,810.0,230.0
JH-36332-84643,Jorge Holmes,816.0,211.0
CM-86281-76823,Cory Moss,475.0,72.0
MJ-87281-17314,Mariah Johnson,1201.0,132.0
MB-25114-31181,Michael Brown,1088.0,214.0
DS-63915-24657,David Smith,810.0,129.0
JS-13749-81847,Jennifer Smith,2122.0,283.0
JD-39373-61957,Jordan Dunn,716.0,157.0
ET-15227-58170,Eddie Tucker,17420.0,4042.0
BM-34157-60672,Barbara Morrow,1844.0,219.0
RW-73992-24067,Robert Watkins,16083.0,2925.0
RK-89497-69542,Robert Knight,250.0,37.0
RN-12476-37351,Richard Neal,1878.0,385.0
MS-86063-51651,Mr. Michael Smith,529.0,62.0
DM-53137-15526,Donna Marshall,891.0,122.0
HR-21948-51628,Heidi Rush,17144.0,2530.0
CT-41276-85218,Charles Tran,1418.0,176.0
SM-98927-16447,Sandra Melton,88.0,24.0
PL-75589-90804,Patricia Leonard,304.0,50.0
KC-58155-23855,Kurt Cruz,1437.0,271.0
SM-30653-77863,Suzanne Mann,1334.0,192.0
JJ-98444-11965,Joe Jackson,864.0,137.0
DM-81230-89487,Dr. Barbara Mills,385.0,91.0
CR-93997-75404,Cindy Robinson,90.0,15.0
JH-86648-16686,Jacob Henry,98.0,17.0
LP-43197-66143,Lauren Ryan PhD,2235.0,330.0
DM-48915-26459,Dawn Mitchell,344.0,81.0
ME-64253-67555,Michelle Estes,232.0,48.0
JM-33052-53040,Jennifer Morse,10641.0,1444.0
BD-36923-71110,Beth Davis,3277.0,504.0
KF-25187-22932,Kristin Fernandez,292.0,21.0
AB-42596-63717,Ashley Brock,433.0,45.0
EL-64285-68929,Ethan Lee,1513.0,391.0
BH-21720-10035,Beverly Harvey,152.0,32.0
CG-26627-61930,Cassandra Garcia,521.0,65.0
RL-40724-52063,Regina Lopez,20815.0,4763.0
AH-19923-20677,Angelica Hale,823.0,200.0
KM-53272-41430,Kathryn Michael,484.0,112.0
MD-21511-72927,Morgan Duran,757.0,191.0
BC-82339-69917,Brian Campbell,1859.0,484.0
PS-77872-86300,Preston Shelton,5145.0,1018.0
RJ-80534-76658,Robert Jones,1276.0,311.0
RS-75209-82829,Robert Small,1073.0,175.0
AB-55413-47791,Aaron Brown,823.0,155.0
AM-89319-44893,Audrey Mejia,1500.0,230.0
HA-18235-40674,Heather Armstrong,1306.0,297.0
EW-75511-70843,Eric Williams,925.0,73.0
NH-46437-90387,Nicholas Hall,362.0,82.0
MM-35809-22402,Miguel Mcgee,1045.0,236.0
NR-52878-50815,Natalie Reed,9016.0,1827.0
JL-54704-63022,Jeffrey Lopez,159.0,42.0
CD-46106-17825,Cathy Davidson,459.0,72.0
JW-26807-34828,Javier Ward,709.0,136.0
WP-81852-23207,Whitney Patel,621.0,125.0
JR-85217-16270,Jessica Robinson,441.0,85.0
SL-72697-93592,Sonia Larsen,203.0,18.0
AS-50501-71992,Austin Sutton,1034.0,137.0
GW-59112-39081,Gary Ward,1308.0,317.0
NS-60899-69215,Nathan Smith,542.0,78.0
RF-17148-75892,Ryan Floyd,1638.0,278.0
AM-60297-17200,Amanda Mckinney,400.0,83.0
CE-68012-84191,Christopher Edwards,1042.0,159.0
RM-50534-27084,Ricardo Mueller,406.0,77.0
NM-77770-53669,Nicholas Marquez,462.0,115.0
YC-20806-88614,Yesenia Caldwell,1551.0,378.0
PL-54257-78215,Philip Lynch,2005.0,390.0
AW-25717-22981,Ashley Williams,880.0,107.0
MH-24322-76547,Michael Hansen,1984.0,554.0
HS-33263-72641,Heather Smith,7319.0,1432.0
AS-45765-37108,Amy Stout,1068.0,162.0
JB-79041-31179,Jessica Brennan,1323.0,170.0
LR-17778-18336,Lindsay Romero,484.0,97.0
AH-41244-51233,Anthony Harris,553.0,146.0
CS-23143-24916,Christopher Smith,799.0,153.0
GH-13614-98438,Gregory Hunter,206.0,48.0
DP-30823-11710,Donald Patterson,2247.0,393.0
JJ-85483-77650,Joshua Joseph,185.0,20.0
RM-80879-28199,Rose Mendoza,1637.0,205.0
TD-65952-34923,Timothy Delgado,353.0,66.0
MR-63315-43608,Mr. James Robertson,1588.0,307.0
KA-28254-95899,Kelly Adams,510.0,114.0
CM-81101-88378,Carolyn Roberts MD,1047.0,144.0
MV-49383-93776,Martha Vega,572.0,142.0
TK-96589-93474,Thomas Knox,449.0,88.0
JY-13210-34505,Jerome Yates,813.0,137.0
RB-61294-60466,Robert Berry,370.0,45.0
RR-10194-82429,Robert Rivera,16856.0,2471.0
LG-80942-75036,Luke Gonzalez,16002.0,2855.0
DL-72996-38259,Darrell Lee,443.0,50.0
DG-24626-18380,David Garza,1026.0,136.0
KD-44421-57175,Kathy Dorsey,355.0,39.0
JT-41504-86714,Jeffrey Tran,178.0,38.0
CW-69867-11539,Christopher Wilson,172.0,13.0
TR-61266-88484,Thomas Rose,411.0,105.0
ZL-92410-93838,Zachary Lloyd,225.0,41.0
KM-95197-19100,Keith Moore,806.0,140.0
TT-76954-21550,Trevor Tucker,82.0,22.0
IT-28252-33574,Ian Taylor,890.0,164.0
JD-27593-79755,Jacqueline Griffith DDS,326.0,30.0
SM-93827-41401,Sean Marquez,1259.0,204.0
KC-30380-64122,Kimberly Curry,971.0,110.0
AG-64978-16354,Angela Guzman,557.0,72.0
MD-81495-67839,Ms. Anna Wilkerson DDS,1369.0,195.0
KW-88130-84355,Kevin Watson,1576.0,371.0
TK-64975-75466,Tony Kirby,2354.0,335.0
AS-17202-18253,Alexander Smith,1240.0,120.0
RP-56106-14942,Rachael Peters,1433.0,344.0
JG-57660-25234,James Griffin,445.0,52.0
SB-69224-27418,Sandra Bridges,1412.0,343.0
KT-95078-82801,Kevin Taylor,2470.0,350.0
JM-26744-28263,Joseph Manning,1764.0,370.0
MM-85794-63163,Melanie Mercer,224.0,17.0
HS-31415-68868,Heather Schneider,542.0,58.0
HR-93358-26416,Harry Rodriguez,169.0,28.0
JB-95579-96390,John Bailey,1775.0,251.0
SM-52459-66306,Steve Mcintosh,8730.0,621.0
KT-84656-71275,Kevin Thomas,2227.0,270.0
SM-26734-62508,Stephanie Moran,1148.0,166.0
MC-15935-16297,Mrs. Jill Clark,917.0,101.0
MA-52841-90383,Michael Adams,508.0,133.0
KB-57188-49732,Kevin Bishop,8390.0,1532.0
JM-23334-34577,Jeffrey Moore,966.0,187.0
RH-95800-20505,Russell Hammond,347.0,45.0
MG-61308-83978,Matthew Gonzales,1673.0,192.0
AH-79966-79694,Austin Hill,882.0,141.0
RJ-25433-96952,Randy Johnson,247.0,28.0
DF-23201-14474,Denise Freeman,479.0,69.0
MM-96250-93439,Mr. Michael Newton MD,306.0,23.0
MD-45087-49000,Molly Davidson,513.0,117.0
HC-76753-60851,Haley Cox,1563.0,291.0
KR-10210-66639,Kathleen Richardson,87.0,6.0
RP-52590-27375,Roy Parker,503.0,72.0
JA-91891-11061,Jessica Arias,132.0,29.0
KR-19112-17978,Kevin Rogers,11047.0,1892.0
BD-26173-84279,Brittany Dixon,1843.0,414.0
MS-72020-18093,Matthew Sellers,875.0,194.0
CR-20910-42576,Christina Rios,17518.0,3878.0
TM-79969-51162,Tiffany Morales,7925.0,1541.0
FD-18148-72225,Felicia Downs,911.0,88.0
LG-88976-33747,Lawrence Garcia,1211.0,207.0
SG-72483-77490,Stacy Gray,401.0,98.0
JB-78310-62810,Jessica Ballard,341.0,90.0
JM-72443-77596,Jennifer Miles,1219.0,258.0
LR-85811-87112,Laura Ray,1756.0,339.0
AJ-40474-35200,Amy Jensen,356.0,74.0
AP-69066-78622,Angela Perkins,446.0,120.0
KC-99712-53564,Katherine Chavez,1010.0,93.0
MW-24803-19362,Meghan Williams,736.0,112.0
CW-74410-44733,Carla Wiley,377.0,108.0
TF-78155-54373,Tony Friedman,8267.0,1747.0
KT-88605-45532,Kathleen Thomas,326.0,38.0
BH-62863-33854,Brian Harris,482.0,66.0
AE-34950-81684,Alex Estrada,214.0,58.0
DM-22542-97658,Diane Moreno,808.0,228.0
HB-24469-99724,Heather Brown,163.0,14.0
ME-41439-45681,Marie Esparza,236.0,50.0
CC-13077-68492,Curtis Camacho,861.0,168.0
BM-41220-87614,Benjamin Martinez,7932.0,1458.0
DM-20298-19368,Dana Martin,458.0,51.0
JH-45557-27426,James Hernandez,937.0,69.0
AB-18844-14029,Alexander Burns,2927.0,602.0
DC-18612-49331,Danielle Clark,651.0,122.0
PD-52140-99605,Patricia Glass DVM,692.0,82.0
WR-50942-55696,William Rice,7384.0,1165.0
IH-96172-16309,Ian Holt,759.0,89.0
JC-97756-51221,Joshua Carey,140.0,32.0
AW-71861-11338,Ashlee Weiss,116.0,24.0
AB-40502-46285,Amanda Buchanan,883.0,147.0
TS-98945-95524,Tracy Smith,694.0,128.0
VL-80139-20945,Vincent Lewis,660.0,121.0
SW-41104-67448,Susan Watkins,430.0,73.0
CA-73946-89046,Christopher Allen,562.0,65.0
AS-61434-90696,Amber Smith,372.0,33.0
JG-29968-31375,Jordan Gallegos,884.0,153.0
AD-92093-50282,Angela Davis,935.0,169.0
DS-64620-11166,Daniel Shea,1354.0,132.0
BH-80299-86679,Brandi Harrell,918.0,127.0
CH-62994-39051,Carly Holt,1013.0,190.0
WG-99920-27122,Wendy Garcia,532.0,112.0
KK-91669-80560,Kelly Knox,1749.0,304.0
AA-87008-46033,Angela Alexander,1065.0,186.0
JP-38374-14594,Joseph Powell,12483.0,2165.0
JG-67157-97312,Jon Golden,1654.0,312.0
DZ-42856-96179,Daniel Zimmerman,819.0,172.0
DG-88957-14921,Dr. April Gonzalez,355.0,54.0
BS-64336-65397,Brandon Shelton,1112.0,287.0
VC-92715-31626,Vernon Chambers,674.0,138.0
JH-54003-74504,Joshua Hughes,989.0,129.0
SH-46152-44047,Shawn Herring,1310.0,257.0
DP-34965-12687,Debra Phillips,1003.0,181.0
JR-28682-39109,James Rodriguez,466.0,84.0
FM-15641-43476,Felicia Moore,1267.0,255.0
CC-24245-99096,Christine Chapman,882.0,140.0
JE-13683-70320,Jason Estrada,918.0,156.0
JB-26473-29427,Jessica Barker,697.0,82.0
LT-54195-29346,Laura Thompson,512.0,83.0
SM-95721-76351,Stephanie Morris,1082.0,229.0
JR-87288-57389,Jackson Rosales,3685.0,512.0
DF-33380-70453,David Flores,679.0,105.0
SM-18201-92047,Stacy Manning,592.0,122.0
SM-83188-88743,Sarah Morton,386.0,100.0
CB-22100-35894,Caitlin Barton,2017.0,368.0
KC-22775-50715,Kenneth Cook,602.0,124.0
MN-53820-24523,Michelle Nguyen,188.0,10.0
BN-27929-13179,Brandi Newman,269.0,60.0
KT-60548-37259,Kelsey Thomas,2067.0,379.0
MA-74628-29755,Miss Leslie Alexander,368.0,88.0
JI-98911-62876,John Nguyen IV,2069.0,319.0
MW-87067-50395,Matthew Williams,1214.0,186.0
LP-83201-91248,Laura Perez,540.0,87.0
JK-18036-95168,James Kennedy,2159.0,426.0
MT-12271-60092,Michael Tucker,1439.0,305.0
JP-56199-10369,Joshua Phillips,374.0,45.0
CB-16133-18045,Christopher Byrd,715.0,138.0
JN-55135-91398,Jonathan Nelson,6817.0,1172.0
KR-59251-90722,Kathryn Rodriguez,264.0,23.0
LT-22699-89884,Laura Tran,1285.0,228.0
MH-17898-54190,Michael Hopkins,2226.0,395.0
PS-95636-60689,Pamela Stone,1208.0,210.0
BR-54814-59265,Brian Rodriguez,1115.0,169.0
JW-86315-81710,Jennifer White,334.0,35.0
MH-38518-28102,Madison Harris,1397.0,341.0
DM-39707-41379,Daniel Merritt,380.0,55.0
TG-44102-79417,Timothy Goodman,4485.0,547.0
JH-76380-66798,Julie Howard,605.0,72.0
JM-61634-64451,Joshua Martin,243.0,64.0
TS-64560-43623,Terry Stevens,2303.0,359.0
JO-22867-78827,James Owens,8357.0,1408.0
KP-76347-75310,Kyle Phillips,525.0,78.0
RW-72856-57603,Rose Wong,583.0,99.0
EC-58475-30417,Eduardo Clark,919.0,224.0
RS-68069-84809,Ronald Swanson,2333.0,315.0
MJ-78724-39616,Morgan Jarvis,850.0,224.0
DN-26769-62026,Danielle Nixon,10507.0,1849.0
LM-76363-56237,Lisa Mcdonald,516.0,83.0
GF-80470-74493,Gregory Flores,973.0,131.0
WH-33881-14183,Wendy Holt,7778.0,1275.0
KS-10683-63817,Kristen Scott,620.0,73.0
BS-10440-43639,Blake Salinas,14161.0,2923.0
JC-88648-10432,James Collins,1330.0,237.0
JG-79680-18397,Joseph Green,11410.0,1860.0
JJ-17105-90918,Jessica Jones,601.0,149.0
EB-10742-64982,Elizabeth Barrett,612.0,43.0
JS-89082-44121,Julia Schmitt,643.0,136.0
AW-62953-87798,Angela White,716.0,149.0
SJ-93098-69580,Sara Johnson,176.0,16.0
SS-39065-28288,Steven Smith,468.0,85.0
CH-51466-52503,Christopher Hansen,820.0,216.0
ER-96933-72971,Emily Roy,11395.0,1820.0
RN-69369-66649,Ryan Nguyen,6357.0,1249.0
SP-85109-61390,Stephen Price,439.0,70.0
MR-46677-25920,Michele Reynolds,500.0,56.0
JM-42586-49751,Joshua Marshall,243.0,62.0
AM-94850-81053,Aimee Moore,676.0,102.0
NT-20829-31768,Nicole Tyler,7330.0,1307.0
RR-75125-31325,Robert Romero,9387.0,1502.0
JM-34761-29139,John Mccormick,1974.0,108.0
AH-75368-37090,Angela Huerta,447.0,115.0
JJ-74258-33313,Joseph Jackson,1624.0,221.0
CC-42913-27713,Crystal Christensen,1650.0,118.0
RM-43938-86957,Ronald Mejia,1058.0,156.0
BS-49958-88452,Brandon Shaffer,10809.0,1894.0
CR-74467-56683,Chris Robinson,1282.0,315.0
MB-19453-88869,Michael Brown,805.0,181.0
ZD-68246-14977,Zachary Dunn,1575.0,341.0
WG-36161-93701,William Garcia,674.0,77.0
AE-22324-17116,Amber Ellison,1776.0,321.0
PG-66598-68830,Paul Garcia,10408.0,2378.0
WB-92719-15542,William Brown,779.0,94.0
JP-25216-80904,Jesse Padilla,1005.0,114.0
ML-21755-58962,Michael Lewis,804.0,172.0
KP-67168-51092,Krystal Powell,457.0,100.0
JF-61171-17058,Jesse Fernandez,3574.0,652.0
PY-83774-52530,Peter York,430.0,74.0
MB-52609-26629,Mr. Sean Booth,97.0,28.0
BR-86334-89197,Bethany Ray,919.0,181.0
DC-39273-57757,David Carpenter,2032.0,234.0
JW-48962-62470,Julia Williams,412.0,49.0
BT-46952-65010,Bob Thomas,19222.0,3418.0
MK-54852-18633,Michelle Knapp,1853.0,216.0
CL-28899-71602,Cassidy Lloyd,474.0,73.0
JL-79071-40555,Jacob Leblanc,605.0,38.0
MA-11602-21337,Michael Anderson,337.0,43.0
MD-51372-83529,Maria Diaz DDS,1301.0,152.0
KM-12980-93822,Kathryn Martin,360.0,84.0
CM-28915-46253,Catherine Murray,594.0,99.0
JC-18278-85139,Jessica Cervantes,752.0,103.0
RP-33444-23502,Robin Powers,5860.0,974.0
JG-29596-79177,John Gutierrez,276.0,50.0
RP-53596-73083,Ryan Petty,1752.0,264.0
AH-37053-94475,Abigail Hudson,99.0,14.0
GD-90073-96579,Gregory Dodson,293.0,42.0
DC-34282-61276,David Cruz,693.0,176.0
JH-97641-51628,James Henry,320.0,35.0
BR-61584-71459,Barbara Rogers,1509.0,394.0
MB-36909-48431,Megan Black,10651.0,2045.0
KK-31416-51168,Kari Klein,3092.0,445.0
SM-70442-68732,Samantha Martinez,468.0,92.0
KG-95884-23451,Kristen Green,3938.0,711.0
JH-49343-85382,John Harris,2645.0,485.0
HS-44552-78506,Hunter Schroeder,306.0,43.0
AD-94647-65588,Austin Davidson,1805.0,411.0
JS-20629-68416,Joe Shepherd,83.0,9.0
KF-60152-38191,Kiara Flores,358.0,46.0
SA-60325-11259,Shelly Atkinson,446.0,68.0
LM-92890-52773,Lori Morris,397.0,90.0
RW-55042-30801,Russell Warren,2059.0,339.0
JB-88355-79578,Jeremy Blevins,992.0,208.0
SJ-15153-97323,Steven Jones,617.0,72.0
CT-72251-12944,Curtis Thomas,401.0,111.0
DL-54077-94767,Deborah Little,812.0,136.0
JO-38355-97229,Jeffrey Obrien,188.0,54.0
KB-23360-79095,Kristen Bell,859.0,149.0
VC-24873-45343,Vincent Cline,650.0,136.0
GH-73243-26031,Gloria Harmon,469.0,118.0
MW-69152-13368,Melanie Wade,6707.0,1060.0
KH-28242-53444,Karen Harris,411.0,99.0
BP-68969-65521,Brenda Parker,17905.0,2488.0
LG-34189-66582,Laura Garcia,372.0,97.0
TM-82207-95108,Toni Martinez,1613.0,294.0
JW-84535-88916,James Walker,281.0,65.0
TB-21515-96056,Tiffany Bass,448.0,81.0
TW-96917-23363,Thomas Wells,2129.0,399.0
BJ-80180-66444,Brett Johnson,12701.0,2679.0
VL-65958-96590,Victoria Lopez,687.0,119.0
EJ-37576-46264,Elizabeth Johnson,506.0,68.0
JT-32832-85486,John Thompson,9608.0,1808.0
AC-39373-44597,Angela Cooper,484.0,144.0
AW-76240-15944,Amanda Wilson,67.0,10.0
TB-14246-63182,Travis Berry,414.0,104.0
MP-92600-89676,Melanie Perry,654.0,84.0
CC-21621-15221,Christine Curry,1268.0,191.0
JB-95584-12241,Joanne Blevins,407.0,88.0
PJ-39361-52133,Patricia Johnson,732.0,137.0
JG-77388-50303,Jason Griffin,17841.0,2608.0
JS-53050-86826,Jennifer Serrano,73.0,19.0
LW-32145-23506,Lance Wang,487.0,71.0
CG-67038-87697,Carol Green,1659.0,421.0
RB-88974-70147,Ruben Bowman,994.0,94.0
AL-33708-75540,April Lopez,1807.0,291.0
LJ-81588-62835,Leroy Jordan,132.0,36.0
WS-14230-41905,William Scott,644.0,66.0
BP-55254-67043,Benjamin Parker,1631.0,290.0
LR-76131-26845,Lisa Richardson,426.0,78.0
JZ-89544-32443,Joseph Zamora,1161.0,347.0
AR-95463-47079,Angela Ramsey,913.0,215.0
KH-91280-27866,Kathleen Hester,1778.0,320.0
ML-29917-32259,Mr. Derek Lawrence,1122.0,161.0
AG-46970-66630,Alyssa Guzman,3386.0,478.0
CA-39003-36973,Cory Acosta,935.0,263.0
LR-88201-85939,Lori Rush,1846.0,467.0
EV-90720-49598,Elizabeth Villegas,1284.0,108.0
JH-12941-32607,Juan Hernandez,150.0,9.0
BG-65079-70357,Bobby Golden,904.0,119.0
SH-33937-26576,Sean Harris,366.0,22.0
JW-15378-11696,Jill Wilson,1069.0,260.0
EB-83189-44831,Emily Baldwin,1345.0,186.0
BD-63175-81287,Brianna Dunn,299.0,59.0
DC-36202-25076,David Clay,2279.0,320.0
VD-26748-21330,Victoria Grant DVM,336.0,80.0
SM-44027-16230,Shannon Garcia MD,616.0,104.0
TF-70711-45988,Timothy Flores,738.0,171.0
JW-75152-92040,Jamie Williams,889.0,75.0
EW-44287-36716,Erin Williamson,10713.0,1850.0
BS-89914-19536,Brianna Stephens,547.0,88.0
NT-54524-42540,Norma Thomas,213.0,42.0
LM-32347-62370,Lisa Mcguire,19282.0,3778.0
JL-14270-86148,James Lewis,704.0,127.0
ML-35945-34981,Miguel Livingston,609.0,74.0
EC-15625-18471,Eric Caldwell,531.0,104.0
TJ-86604-36140,Trevor Jones,420.0,82.0
NP-53079-34539,Nina Perry,1936.0,363.0
DD-70668-52450,David Davis,863.0,128.0
AH-10784-18268,Amy Hays,1157.0,189.0
MT-53661-98997,Mark Thomas,1844.0,341.0
TR-43464-66502,Tiffany Rivera,411.0,96.0
AG-56553-61834,Alison Garcia,727.0,84.0
MK-74908-51250,Mark King,1625.0,237.0
WP-61562-53670,Whitney Patel,476.0,54.0
JD-23965-72077,Julie Davidson,743.0,142.0
BL-12220-61204,Bridget Lowe,595.0,74.0
CJ-18146-34330,Calvin Jones,136.0,8.0
MW-68121-85792,Mike Wu,287.0,51.0
GD-68408-65651,George Davis,665.0,101.0
KN-94438-98159,Kathryn Nguyen,136.0,20.0
SB-70724-56543,Shari Baker,476.0,101.0
CW-58304-69938,Christina Walters,1714.0,337.0
AB-70334-79085,Amber Brown,449.0,86.0
CO-89127-22770,Christopher Olson,569.0,93.0
WE-30720-25682,Wanda Elliott,1077.0,282.0
CT-31177-20594,Christopher Thompson,2157.0,421.0
ML-43329-76608,Maureen Le,1053.0,129.0
BF-50784-40971,Brian Ferguson,11416.0,1440.0
MG-51239-24631,Mike Grant,877.0,193.0
DM-22312-18922,Dave Morales,2334.0,230.0
PB-38648-59786,Patricia Baker,462.0,98.0
CS-64575-11699,Christine Stafford,399.0,89.0
DC-98689-56388,Dwayne Carlson,620.0,111.0
SH-61765-37584,Samuel Harris,5254.0,990.0
KJ-52338-95267,Kimberly Johnson,1398.0,234.0
KS-34284-37915,Kiara Sanders,911.0,91.0
AS-80981-34102,Amanda Smith,1265.0,146.0
MD-27387-64514,Michael Davis,194.0,43.0
CD-55291-74802,Christine Davis DDS,109.0,16.0
CT-47799-91706,Christina Tucker,407.0,78.0
RR-90282-66406,Roger Robinson,1213.0,220.0
AR-73245-27370,Adam Reynolds,1187.0,191.0
VR-33214-15801,Valerie Ruiz,171.0,9.0
DR-80198-25108,David Reed,993.0,205.0
MM-17078-31349,Margaret Miller,655.0,111.0
CO-71713-43660,Christopher Ortiz,820.0,85.0
JB-20283-35721,Julie Baker,1187.0,170.0
RR-12024-87747,Richard Ramos,526.0,107.0
DL-44743-54255,David Lara,1049.0,222.0
AH-51558-94863,Adam Hogan,453.0,78.0
DR-41862-54770,Danielle Rasmussen,766.0,194.0
RD-66730-34944,Rachael Davis,5924.0,891.0
AA-48778-97798,Alicia Arias,1912.0,378.0
TC-31957-22453,Tonya Cardenas,7632.0,1341.0
KJ-29219-40045,Keith Martinez Jr.,485.0,84.0
NL-22436-53930,Nicole Leonard,1877.0,362.0
AT-14841-63662,Ashley Torres,442.0,48.0
MM-79317-85619,Margaret Mcbride,1463.0,241.0
MW-69189-20695,Miguel Williams,81.0,17.0
MW-95232-44637,Mark Wilson,1583.0,364.0
RJ-14337-36542,Randall Jackson,2064.0,175.0
CG-87471-72600,Corey Garcia,249.0,15.0
DJ-21320-31940,Danielle Jackson,1995.0,392.0
MB-19224-76148,Mark Bell,1638.0,232.0
SJ-56205-85271,Samuel Juarez,1842.0,188.0
MD-48310-79406,Maria Dougherty,875.0,145.0
VL-82223-14557,Vicki Larsen,1464.0,218.0
JD-72844-53607,James Dunlap,617.0,83.0
MH-92659-84989,Michael Harris,6306.0,1225.0
RM-50003-95567,Rachael Moyer,215.0,44.0
CC-43680-20772,Christopher Curtis,1794.0,311.0
KR-57913-34453,Karen Rivera,2651.0,531.0
DB-46036-95149,David Brooks,477.0,99.0
TA-77538-68927,Tammy Acosta,854.0,115.0
MS-75156-23285,Melissa Smith,853.0,185.0
CJ-71052-57588,Chad Jones,727.0,89.0
JH-76788-35558,Justin Harrison,1850.0,179.0
LH-30226-99146,Latoya Hill,819.0,193.0
TB-87283-98385,Tonya Beard,1613.0,248.0
AD-18280-78530,Amanda Dean,1305.0,257.0
SH-58234-58247,Steven Hogan,841.0,158.0
TC-59034-74737,Tyler Camacho,1868.0,440.0
LG-18903-70052,Levi Gillespie,230.0,62.0
MS-16918-22582,Mario Scott,25098.0,3402.0
TW-31887-22296,Todd Whitney,1418.0,343.0
KD-40449-22958,Kiara Kelly DVM,1760.0,325.0
DB-48271-29192,Diana Barber,1136.0,224.0
JF-56965-61723,Jason Frank,754.0,148.0
RD-26203-92045,Rachel Dean,344.0,78.0
CR-46992-41464,Christopher Reyes,416.0,44.0
MW-23369-25625,Matthew Wang,21165.0,4783.0
DO-43310-56386,Daniel Ortiz,557.0,67.0
WW-92884-83277,Whitney Wyatt,360.0,19.0
KM-79992-51439,Kent Miller,1615.0,357.0
RS-48906-34096,Regina Scott,10554.0,1564.0
AN-70818-66952,Angela Nguyen,6417.0,1038.0
HG-29013-58166,Heather Gomez,327.0,74.0
BP-46431-53403,Brianna Phillips,1520.0,287.0
SC-81757-90204,Shannon Christensen,1698.0,226.0
AB-70474-81923,Andrew Boyle,425.0,108.0
CO-22907-55357,Carol Ortega,2923.0,626.0
JR-21742-18382,Jonathan Ramirez,1646.0,323.0
TR-52230-46813,Taylor Roberts,1294.0,190.0
JK-40276-80675,Justin Kim,1543.0,188.0
TR-24146-17281,Teresa Roberts,595.0,75.0
DO-63984-98304,Dustin Oconnell,824.0,208.0
JK-58244-22809,Jennifer Kaiser,2034.0,316.0
SY-14081-15226,Susan Young,634.0,65.0
WS-20373-43141,Wesley Stuart,2613.0,488.0
MH-60470-60940,Michael Hill,331.0,67.0
EA-64873-97225,Emily Ali,81.0,12.0
SH-10940-10773,Steve Hill,94.0,13.0
TL-15631-85291,Thomas Lang,63.0,6.0
SM-64943-72544,Stacey Martin,635.0,94.0
TM-95606-18091,Tina Mcguire,1977.0,297.0
JH-54321-58621,Jasmine Hall,290.0,47.0
JO-81212-34609,Jeremiah Ortega,1065.0,212.0
MK-65872-63839,Michele Knight,103.0,8.0
AA-12516-36662,Anthony Andrade,12590.0,2303.0
BH-65198-75135,Brian Hill,2615.0,370.0
KO-50786-73057,Karen Oconnell,1308.0,186.0
LF-29293-58901,Linda Fisher,683.0,144.0
MP-92358-14087,Mitchell Peterson,986.0,256.0
JC-91037-61589,Jessica Cisneros,546.0,48.0
AW-48862-10600,Alyssa Williams,846.0,141.0
DH-45226-81172,Daniel Harrell,6256.0,1096.0
JG-30011-32306,John Gonzalez,361.0,32.0
TB-39674-65843,Tonya Bradley,2412.0,490.0
KW-90416-29499,Karen Warren,927.0,220.0
NO-30306-25567,Nancy Owen,378.0,111.0
MR-44687-43449,Madeline Rodriguez,1218.0,164.0
CR-55049-32823,Chad Robertson,694.0,151.0
JD-59955-91965,Jacob Diaz,204.0,40.0
SE-55306-98318,Susan Eaton,1440.0,170.0
SH-49339-58633,Scott Harrington,10624.0,1654.0
RH-62391-75279,Ryan Hunt,498.0,50.0
JS-88994-26704,Joshua Santos,324.0,73.0
TS-57848-17533,Tina Smith,837.0,137.0
JN-90457-64549,Jordan Nielsen,308.0,54.0
DM-28483-72413,David Mckinney,413.0,57.0
NM-33492-41873,Nicole Miller,450.0,101.0
JT-83803-82066,Jennifer Thomas,161.0,34.0
JH-96071-79566,Johnathan Hernandez,4893.0,781.0
AW-19660-95459,Ann Woodard,356.0,58.0
DM-38576-49159,Daniel Martinez,1003.0,185.0
KR-98064-37956,Kim Roberts,1162.0,230.0
AD-32520-83008,Ann Dennis,192.0,46.0
JZ-30307-63166,Joshua Zamora,1481.0,210.0
AR-66611-71082,Alexander Ruiz,863.0,149.0
CJ-80941-29634,Carl James,779.0,96.0
CS-38530-96043,Carrie Smith,1687.0,209.0
BG-54511-35443,Brooke Green,11500.0,2428.0
AG-47152-12838,Alicia Greene,1503.0,410.0
JW-90396-81782,John Ware,308.0,24.0
GW-98440-79937,Grace Watkins,7632.0,1387.0
FW-81931-45387,Frederick Whitney,1009.0,119.0
SP-21141-93044,Steven Parker,294.0,70.0
TI-38603-22067,Tina Ibarra,575.0,150.0
RG-37960-41792,Robert Guzman,360.0,84.0
EB-91150-31416,Edward Brown,18398.0,3197.0
CJ-83328-94808,Christopher Jensen,515.0,89.0
MC-59718-22098,Michael Cain,1275.0,292.0
DS-86210-36972,Dominique Smith,155.0,14.0
JH-49974-17894,Jack Hart,341.0,46.0
CG-97663-23803,Cynthia Gutierrez,2004.0,263.0
MM-31170-77567,Martha Molina,1503.0,208.0
RB-59906-34957,Robert Brown,379.0,51.0
MB-33573-61679,Mrs. Lisa Brown,572.0,50.0
MM-26568-38464,Maurice Moore,157.0,36.0
JJ-96417-15756,Julie Jefferson,160.0,37.0
CP-27354-99415,Christine Parks,285.0,45.0
BA-28256-55002,Beverly Adams,1025.0,134.0
SA-36313-60298,Sandra Anderson,639.0,63.0
JL-85851-10769,John Leblanc,370.0,98.0
CW-24335-92070,Christopher Wilson,1034.0,237.0
AS-91777-59030,Angela Sawyer,138.0,17.0
LS-26435-39993,Lisa Shelton,334.0,77.0
EH-75033-86211,Elizabeth Hernandez,442.0,71.0
LP-81816-96340,Lisa Price,771.0,140.0
TM-36051-79254,Tracey Mccarthy,23005.0,4200.0
MD-53380-45672,Matthew Davenport,794.0,76.0
DW-50006-46865,Douglas Wright,2305.0,295.0
CT-37677-66073,Crystal Thompson,1271.0,159.0
JS-44071-90552,Jacqueline Simmons,891.0,162.0
EM-69515-52028,Emma Mcmahon,629.0,152.0
MB-48341-86331,Megan Butler,110.0,13.0
WW-69245-77227,William Wood,448.0,55.0
AD-67559-81549,Anita Davenport,362.0,107.0
DM-23747-24169,Deborah Miller,6245.0,1032.0
PN-24790-23547,Patricia Nguyen,750.0,130.0
AL-19362-30051,Arthur Lloyd,523.0,85.0
LG-12480-64860,Lauren George,131.0,39.0
MW-99705-67152,Matthew Weiss,671.0,53.0
DG-10164-23600,Dana Gray,423.0,117.0
MM-76500-37852,Miss Andrea Buckley MD,240.0,34.0
JC-68792-86221,Jennifer Campbell,12075.0,1995.0
AG-75934-54985,Aaron Guzman,819.0,202.0
KG-49344-16900,Kevin Gaines,1490.0,128.0
KG-12375-93775,Katherine Garza,344.0,46.0
NM-33675-56730,Natalie Williams MD,827.0,235.0
WS-54905-23205,Walter Smith,19918.0,3632.0
ST-61054-95153,Sarah Tyler,2399.0,459.0
JT-36245-38138,Julie Tate,8677.0,1457.0
KM-41897-17183,Kim Murphy,842.0,130.0
BR-48138-74141,Brittany Reeves,456.0,119.0
DR-54921-58003,David Richards,3045.0,765.0
SD-31391-32042,Suzanne Duncan,505.0,121.0
AV-22469-79896,Amber Vazquez,648.0,117.0
CY-48396-86472,Carlos Young,1145.0,158.0
JE-70346-94958,Jeffrey Ellis,1807.0,388.0
JM-62467-48678,Jennifer Meyer,2220.0,370.0
MS-49313-29725,Michelle Shields,871.0,167.0
JG-77884-25539,Julia Gomez,1059.0,227.0
KB-99521-11580,Krista Bridges,10840.0,2170.0
AF-71049-73750,Angelica Farrell,618.0,108.0
NC-37300-14690,Nicole Carrillo,720.0,131.0
JR-35347-48442,Juan Rodriguez,8009.0,1264.0
CJ-98481-47424,Charles Jones,872.0,102.0
CT-94944-71317,Chase Thompson,1129.0,199.0
EH-10209-20438,Eric Hall,172.0,31.0
RS-11767-80898,Raymond Simmons,483.0,73.0
RB-57107-69773,Richard Brooks,599.0,159.0
JB-42821-15118,Jennifer Black,1148.0,207.0
GS-19059-73490,Gina Smith,298.0,40.0
SM-30758-13960,Samantha Mcdonald,1286.0,202.0
SP-89644-27463,Shelly Patel,233.0,39.0
MT-62673-42700,Michelle Tran,895.0,115.0
JH-81998-83877,James Higgins,636.0,162.0
MR-77882-38786,Max Robbins,492.0,54.0
LW-23679-26868,Lisa Wilson,417.0,48.0
PD-90590-58830,Peggy Davis,581.0,78.0
SG-63361-88189,Scott Garcia,1250.0,299.0
JR-16451-17768,Jennifer Rodriguez,2324.0,276.0
MR-89490-79660,Malik Reeves,1069.0,193.0
MJ-85664-58384,Michael Johnson,573.0,74.0
FT-68043-88775,Frank Townsend,843.0,172.0
DK-93719-73291,Donald Kaufman,331.0,99.0
LS-18804-99323,Lauren Stevens,532.0,38.0
MS-46382-51839,Michael Smith,546.0,51.0
JP-91440-26147,Julie Perry,866.0,201.0
PW-25738-51418,Peter Williamson,274.0,15.0
AJ-30846-46048,Amanda Jordan,554.0,69.0
SG-77825-70792,Sharon Garrett,823.0,77.0
MC-81191-48780,Mark Coleman,966.0,187.0
SJ-41235-63422,Stacy Jones,489.0,60.0
MD-73846-71491,Melanie White DDS,50.0,8.0
AT-74778-54082,Ashley Taylor,376.0,82.0
SN-59306-76919,Scott Nelson,434.0,61.0
JH-17417-23690,Joseph Howard,523.0,116.0
ME-85006-49144,Michelle Everett,1683.0,117.0
CC-13730-96483,Cheryl Cox,1409.0,102.0
GW-89590-89700,Glenn West,818.0,222.0
JH-18111-48475,Justin Hunt,891.0,201.0
KL-59016-83420,Katrina Lane,323.0,57.0
AR-27283-41516,Angela Ramos,218.0,23.0
KW-57970-38434,Keith Williams,908.0,100.0
AF-13238-14628,Amy Flynn,1174.0,214.0
KG-89624-51808,Kevin Goodwin,172.0,10.0
MC-68022-45694,Michael Conley,768.0,111.0
ES-93078-54646,Elizabeth Strickland,1986.0,375.0
JS-56895-86652,Justin Sanchez,622.0,163.0
CF-63224-95791,Collin Flores,9351.0,1646.0
SP-52820-67100,Samantha Porter,5581.0,943.0
SL-70450-42047,Sierra Lucas,77.0,22.0
TC-54309-52836,Trevor Cox,432.0,65.0
AA-49188-34735,Anthony Anderson,1063.0,197.0
LA-69313-89227,Luis Anderson,399.0,75.0
DM-18109-52005,Deanna Malone,1672.0,389.0
ML-40964-19579,Martha Levy,1553.0,406.0
TS-44088-66046,Tina Smith,1933.0,191.0
KK-81081-50542,Kristin Kemp,3268.0,501.0
MB-34144-85939,Mrs. Lauren Branch,635.0,47.0
DM-91495-37544,Daniel Moore,1062.0,161.0
EJ-17247-61771,Elizabeth Johnson,324.0,89.0
SW-13496-54674,Sara Walters,325.0,33.0
BB-74941-96255,Brandon Barnes,841.0,196.0
AC-28735-84883,Andrew Campbell,3782.0,738.0
MM-52584-53004,Mark Moore,133.0,35.0
TL-50892-73535,Tracy Lewis,781.0,182.0
JW-94450-20377,Jennifer Wilson,1697.0,328.0
JB-61281-79130,James Brown,1753.0,339.0
KD-10771-97736,Kristina Alexander DDS,707.0,143.0
JD-25718-32433,James Davis,1275.0,172.0
JM-18859-23008,Jason Mayer,362.0,89.0
ML-53076-38578,Marie Li,363.0,24.0
LM-82269-54053,Lisa Morris,667.0,43.0
SW-99649-12661,Steven Walker,146.0,39.0
DP-55279-17889,Daniel Perez,949.0,155.0
CH-24424-51540,Clifford Hunt,99.0,28.0
HA-91746-61945,Hayley Arnold,220.0,23.0
TG-89536-39535,Thomas Gray,76.0,15.0
BJ-48166-52708,Brandon Jackson,8263.0,1643.0
WH-16042-49283,William Holmes,17825.0,2404.0
JL-19715-52157,Joshua Lopez,690.0,121.0
CW-74242-68380,Carla Wiggins,1433.0,267.0
RM-16098-45765,Robert Moreno,90.0,23.0
AH-84494-69956,Anthony Hunt,1264.0,178.0
JM-89344-26070,Joe Mitchell,737.0,141.0
MB-76643-86163,Maria Bell,354.0,39.0
CT-32325-81328,Cole Taylor,746.0,116.0
RR-56676-36896,Robert Rivera,1072.0,194.0
JD-46283-67518,Jill Knapp DDS,245.0,16.0
AD-91988-20520,Amy Dean,1766.0,354.0
JC-24730-59590,Justin Cole,2039.0,227.0
JN-37184-97703,Jennifer Nunez,92.0,10.0
JB-25194-75005,Jeffrey Brown,386.0,41.0
DG-37018-89833,Danielle Gonzalez,360.0,77.0
JH-31555-22789,Jason Hamilton,955.0,192.0
JP-95144-12833,Joseph Perez,291.0,32.0
GM-67098-12704,George Miller,248.0,17.0
KW-24396-12602,Kayla Wagner,865.0,159.0
MM-12814-61400,Mary Peterson MD,1991.0,269.0
PC-87197-50343,Patricia Campbell,285.0,57.0
DS-13670-89487,David Sanchez,999.0,270.0
JF-56134-81623,Juan Ferguson,4225.0,738.0
MS-97061-52377,Marie Sanders,1071.0,234.0
DL-63885-56178,Derrick Lopez,8170.0,1638.0
MS-62871-86575,Marc Smith,1622.0,287.0
KG-17104-12117,Kristy Green,1267.0,290.0
PB-48574-48169,Patricia Bennett,1615.0,355.0
ST-13893-26001,Scott Thomas,243.0,50.0
MH-18057-65455,Molly Hansen,718.0,160.0
EE-38818-24614,Eric Ellis,451.0,29.0
JC-56224-66782,Jennifer Clark,1199.0,223.0
DF-21401-13939,Daniel Fox,185.0,39.0
KW-61541-42102,Kim Wiggins,654.0,144.0
GB-55959-33335,Gregory Beard,429.0,112.0
DS-53078-27835,Denise Smith,1260.0,227.0
MP-21151-55041,Michael Perry,12218.0,2031.0
AC-43148-19944,Angela Carroll,348.0,19.0
RT-52392-83265,Robin Todd,8328.0,1970.0
TY-24577-57072,Tracey Young,425.0,126.0
TK-35451-28806,Tammy Koch,477.0,121.0
JC-18283-65829,Jared Christian,908.0,161.0
RJ-43989-26902,Ronald Johnson,78.0,11.0
CH-78448-99396,Christopher Haas,992.0,169.0
SF-61156-84888,Sara Fowler,231.0,19.0
LD-45689-86535,Laura Miller DVM,2710.0,536.0
JH-78786-63083,Jerome Hughes,259.0,53.0
DM-23463-64660,Danny Myers,6984.0,1190.0
AT-64607-54066,Andrew Thompson,483.0,67.0
KW-41147-22038,Kristin Walter,9303.0,2188.0
MM-68441-13670,Mr. Curtis Diaz MD,683.0,101.0
DS-87594-69034,Dr. Eddie Stone,918.0,158.0
TM-58107-47613,Thomas Martinez MD,415.0,103.0
BW-86174-66355,Brenda Watson,1878.0,326.0
KA-69880-79856,Krystal Arnold,747.0,99.0
DP-87067-28073,David Palmer,408.0,21.0
CP-18892-57561,Christina Price,282.0,67.0
RA-89802-79162,Robert Allen,1346.0,120.0
JH-41473-56489,Jason Hale,370.0,22.0
CP-64523-69016,Craig Powell,1161.0,173.0
JH-20560-24071,Jo Harper,415.0,120.0
ER-29509-76713,Eric Robertson,240.0,47.0
ME-26600-23043,Megan Ellis,1062.0,210.0
ZF-72761-29499,Zachary Flores,1827.0,452.0
SM-88715-57565,Sandra Morrison,1370.0,215.0
AH-37086-47422,Amy Houston,435.0,61.0
GB-87281-64507,George Burns,978.0,262.0
EH-87028-90111,Ellen Hamilton,723.0,194.0
LM-56373-66842,Larry Macias,1812.0,335.0
MK-71699-26783,Michelle Kidd,1284.0,104.0
HR-27386-90980,Holly Ramsey,66.0,8.0
AC-25612-27448,Abigail Costa,5004.0,491.0
ER-41331-93920,Erin Richards,285.0,26.0
MK-10393-48215,Matthew Kennedy,9975.0,1491.0
CG-35329-89915,Christine Green,698.0,140.0
AS-60284-28909,Anthony Silva,447.0,128.0
NB-22522-69291,Nicole Burton,303.0,19.0
AV-14059-34270,Andrew Valdez,691.0,181.0
MC-59180-93695,Michael Craig,403.0,95.0
MS-95981-82414,Megan Sullivan,168.0,11.0
RK-61672-81758,Robert Kim,95.0,15.0
WC-32125-38094,Wayne Clayton,750.0,183.0
CJ-85463-67674,Charles Jimenez,1027.0,234.0
CG-38673-32424,Cassandra Garcia,2633.0,340.0
SH-91788-56250,Steven Hayes,1140.0,249.0
ME-10008-71226,Melissa Evans,520.0,57.0
JG-19260-28220,Joy Grant,1251.0,167.0
MN-22628-83418,Michelle Newman,815.0,74.0
MB-68785-14793,Michael Boyle,5819.0,1073.0
RL-89632-68220,Ronald Lewis,1758.0,262.0
SH-46281-70407,Samuel House,531.0,66.0
WW-34232-48497,Wendy Williams,1602.0,372.0
JH-65662-17853,Jordan Harmon,549.0,140.0
DA-63996-71956,Dana Anderson,1225.0,237.0
LP-89296-56877,Louis Potter,1289.0,293.0
JL-80287-31500,Jeffrey Lyons,8721.0,1476.0
ND-85744-45266,Nicholas Davis,2329.0,266.0
RW-96280-91912,Richard Wilson,496.0,66.0
MW-37834-44647,Mark White,458.0,70.0
AH-99516-80350,Amber Hale,290.0,86.0
TT-74234-21062,Thomas Thomas,812.0,42.0
WL-98919-30790,William Lyons,3916.0,610.0
JC-76234-86814,Jacqueline Chavez,1881.0,366.0
DR-27702-88689,David Rivera,1473.0,166.0
PB-42134-38873,Paul Brown,549.0,91.0
RP-30405-55062,Richard Padilla,3884.0,657.0
JL-52328-12291,Jill Lewis,365.0,93.0
AD-22043-95356,Amy Davis,1514.0,242.0
JR-28829-73590,John Rodriguez,8856.0,1557.0
EG-75896-74204,Eric Garza,1060.0,99.0
MH-34891-13271,Monica Harrison,843.0,142.0
JB-78956-23189,Jessica Brown,11015.0,1761.0
NW-37113-35437,Nicholas Wilson,251.0,35.0
SB-12950-60664,Scott Brown,329.0,32.0
CD-69413-33645,Cassandra Garrison DDS,300.0,72.0
LJ-19530-40977,Larry Johnson,2882.0,576.0
SR-80727-32822,Steven Ramirez,111.0,31.0
CB-73097-41102,Christopher Brown,884.0,186.0
SB-18146-75330,Sandra Brock,1690.0,306.0
AN-54341-79252,Aaron Nicholson,9386.0,1672.0
BD-70375-25716,Brandon Dean,777.0,198.0
KD-84322-71812,Kristin Davis,353.0,84.0
JG-47707-10480,Joseph Gonzalez,2236.0,371.0
OG-67855-53233,Olivia Gonzales,1951.0,260.0
ZG-94396-32559,Zachary Gray,9841.0,1699.0
DS-90410-23819,Denise Summers,762.0,135.0
DW-41708-49200,David Walker,271.0,71.0
KD-79759-15056,Kenneth Duncan,632.0,96.0
SH-24522-72032,Shannon Hamilton,616.0,166.0
GS-32726-53869,Gene Stuart,1007.0,85.0
KH-25450-81977,Kimberly Hanson,346.0,30.0
CC-61212-11491,Corey Chavez,378.0,81.0
CR-81154-64879,Christina Rhodes,147.0,27.0
DJ-16420-70986,Dennis Jackson,7262.0,1252.0
MM-51667-87835,Mr. Gary Hunter MD,657.0,98.0
CR-68730-68027,Christian Ross,667.0,40.0
MN-74728-49600,Mario Norton,424.0,106.0
RA-11545-93677,Rebecca Atkinson,3149.0,730.0
DE-59104-64767,Deborah Evans,2708.0,431.0
RP-30584-49208,Rita Pope,164.0,16.0
JD-27687-23096,Joel Dennis,607.0,91.0
CF-19311-55069,Calvin Farrell,1304.0,303.0
DA-21267-60090,Debra Allen,179.0,25.0
KS-68180-83283,Kelly Stein,1112.0,195.0
AH-71256-35447,Amy Hester,2116.0,240.0
MB-64832-58272,Melissa Blankenship,7478.0,1367.0
DL-52860-68130,Danielle Lewis,2004.0,264.0
WT-31400-47897,William Taylor,116.0,32.0
TM-29306-24821,Timothy Mcclain,1743.0,245.0
RH-32550-75132,Richard Houston,257.0,16.0
RS-17990-82465,Ricardo Stewart,321.0,84.0
AR-54630-65005,Angela Robertson,837.0,194.0
GT-33199-83511,Geoffrey Torres,10600.0,2075.0
JH-71268-65921,Jorge Hays,420.0,64.0
SA-38909-98311,Sherri Acevedo,1346.0,235.0
JM-15447-61944,Jennifer Miller,8694.0,1466.0
VC-51273-23055,Vincent Clarke,73.0,6.0
PH-52545-60356,Patty Hunter,746.0,114.0
JT-13878-51005,Jacqueline Thomas,2284.0,357.0
DL-79715-10102,David Long,532.0,36.0
GL-97247-15052,Gina Lynn,1897.0,248.0
PH-14556-83936,Peter House,1578.0,259.0
RM-29295-63701,Roberto Myers,1187.0,228.0
NP-37205-37716,Nicholas Patel,8299.0,854.0
BH-96552-93949,Bonnie Hammond,1416.0,317.0
DB-58786-13394,Danielle Boyd,584.0,75.0
PQ-81666-50611,Paul Quinn,323.0,87.0
KB-94603-63979,Kevin Brooks,421.0,52.0
JC-55617-35075,Jessica Collier,364.0,32.0
JW-94685-48488,Janet Wise,5714.0,1037.0
NV-85970-92377,Nathaniel Valencia,226.0,45.0
TB-28636-78430,Timothy Bowers,1885.0,295.0
TG-33356-69933,Todd Greene,1365.0,193.0
LL-53025-75567,Lisa Lucas,241.0,40.0
RR-82325-44485,Ryan Rodriguez,242.0,15.0
SH-13963-22728,Sophia Herrera,113.0,20.0
BC-91072-93667,Benjamin Cruz,608.0,103.0
RF-79827-58640,Robin Foster,708.0,81.0
MA-26155-53597,Mark Anderson,1023.0,163.0
JC-75179-94718,Jason Clark,484.0,116.0
MF-75943-94286,Megan Ford,1872.0,188.0
KW-97433-65130,Kristopher Williams,3592.0,757.0
TT-56163-13457,Tiffany Taylor,1045.0,220.0
DB-71954-63594,Danielle Brooks,2298.0,239.0
MK-11793-59078,Michael Kim,127.0,15.0
DC-26801-42028,Diana Cole,508.0,55.0
JK-11972-31353,Jonathan Kelley,10456.0,1976.0
SH-17917-63728,Scott Hayes,8111.0,1397.0
TH-35123-31852,Thomas Harris,1906.0,320.0
KH-33297-63861,Kathryn Hendrix,7022.0,1295.0
NG-40766-34735,Nancy Gonzalez,682.0,81.0
MW-88747-88680,Michael Walsh,2030.0,499.0
WM-94933-23628,William Morris,983.0,145.0
NJ-56915-71635,Nicole Jennings,2546.0,576.0
KN-42126-73198,Kathy Nelson,260.0,56.0
DS-66963-11436,Deborah Serrano,13786.0,2240.0
CN-36274-65308,Carl Nelson,11568.0,2438.0
JL-78844-63510,Jamie Lopez,688.0,175.0
KT-34689-18585,Kathryn Torres,563.0,120.0
DW-89683-71685,Dylan Walters,1201.0,241.0
MD-99177-61197,Mark Daniel,1133.0,139.0
ES-36026-45125,Edward Serrano,1452.0,338.0
MC-40149-56612,Mario Chavez,1349.0,343.0
RP-50481-16261,Rebekah Phelps,312.0,52.0
JR-79968-37388,Joe Ramos,280.0,32.0
PW-83245-12822,Paul Williams,1795.0,351.0
JL-34255-12302,Jose Long,6846.0,1312.0
DJ-44036-27905,Daniel Jackson,8307.0,1047.0
KB-18425-45264,Kimberly Burton,372.0,65.0
MW-46585-48414,Monique Williams,609.0,134.0
JM-54896-94325,Jason Medina,1331.0,172.0
GB-73315-51055,Gabriel Burns,1329.0,132.0
LA-94050-65782,Laurie Anderson,324.0,53.0
SR-12878-41364,Sarah Romero,1840.0,256.0
JG-38235-93090,Jessica Greene,342.0,62.0
BS-91579-39865,Bailey Sharp,454.0,27.0
JW-53863-98860,Jonathan Watkins,916.0,145.0
SR-32734-13113,Stephen Robinson,1927.0,353.0
KP-51603-60239,Kevin Phillips,445.0,65.0
AS-59070-71249,Austin Smith,926.0,136.0
PG-59546-82237,Peggy Garcia,737.0,137.0
TL-77437-65649,Tiffany Lee,410.0,99.0
MW-48685-93277,Michael White,771.0,97.0
DM-93252-65686,David Mcbride,1215.0,221.0
DH-61161-15678,Dennis Hansen,852.0,228.0
RK-82310-68954,Ruth Kemp,314.0,77.0
GC-73035-11622,Gregory Clements,128.0,24.0
JG-68593-58714,Jodi Gallegos,787.0,123.0
SW-73486-69636,Sarah Walter,301.0,38.0
CB-92353-67616,Cynthia Bennett,1419.0,157.0
TM-30859-79158,Tracey Miles,2384.0,411.0
SB-77191-15795,Steven Brown,1444.0,415.0
DC-30142-50109,Diana Cohen,9634.0,1623.0
TM-71722-27191,Thomas Miles,1006.0,197.0
MG-70514-79792,Mr. Michael Gould,885.0,86.0
JP-34938-56132,John Price,1750.0,396.0
DF-57216-15716,Danielle Flowers,1159.0,171.0
JB-78754-26523,Joshua Barton,757.0,105.0
JS-36201-59841,Jennifer Schaefer,591.0,103.0
KM-46474-23020,Kristy Morse,3853.0,599.0
TS-17411-27513,Tracy Smith,339.0,43.0
SC-14100-26792,Sherri Carlson,61.0,5.0
WW-35374-64868,William Watkins,416.0,40.0
KR-82383-67278,Keith Rice,1325.0,217.0
RR-68662-79529,Rachel Rios,526.0,88.0
MR-41723-94095,Mary Ross,377.0,44.0
HF-38823-92951,Henry Foster,462.0,92.0
MC-71470-14486,Matthew Carpenter,77.0,10.0
CR-45494-60996,Curtis Roberts,585.0,83.0
JF-98554-88978,Jennifer Fowler,1040.0,272.0
AC-99320-40269,Amanda Cannon,464.0,104.0
JH-61086-47765,James Hunter,153.0,30.0
KM-80886-29305,Kellie Matthews,336.0,29.0
ML-36803-42587,Matthew Lozano,606.0,76.0
ES-22780-92198,Eric Sparks,258.0,65.0
DG-68969-45577,Daniel Green,1661.0,227.0
SB-48236-67952,Sarah Bush,1925.0,471.0
CR-63073-20899,Cheryl Rose,527.0,54.0
EW-10535-95993,Eric Webb,253.0,68.0
MM-90496-49304,Michelle Mitchell,74.0,15.0
TG-27364-47410,Tiffany Gomez,1298.0,320.0
CH-33195-57581,Calvin Hughes,200.0,34.0
JD-37324-77147,Jackie Dillon,309.0,35.0
KM-93458-63927,Kenneth Mckinney,784.0,115.0
DM-45343-98704,Drew Moses,13040.0,2548.0
TM-24270-22489,Thomas Mcintosh,616.0,46.0
JM-36183-19165,Jessica Malone,1692.0,238.0
TC-52497-75651,Tracy Carrillo,2891.0,423.0
CA-66163-64489,Cheryl Adams,155.0,12.0
JP-26970-73255,Jasmine Perry,773.0,203.0
BC-10400-89022,Brian Crawford,1620.0,135.0
WF-93431-75945,Wanda Fernandez,10416.0,1737.0
SG-61757-99801,Samuel Garcia,2129.0,253.0
DM-81755-31623,Debbie Mays,2475.0,545.0
EW-99242-17709,Erik Wilson,131.0,36.0
TW-90431-66554,Toni Williams,890.0,219.0
AN-88843-72305,Angela Nguyen,12825.0,2155.0
MC-26566-66481,Michelle Clark,239.0,51.0
LP-77034-65592,Lisa Phelps,1132.0,168.0
MF-27323-88922,Michael Fuller,1075.0,114.0
WJ-98789-53540,Wesley Jimenez,1045.0,170.0
DC-26798-83052,Daniel Carey,504.0,131.0
JA-77825-60840,Justin Anderson,505.0,97.0
AJ-13479-32101,Alexandra Jennings,13354.0,2044.0
CJ-40326-29908,Chelsea Jones,1226.0,256.0
LH-74960-91496,Leah Humphrey,509.0,63.0
AH-10407-16998,Anna Hill,1071.0,183.0
KL-19710-73378,Keith Lopez,158.0,29.0
MH-47604-51040,Maria Holden,818.0,187.0
KJ-94228-21595,Kathryn Johnson,228.0,31.0
MC-89451-29221,Mark Collins,576.0,140.0
JS-33265-78066,Justin Stevens,726.0,118.0
WS-44341-52542,William Sampson,1069.0,243.0
RA-73456-91498,Richard Arroyo,719.0,141.0
AY-98685-20801,Aimee Young,845.0,158.0
LO-55374-35233,Lisa Owens,63.0,18.0
JS-94945-58304,Jessica Shepherd,1195.0,200.0
TF-26165-27327,Tonya Ferrell,671.0,125.0
AB-91699-18462,Alexa Brooks,874.0,111.0
MB-63113-41531,Matthew Burch,1550.0,408.0
BB-43054-29769,Brittany Brown,8520.0,1594.0
AC-67119-28742,Adam Castro,57.0,13.0
RJ-87969-47836,Robert Mitchell Jr.,797.0,147.0
MG-49128-59302,Michael Graham,14459.0,1952.0
KT-92040-72526,Katherine Thomas,7930.0,1234.0
DM-97510-37076,David Morgan,1982.0,529.0
CM-46470-27388,Christopher Mckenzie,2744.0,445.0
SB-47644-67383,Stephanie Barnes,680.0,81.0
TC-28668-58284,Tammy Cook,1214.0,118.0
RC-96208-20042,Robin Carroll,1192.0,220.0
HF-68898-66910,Heather Fox,433.0,126.0
JT-73938-75612,Jessica Thomas,617.0,123.0
ER-80114-39768,Eric Rodriguez,7796.0,1892.0
RB-53522-13667,Ronald Bennett,464.0,95.0
JL-89734-72424,Jeffrey Lindsey,533.0,129.0
KL-81701-74043,Kathleen Li,1806.0,211.0
DW-44999-80695,David Winters,438.0,115.0
AY-97205-57552,Ashley Young,726.0,185.0
JM-76195-87795,Joseph Miles,6129.0,1029.0
MR-65022-92702,Maria Ramirez,1984.0,286.0
SS-21114-18811,Sherry Smith,443.0,48.0
JW-39979-94314,Joseph Wilson,287.0,32.0
MC-94716-73369,Makayla Cannon,1387.0,263.0
BH-19058-29164,Barbara Hunt,1374.0,156.0
BG-38075-32484,Bryan Garza,1715.0,333.0
CR-84473-20607,Cameron Ray,10408.0,1901.0
XP-16245-64416,Xavier Parks,248.0,23.0
MA-14657-45973,Michelle Acosta,990.0,232.0
RP-47519-77317,Rebecca Parker,6738.0,1101.0
BC-68040-17803,Brooke Coleman,4813.0,987.0
SP-23487-74597,Sarah Pace,158.0,19.0
MK-83350-22208,Maurice Khan,208.0,55.0
SM-12769-80681,Shelby Mcdonald,6871.0,1377.0
JW-17089-94253,John White,730.0,177.0
BJ-37455-19077,Brent Jackson,206.0,19.0
MH-41162-80142,Mark Henderson,422.0,67.0
RM-51099-77924,Robyn Mendez,509.0,81.0
RW-97656-29553,Ryan Ward,475.0,94.0
AB-92787-89883,Angela Bennett,325.0,32.0
CS-78122-17332,Connor Schmidt,1361.0,367.0
RS-35687-35053,Richard Sims,321.0,24.0
ML-32500-38229,Mark Lozano,1247.0,212.0
LK-41828-95144,Leslie Kidd,8482.0,1312.0
RM-32700-26256,Robert Mckay,757.0,93.0
MM-54298-29032,Matthew Bowman MD,966.0,244.0
CH-74360-55181,Christine Hodge,481.0,47.0
JH-97534-36085,Jose Harrison,727.0,166.0
DR-33613-71628,Daniel Rodriguez,1035.0,100.0
JW-22453-52363,Johnny Wright,11494.0,1607.0
JH-38247-41274,John Holt,540.0,128.0
DR-66459-64400,Desiree Ramirez,87.0,20.0
RM-97345-97137,Robert Martinez,545.0,121.0
JM-94438-12032,Jill Melton,969.0,155.0
TG-32369-11273,Tina Guerrero,374.0,75.0
KA-53523-57958,Kayla Anderson,427.0,51.0
KB-54109-79462,Katherine Beard,1170.0,132.0
HH-83971-40379,Heather Hernandez,318.0,73.0
WG-51770-68956,William Good,1779.0,267.0
KB-10229-51223,Kim Burch,1651.0,241.0
CB-77544-54262,Crystal Brown,423.0,66.0
SV-73992-35174,Sarah Villegas,614.0,157.0
MS-69852-74830,Michele Smith,313.0,26.0
PH-55735-49635,Patricia Hurst,364.0,81.0
SS-85222-93955,Sonia Stanton,186.0,52.0
MW-69986-13942,Matthew Williams,125.0,7.0
NR-12272-26094,Nicole Randall,423.0,36.0
VW-82314-64476,Vicki Walsh,191.0,25.0
BO-90380-97044,Bobby Olson,274.0,76.0
MG-50803-78418,Michael Garcia,8665.0,1592.0
TD-88157-48464,Taylor Davis,582.0,127.0
KW-47557-31986,Kathryn Wade,451.0,85.0
SA-37924-12615,Sarah Anderson,716.0,111.0
BS-10086-91181,Brianna Sanders,338.0,71.0
ND-24381-63539,Natalie Delacruz,2362.0,458.0
DS-36250-14458,Donna Snyder,1095.0,172.0
JN-65807-98082,John Navarro,368.0,57.0
JG-70971-31384,Joseph Gordon,932.0,157.0
DP-81377-64670,Denise Patterson,322.0,66.0
KF-54851-50293,Karen Fuller,559.0,85.0
BS-68580-42936,Brian Stewart,2026.0,346.0
KJ-65927-15518,Karen James,913.0,143.0
JS-61506-64515,Jacob Smith,131.0,10.0
KB-43935-17949,Kyle Baker,447.0,26.0
DB-69823-96207,Danny Burgess,391.0,25.0
EE-26534-87028,Eric Edwards,8045.0,1142.0
CS-87711-37761,Christopher Smith,6351.0,850.0
GS-56335-10668,Gabriella Smith,792.0,102.0
LL-16728-11579,Laura Lloyd,480.0,134.0
ED-54070-71843,Emily Dunlap,466.0,104.0
VM-44918-24407,Veronica Flores MD,595.0,64.0
AS-15520-38837,Angela Smith,4600.0,700.0
SL-10517-25142,Shawn Leonard,1551.0,265.0
EE-60965-53816,Erika Evans,511.0,73.0
SF-61722-79224,Stephanie Fowler,275.0,68.0
PM-95034-70511,Peter Moss,674.0,141.0
VS-39249-89842,Virginia Stanley,67.0,14.0
VM-27837-68284,Victoria Moore,17305.0,3549.0
DB-84260-44710,Dwayne Best,1568.0,288.0
LM-51866-17299,Larry Munoz,105.0,16.0
CH-90691-11250,Craig Holmes,278.0,28.0
EJ-40421-19143,Emily Jones,75.0,21.0
TG-25086-75850,Travis Gonzalez,321.0,56.0
PM-71726-48587,Philip Mejia,977.0,163.0
NL-48986-81828,Nicole Lee,691.0,113.0
DT-90204-56754,David Thompson,2607.0,507.0
AL-67319-31785,Aimee Lee,7072.0,1088.0
BB-71188-44371,Benjamin Blair,358.0,63.0
NH-15997-32552,Nicole Henderson,4672.0,846.0
WS-63652-47398,Walter Snyder,679.0,88.0
EH-13668-75288,Edward Henderson,847.0,188.0
KG-17609-89467,Karen Gentry,112.0,21.0
TZ-37991-31990,Tracy Zhang,655.0,74.0
JK-42845-29134,Julian King,718.0,162.0
CA-72911-54315,Clarence Armstrong,1233.0,191.0
LS-78224-11760,Luis Sutton,252.0,26.0
MH-58300-81025,Matthew Harper,718.0,149.0
SN-32241-52423,Sara Newton,8716.0,2505.0
AG-87030-99040,Alexandria Guzman,321.0,82.0
TM-56777-73011,Tiffany Miller,311.0,41.0
AS-75933-33708,Alexander Shannon,669.0,102.0
RB-43107-51771,Raymond Brennan,108.0,21.0
DJ-13261-74760,David Jackson,477.0,97.0
RB-75540-87782,Robert Bailey,1099.0,240.0
PB-62701-39874,Philip Bullock,666.0,144.0
JB-23337-69745,Julia Brown,7734.0,1284.0
KW-81539-32059,Kenneth Waters,613.0,108.0
TS-97424-33332,Timothy Singleton,214.0,12.0
MB-24117-67663,Mr. Andrew Baker,285.0,65.0
JA-49988-71232,Joseph Allison,977.0,180.0
TA-26654-23518,Tracy Allen,10163.0,729.0
JS-49170-86018,Jordan Swanson,8097.0,1472.0
AS-37082-66947,Adam Scott,159.0,10.0
LS-12959-81433,Lisa Saunders,489.0,84.0
SW-60815-54505,Suzanne Wilson,472.0,132.0
JT-39561-30621,Jeffrey Turner,615.0,96.0
MD-53125-99452,Mike Donovan,79.0,14.0
DE-67048-13240,Donna Edwards,101.0,8.0
TS-16052-30591,Tony Smith,1236.0,220.0
KD-96394-74167,Krista Delgado,1983.0,448.0
MR-24075-31747,Melvin Richardson,4156.0,726.0
DD-22272-31647,Deborah Davis,8642.0,1669.0
DS-69453-60625,Dr. Kayla Smith,689.0,110.0
KP-26002-36438,Kimberly Powell,364.0,55.0
CB-79307-32384,Christopher Brown,1099.0,213.0
AM-16275-78474,Allen Price MD,153.0,31.0
KW-63365-59093,Keith Wilson,1129.0,216.0
MP-23668-64884,Miss Catherine Pena,703.0,158.0
JL-59485-95144,Jennifer Lopez,10993.0,2136.0
RM-74953-57880,Ryan Erickson MD,1359.0,142.0
JC-54307-53848,Justin Carroll,11018.0,1748.0
TP-83622-22406,Timothy Perry,719.0,111.0
KP-19669-12568,Kathleen Perez,1276.0,295.0
LA-15263-67161,Lauren Anderson,1069.0,149.0
RB-16127-55745,Ronald Braun,553.0,117.0
RH-58202-66971,Rachel Hunter,809.0,95.0
MH-88046-87631,Michael Hampton,627.0,99.0
DA-77400-58215,Donna Anderson,1138.0,142.0
JR-65579-96816,James Rogers,89.0,9.0
JS-28344-90863,Jonathan Shea,158.0,33.0
NK-32717-99264,Nicholas Kline,1349.0,255.0
SM-42394-16419,Shelby Moore,617.0,111.0
CT-50985-88139,Christopher Taylor,2242.0,344.0
VB-28424-42000,Vicki Byrd,600.0,56.0
MD-36037-93341,Mrs. Ashley Combs DDS,644.0,59.0
AW-41561-83020,Andrew Wilson,1337.0,211.0
RS-23559-14835,Randall Santiago,1053.0,242.0
JB-17497-90007,Jillian Baldwin,964.0,165.0
WG-27221-80371,William Garcia,7635.0,1376.0
TJ-58694-73959,Terry Johns,122.0,17.0
MF-44759-67489,Michael Fox,457.0,84.0
MA-54440-52723,Michelle Avila,2523.0,420.0
BH-72667-83867,Brad Hensley,220.0,23.0
MG-42901-42961,Mark Gordon,1279.0,213.0
DR-21502-42963,David Ramsey,3981.0,836.0
TK-12238-19342,Timothy Kirby,458.0,110.0
JR-40841-67175,John Ruiz,1977.0,399.0
WK-93086-48068,William King,1915.0,118.0
KJ-53624-98940,Kevin Jones,2074.0,440.0
AB-90816-79561,Andrew Barber,460.0,43.0
EA-48053-69876,Edward Allen,779.0,156.0
JD-22677-38236,Justin Day,803.0,147.0
CM-97059-21927,Caleb Miller,490.0,56.0
DF-41128-17872,David Flores,833.0,160.0
BT-78074-19878,Bruce Taylor,1992.0,299.0
JD-23520-97532,Jeremy Daniels,1023.0,106.0
RP-94231-13056,Richard Padilla,803.0,132.0
MG-52005-45946,Matthew Gibson,9759.0,1508.0
KA-22510-75482,Kelly Anderson,10821.0,1994.0
DH-38747-19743,Danny Hunter,217.0,51.0
KB-94857-61286,Karen Brooks,210.0,49.0
NW-78611-37481,Natalie Webb,1398.0,269.0
GW-50091-18021,Gregory Wiggins,519.0,118.0
AW-78898-58762,Anthony Warner,4610.0,936.0
TW-79262-20892,Tara Williams,142.0,27.0
AS-91551-54748,Adam Smith,492.0,116.0
CS-19415-33837,Charles Smith,358.0,70.0
JB-15263-92676,James Braun,822.0,144.0
SB-90828-97713,Scott Boone,1160.0,171.0
PR-24593-53677,Parker Robinson,856.0,256.0
JD-81536-71637,Jody Daniels,669.0,97.0
KG-18078-96083,Karen Graves,653.0,137.0
SP-95674-98501,Shawna Peters,701.0,178.0
MM-21382-76159,Morgan Mccullough,856.0,152.0
TH-66810-78618,Theresa Hill,2236.0,471.0
GK-61803-27870,Gail Keller,333.0,31.0
VS-92337-61798,Victoria Sandoval,752.0,126.0
JS-19790-17461,James Stephens,683.0,104.0
TN-17993-49670,Taylor Nelson,9590.0,1721.0
MW-23653-91820,Michelle Wells,938.0,219.0
MK-19520-12264,Michael Keith,1095.0,143.0
AJ-32825-22988,Ashley Johnson,882.0,184.0
JU-88185-46218,Joshua Underwood,2993.0,778.0
NW-38533-78039,Nicolas Walker,1088.0,166.0
JF-62610-69303,Jessica Fisher,18070.0,2188.0
JM-79529-84906,John Mathis,2258.0,383.0
GB-93598-11041,Gerald Bowman,866.0,126.0
JH-81514-57686,Joshua Hill,1016.0,135.0
DR-84201-25599,David Ryan,2618.0,556.0
BP-21038-43650,Benjamin Potts,280.0,28.0
JA-72905-39638,Jason Alvarado,607.0,81.0
CL-91386-67348,Carly Lozano,901.0,70.0
DC-33887-97223,Dale Crane,249.0,47.0
AW-38861-20598,Adrian Weber,556.0,60.0
TE-61814-16075,Tammy Ewing,480.0,72.0
AS-87212-97242,Anne Smith,1147.0,220.0
RJ-95069-81572,Ricky James,409.0,68.0
AG-54304-42161,Amy Garrett,379.0,83.0
CB-88209-24808,Charles Butler,393.0,63.0
KW-61197-84062,Kimberly Williams,1352.0,235.0
AM-52636-67832,Alexis Miller,321.0,57.0
EP-98485-87984,Emma Perry,1227.0,288.0
CC-20856-17313,Cody Cox,8662.0,1580.0
LJ-60633-84331,Lisa Jackson,10490.0,1822.0
JP-31297-80482,Jeanette Parsons,6721.0,919.0
JC-91606-57675,Joseph Cantrell,642.0,145.0
KF-60914-59964,Kristi Fuentes,235.0,64.0
MA-89230-18768,Mallory Anthony,391.0,41.0
BN-63799-25901,Brian Nguyen,8469.0,1630.0
VW-41545-85076,Veronica Weber,378.0,110.0
TA-61330-52744,Tracey Armstrong,269.0,49.0
AF-38612-83249,Allison Fox,1665.0,117.0
CB-25879-61700,Cindy Baker,17445.0,3816.0
LJ-92099-88282,Lauren Johnson,709.0,120.0
SM-59984-87597,Susan Merritt,5151.0,659.0
NB-54948-37229,Nicholas Booker,381.0,29.0
BM-96976-83025,Brian Mckee,698.0,76.0
DH-43482-61421,David Hoffman,858.0,179.0
SB-49150-58200,Susan Bailey,6826.0,1244.0
SR-69050-27533,Stephanie Rowe,653.0,120.0
AD-33871-76414,Abigail Duran,431.0,46.0
AJ-59785-49042,Adriana Johnson,1095.0,194.0
JJ-26039-27598,Jeffery Johnson,1255.0,281.0
PD-43176-59706,Paula Dean,1195.0,188.0
DM-49451-60724,David Morrow,610.0,129.0
BP-66578-71463,Brenda Perez,1969.0,470.0
TB-86589-65856,Tracy Baker,1843.0,280.0
DM-32381-95368,David Moreno,1215.0,200.0
MO-46685-95252,Michael Ortega,1147.0,166.0
AY-30522-66074,Ashley Young,1327.0,225.0
CL-32889-15753,Christopher Lopez,1503.0,428.0
JH-86009-23217,Jasmine Hicks,24194.0,3159.0
PW-56119-96754,Patrick Webb,719.0,172.0
DS-75035-13802,Dustin Sanders,2244.0,342.0
SG-36908-40469,Sonya Gaines,1161.0,205.0
SH-15836-51532,Shawn Hernandez,557.0,136.0
WH-55124-53173,William Harper,632.0,76.0
MM-84323-35029,Mariah Merritt,12473.0,2317.0
TB-25631-44358,Tracy Berry,141.0,30.0
AD-15450-76980,Anthony Daniels,947.0,148.0
MM-46265-11646,Miranda Morris,11110.0,804.0
PB-79826-61428,Penny Brown,742.0,79.0
MB-89994-59287,Marcus Baldwin,764.0,155.0
AW-99171-85731,Amanda Williams,765.0,114.0
LS-85552-76568,Lynn Stewart,444.0,115.0
JJ-30547-68424,Jeffrey Johnson,786.0,142.0
JS-58500-90259,James Stein,165.0,41.0
AS-29758-12018,Adam Sosa,2040.0,233.0
ML-57894-49784,Mary Lam,940.0,175.0
SP-21076-74856,Sarah Pearson,1540.0,310.0
ST-14931-25473,Steven Torres,1213.0,258.0
CL-17332-56550,Clayton Landry,16403.0,3588.0
KW-55814-51265,Kyle Walls,1252.0,223.0
EJ-31606-69982,Edward Johnson,1494.0,257.0
HS-47431-11699,Heather Simmons,472.0,54.0
DR-45899-97787,Danny Rogers,2172.0,271.0
JT-73218-48668,James Thomas,619.0,57.0
JH-31755-82810,Jennifer Hunt,790.0,133.0
TL-72549-48375,Troy Lucas,604.0,55.0
CW-71246-47006,Carolyn Welch,195.0,41.0
VH-18768-97278,Victor Hudson,1221.0,207.0
BM-79852-43907,Brenda Mcfarland,14819.0,2799.0
MR-15615-62445,Monique Romero,444.0,58.0
KL-22401-27014,Keith Lewis,367.0,31.0
AN-65036-34713,Anne Nash,11190.0,1988.0
EL-73334-66555,Edwin Lee,204.0,27.0
JH-70917-48442,Jack Hawkins,820.0,86.0
MJ-59701-65660,Michael Jackson,7372.0,1140.0
JG-87842-73588,Joseph Garcia,459.0,47.0
DB-97500-30116,Donna Baker,228.0,56.0
AL-18634-33181,Angela Lewis,484.0,88.0
RS-79648-65792,Richard Solomon,1581.0,348.0
HR-50515-42964,Holly Reeves,739.0,172.0
LG-89822-94003,Lauren Garner,1403.0,301.0
BE-47303-26244,Bradley Elliott,8763.0,1297.0
CW-57316-25998,Carolyn Ward,2799.0,648.0
CB-94517-10809,Cassandra Boyd,9160.0,1423.0
ST-82585-22460,Sabrina Tate,6823.0,576.0
DL-15634-66095,Deanna Lawrence,13331.0,3047.0
AS-12447-22250,Andrew Smith,1475.0,161.0
AP-84720-60379,Adam Powers,1191.0,217.0
SR-95189-53659,Sean Rivera,9758.0,1662.0
JJ-84888-37181,Jonathan Jones,2401.0,582.0
CJ-48090-16307,Cindy Johnson,451.0,29.0
JS-50461-93433,Jason Smith,565.0,54.0
AW-11332-78380,Anthony West,129.0,38.0
JB-28799-49498,James Beasley,513.0,82.0
BW-17067-23468,Brian Wells,1156.0,278.0
SP-38493-48534,Sabrina Petersen,794.0,118.0
CV-71357-39155,Carolyn Velazquez,1912.0,318.0
CH-11568-72195,Christine Hood,257.0,60.0
TJ-54304-70289,Traci Jones,2058.0,451.0
RL-18935-15543,Ryan Leonard,1254.0,211.0
WB-85671-14377,Willie Black,100.0,20.0
AM-24266-93235,Angela Meyer,184.0,24.0
JL-26588-16002,Jane Love,406.0,79.0
SH-53833-61229,Sheri Harris,405.0,116.0
DM-10742-23270,Dr. Anthony Mitchell,1079.0,211.0
RC-81258-87714,Regina Cruz,1696.0,279.0
GN-51633-46848,Grant Nguyen,306.0,40.0
RJ-42926-56890,Robert Jordan,212.0,51.0
AC-71950-87421,Alexander Carroll,5251.0,393.0
HM-24692-64949,Holly Mcgrath,170.0,24.0
FC-57379-48271,Faith Contreras,11140.0,1905.0
MM-31882-90736,Michael Miller,2275.0,463.0
AG-20278-88781,Amanda Gonzalez,1016.0,206.0
MW-63752-35121,Michael Wagner,527.0,104.0
JM-31632-39830,Joel Mccarthy,6868.0,1150.0
DW-96033-45813,Dustin Welch,1846.0,381.0
MB-43052-60399,Melissa Boone,679.0,118.0
CL-74021-50917,Christina Lowe,1023.0,183.0
MR-96161-15769,Michael Russell,92.0,22.0
RB-52420-17594,Richard Banks,2110.0,234.0
JJ-49218-12989,Jessica Jarvis,579.0,133.0
CP-23625-91062,Cathy Perry,1201.0,219.0
JW-13023-72689,Joshua Watkins,1910.0,418.0
BM-41913-25725,Blake Mccormick,482.0,126.0
NW-83635-39959,Nicole White,394.0,98.0
JT-35195-58267,Jessica Thompson,1377.0,219.0
CM-56278-49016,Crystal Mccoy,6368.0,622.0
SR-35227-13532,Sharon Romero,2254.0,319.0
RV-42662-72300,Richard Vasquez,188.0,41.0
SO-94648-99101,Sandra Ortiz,150.0,32.0
AM-57090-60633,Adam Miller,1358.0,168.0
DT-81199-37368,David Turner,1770.0,465.0
KW-69089-57371,Kelly Wright,1090.0,298.0
MF-68581-19831,Mr. Paul Fields,1505.0,323.0
DR-30940-45507,Daniel Robinson,12573.0,3423.0
RB-45965-34742,Ricky Brown,1453.0,198.0
GN-15717-25913,George Norris,1483.0,334.0
DS-15308-61082,David Smith,176.0,25.0
RM-85603-87462,Rhonda Mckinney,7086.0,1171.0
LB-49497-37333,Lisa Burton,1091.0,112.0
JP-17841-37018,Joshua Perez,190.0,49.0
LW-48116-86629,Lisa Wright,659.0,140.0
HR-73988-84726,Heidi Rogers,1143.0,249.0
KS-17909-78779,Kayla Schneider,507.0,94.0
MB-58624-19075,Michael Burnett,10295.0,1267.0
SH-58634-34872,Sara Harrison,7692.0,2043.0
KC-27162-26359,Kimberly Cain,473.0,85.0
MM-34758-78302,Michelle Lawson MD,282.0,46.0
JH-59487-28385,Julian Harvey,205.0,40.0
MC-36999-35685,Mallory Cantu,944.0,164.0
PG-17051-20167,Patricia Guerra,688.0,105.0
AN-55902-39258,Abigail Neal,2366.0,578.0
JK-11956-33594,Jill Kim,16398.0,3151.0
MW-65028-97850,Marvin Watts,1688.0,271.0
LM-98189-26571,Lauren Maddox,757.0,121.0
DS-26613-39042,David Sanchez,274.0,34.0
SC-46566-43098,Stephanie Crosby,1359.0,206.0
CB-62772-89767,Cynthia Bradley,1216.0,210.0
MG-17841-86806,Marc Glover,511.0,123.0
RH-61341-62943,Robert Hernandez,1109.0,109.0
LS-30298-32653,Lori Scott,417.0,96.0
MJ-32141-23172,Megan Johnson,10658.0,1924.0
KO-30109-99511,Kenneth Oneal,734.0,130.0
PR-36431-14978,Paul Richmond,475.0,70.0
AS-95814-68118,Alexis Scott,1219.0,254.0
MI-65056-13648,Mr. Gregory Kane II,729.0,150.0
HM-89530-83753,Hunter Marquez,2133.0,223.0
DD-12715-10621,Dr. Cindy Dawson,6119.0,1053.0
BC-44229-74149,Barbara Cole,1611.0,277.0
EP-62726-84557,Erin Patel,473.0,136.0
JE-87241-79227,Jessica Estrada,603.0,129.0
ZM-11686-24584,Zachary Maldonado,1214.0,152.0
SB-85034-77645,Sandra Bush,603.0,144.0
DT-90052-76160,Douglas Thompson,10146.0,1751.0
AR-61245-40427,Autumn Richardson,2222.0,284.0
JT-44131-94766,Joseph Taylor,1055.0,162.0
CC-80305-38714,Charles Chandler,1720.0,336.0
RW-60127-72635,Raymond White,4151.0,605.0
AM-72249-10401,Ashley Mann,526.0,112.0
RL-35361-68176,Rebecca Leblanc,1477.0,222.0
SW-51224-81423,Sara Wang,1122.0,268.0
AR-90853-10688,Alexandra Roberts,220.0,17.0
EC-77428-23562,Edward Cole,1077.0,247.0
SM-51054-86986,Susan Morris,363.0,23.0
ER-49929-22882,Elizabeth Reynolds,431.0,78.0
MJ-14962-29489,Melissa Johnson,355.0,39.0
LW-34820-99486,Leah White,72.0,5.0
GM-82583-27190,Gary Gilbert MD,6636.0,995.0
MR-93325-51934,Michael Robinson,1638.0,313.0
CL-79717-46649,Carrie Lopez,2026.0,257.0
CS-10984-62072,Cody Schwartz,325.0,86.0
HM-58763-90645,Heather Munoz,330.0,39.0
BH-94402-86896,Brad Hall,327.0,69.0
JD-75127-82586,Jacob Day,25312.0,4993.0
KC-70045-84631,Kevin Collins,1495.0,259.0
TS-81133-61842,Troy Schneider,73.0,8.0
RP-59155-26212,Robert Powell,8381.0,1368.0
TS-99542-25638,Teresa Stanley,12664.0,2575.0
EG-85218-76712,Elizabeth Garza,82.0,12.0
JP-39708-13290,James Page,1619.0,108.0
ED-41625-44640,Erin Davila,241.0,14.0
CG-27114-86316,Craig Gross,833.0,135.0
RC-72642-38929,Rachel Cummings,425.0,76.0
KB-74465-47595,Kathleen Bauer,1361.0,200.0
TB-73756-44336,Todd Burnett,1625.0,280.0
AO-73201-31375,Amy Ortega,725.0,136.0
JH-75077-87908,Jose Hammond,2452.0,448.0
MG-69214-16381,Mary Grant,565.0,64.0
KC-27680-17954,Kara Coleman,1098.0,92.0
MH-13320-91802,Matthew Hines,268.0,33.0
SH-67072-31046,Shannon Horne,666.0,49.0
ST-95597-28683,Shelly Thomas,1093.0,135.0
CR-13371-50899,Christopher Robbins,356.0,65.0
MH-96971-38781,Mary Hall,155.0,9.0
VR-19975-99506,Victoria Ross,891.0,121.0
AH-64950-91693,Alejandra Hayes,938.0,96.0
MR-62850-10416,Mia Roberts,1185.0,193.0
CD-26172-75086,Candice Rodriguez DVM,458.0,104.0
MM-27399-16607,Matthew Mcdaniel,1345.0,270.0
BR-86711-83601,Bryan Rodriguez,544.0,108.0
AM-85631-55576,April Morse,1471.0,235.0
SS-52809-42208,Shannon Smith,842.0,196.0
SW-44815-11847,Stephanie Wilson,366.0,47.0
LB-58346-78032,Lucas Briggs,60.0,3.0
ML-83330-24833,Michelle Li,441.0,109.0
TT-61081-65157,Tonya Thompson,132.0,28.0
MA-18432-15514,Maria Allen,1399.0,142.0
WM-24852-28283,Wanda Matthews,364.0,60.0
CK-86280-75911,Christopher King,4186.0,1189.0
NW-12245-70765,Nathan Wise,905.0,94.0
RR-55733-99679,Regina Romero,1259.0,279.0
RH-11801-32112,Renee Hernandez,309.0,87.0
AM-82649-95987,Amanda Malone,458.0,71.0
BW-97869-62361,Brandon Walters,649.0,51.0
MH-43244-41930,Mariah Hernandez,939.0,219.0
DL-81370-48247,Daniel Lowe,1256.0,219.0
JC-18884-41101,James Cohen,300.0,47.0
TB-31369-56617,Terri Bird,84.0,21.0
DJ-51916-93372,Denise Jensen,395.0,118.0
TS-98069-51627,Tamara Stewart,491.0,110.0
GF-58227-76013,Gregory French,823.0,88.0
BG-20231-53577,Brian Gonzalez,817.0,198.0
RT-56195-25406,Rachel Thompson,532.0,97.0
YO-90759-90789,Yvonne Ortiz,1902.0,326.0
AT-33310-59287,Adam Thomas,609.0,69.0
KG-61525-18567,Karen Gallagher,647.0,60.0
EO-97376-65452,Elizabeth Ortiz,766.0,136.0
FB-15451-22291,Frank Ballard,1571.0,293.0
KB-42857-57032,Kathleen Brown,1775.0,296.0
MH-55016-23622,Michael Huber,979.0,66.0
CG-46359-75355,Chris Graham,1141.0,216.0
EB-16651-42584,Elijah Barber,627.0,83.0
SV-99858-79242,Steven Velez,1173.0,213.0
SB-10111-28787,Shaun Brewer,7946.0,1554.0
TD-48496-16978,Tara Davis,957.0,98.0
DH-73452-14202,Douglas Harris,190.0,41.0
PP-26531-25998,Patricia Perez,76.0,19.0
CC-37999-62503,Craig Collins,655.0,110.0
JC-87059-26141,Jasmine Cox,568.0,117.0
SC-51614-66661,Sharon Carroll,11190.0,2023.0
WH-71094-54646,William Hahn,1321.0,162.0
MC-87067-26881,Michael Cole,899.0,104.0
GW-82424-31667,Gregory Wiggins,609.0,173.0
MB-56032-15726,Michael Barnett,8982.0,1788.0
JJ-27043-44429,Jennifer Jones,316.0,69.0
SN-13715-15397,Samuel Nelson,591.0,167.0
JP-42953-70197,Jared Park,8163.0,1239.0
AH-49107-17931,Amy Hayes,1088.0,165.0
DR-92307-88346,Dr. Meghan Reyes,844.0,221.0
HT-10788-17205,Holly Turner,452.0,88.0
RV-52412-82656,Robert Valdez,317.0,50.0
JL-61890-54156,Justin Lee,255.0,34.0
EZ-50308-91694,Emily Zhang,598.0,109.0
VR-49436-74096,Vicki Rasmussen,1861.0,330.0
JC-78248-85392,Jacob Cook,729.0,131.0
LW-20663-57435,Lauren Williamson,9802.0,1639.0
JM-28282-27758,Julie Maxwell,1126.0,275.0
SL-27898-59681,Sheila Lewis,762.0,152.0
JG-21748-54322,Julia Griffin,2241.0,392.0
JS-24726-61035,Jim Schneider,9967.0,1499.0
SZ-81103-13897,Scott Zimmerman,151.0,30.0
RP-69596-51150,Russell Powers,369.0,62.0
JP-39262-40392,John Parsons,1363.0,357.0
DG-98738-72040,David Gould,600.0,152.0
JS-55681-72177,Joe Schneider,784.0,152.0
CR-94066-90795,Christina Reilly,1607.0,295.0
JS-53821-30784,Jeffrey Stewart,2920.0,409.0
EM-17729-90709,Evan Mayo,5563.0,1196.0
JM-65694-39815,Jason Mcmillan,650.0,87.0
IV-44702-63811,Ian Vasquez,5712.0,1088.0
EF-26270-33696,Eric Fischer,1336.0,160.0
BD-68941-74975,Blake Davis,1305.0,299.0
SD-58951-95954,Sharon Davis,319.0,56.0
PJ-69384-24672,Peggy Johnson,344.0,91.0
DS-23568-73278,Danielle Sanders,1245.0,239.0
AA-81054-92872,Amy Alexander,1223.0,86.0
KB-11452-54551,Kristen Burns,516.0,48.0
CL-16936-25108,Casey Levy,372.0,91.0
MT-64157-39390,Mrs. Evelyn Taylor,669.0,100.0
LD-88964-35716,Laura Dillon,15096.0,2096.0
DO-66339-77513,Danny Oneill,727.0,103.0
BG-48443-80635,Breanna Garcia,947.0,254.0
JH-86556-43365,Jason Hughes,482.0,118.0
AS-10863-75623,Amy Smith,552.0,135.0
RC-44774-50767,Rebecca Chase,546.0,75.0
MB-89310-34845,Maria Bailey,532.0,105.0
MA-39192-92856,Mrs. Tami Aguilar,1266.0,247.0
TM-66961-49013,Tracy Mccarty,685.0,177.0
RL-53287-79045,Robert Lin,201.0,27.0
JC-57848-39481,Justin Chang,131.0,31.0
JH-60866-22806,Jennifer Hamilton,575.0,105.0
BL-58857-49370,Bradley Lopez,151.0,16.0
TG-58766-93384,Todd Gonzalez,17325.0,2793.0
JH-33253-78145,Joseph Harrison,299.0,65.0
VT-76647-76804,Victor Turner,1001.0,242.0
SH-15971-84341,Stacey Hernandez,15998.0,3397.0
JG-77652-82172,Jennifer Gonzales,197.0,35.0
JJ-28719-69964,James Jackson,1093.0,245.0
HY-30541-87461,Hailey Young,1515.0,346.0
ML-42288-92679,Michael Lane,548.0,117.0
CJ-16153-38264,Christopher Johnson,1470.0,188.0
SO-86016-35189,Stephen Ortega,1247.0,292.0
MM-44470-41753,Maria Miller,1330.0,258.0
TT-62969-13691,Thomas Tucker,582.0,83.0
ME-32552-70059,Mark Ellis,493.0,81.0
TW-10210-81307,Timothy Wright,242.0,66.0
JM-45131-78096,Jason Maxwell,1444.0,278.0
VB-31850-24354,Victoria Bryant,1037.0,173.0
MK-14764-68230,Michael Krueger,325.0,59.0
LM-44010-75838,Lauren Mccann,727.0,156.0
NL-75999-60046,Nancy Lyons,850.0,92.0
CK-48632-32060,Christopher Kelly,428.0,121.0
MN-43585-58187,Michael Nichols,110.0,21.0
AA-30878-14784,Andrew Arnold,60.0,5.0
BK-60338-95528,Bethany Koch,498.0,112.0
BB-89155-77607,Brittany Bolton,2323.0,356.0
RH-89772-23975,Robert Hicks,254.0,33.0
SH-10058-30103,Scott Hubbard,94.0,23.0
LH-70201-40132,Laura Hodges,3279.0,450.0
BM-75849-91867,Bruce Miranda,2725.0,571.0
AD-59155-60111,Andrew Davis,341.0,86.0
AJ-49418-86540,Aaron Jones,1128.0,277.0
RJ-34753-30965,Rebekah Johnson,13137.0,2169.0
YS-86139-54890,Yolanda Shaw,499.0,84.0
JG-94324-50294,Jennifer Green,440.0,32.0
KS-15296-36603,Kelly Simpson,294.0,33.0
SS-89241-12622,Sara Smith,887.0,62.0
BO-71576-49230,Benjamin Owens,344.0,36.0
EP-71386-87209,Edward Patel,1132.0,259.0
MW-61584-49720,Mary Wolfe,428.0,69.0
JY-60806-93675,James Young,1154.0,191.0
AH-83711-82242,Adam Hughes,1308.0,316.0
JK-39378-82254,John Keller,958.0,137.0
JJ-48276-16911,Jesse Johnson,3270.0,467.0
CO-50775-40809,Christopher Ortiz,759.0,139.0
KJ-42272-72005,Kimberly Jones,788.0,107.0
BD-19504-57684,Brittney Davis,1197.0,263.0
AA-52742-29331,Angela Arnold,460.0,93.0
BJ-62458-20533,Bryan Jackson,832.0,94.0
MP-33539-95245,Maria Potter,603.0,83.0
MR-90865-85976,Melissa Reed,1544.0,159.0
MD-52166-33489,Maria Doyle,694.0,101.0
MS-87265-53861,Matthew Singh,155.0,46.0
JC-64791-72167,Julie Carter,862.0,177.0
JF-66144-11256,Jose Flores,1315.0,342.0
RG-76748-21424,Randy Griffin,290.0,39.0
SW-90878-47642,Shane Williams,12920.0,2425.0
LT-51159-16364,Laura Thomas,1056.0,231.0
HL-39756-25382,Heather Leblanc,9951.0,1394.0
JK-33392-15204,Joseph Kelly,10233.0,925.0
RL-56916-57999,Robert Lynn,11018.0,2700.0
JT-27859-22929,Jamie Thompson,1728.0,269.0
BR-23664-12990,Brandon Riley,557.0,79.0
NP-89952-18645,Nancy Patterson,1631.0,265.0
AS-31624-91587,Alyssa Smith,200.0,19.0
JH-50243-81557,Jeffrey Hines,554.0,114.0
JD-76925-59131,Joshua Davis,88.0,11.0
DC-14141-38881,Denise Christensen,355.0,100.0
RM-75054-56698,Ronald Morgan,335.0,23.0
TW-35916-32877,Tyler Wilson,31188.0,4366.0
AR-78302-94077,Angela Roberson,9481.0,1890.0
JB-54269-25869,Jacob Barrera,1362.0,297.0
DJ-97382-69446,Daniel Jenkins,12855.0,2617.0
SS-97195-62385,Sydney Schmidt,206.0,16.0
JH-29924-89468,Jonathan Hoover,372.0,61.0
PR-61037-30071,Patricia Robinson,2251.0,222.0
JF-45121-44405,Jasmin Fischer,995.0,138.0
LM-25538-80797,Latasha Mccall,336.0,43.0
EE-14641-54698,Elijah Erickson,1106.0,236.0
SN-90206-69775,Steven Nelson,132.0,10.0
KF-60150-67699,Kristina Fowler,11432.0,1757.0
TR-21175-37524,Timothy Rogers,1559.0,439.0
MG-96013-75567,Malik Gomez,408.0,73.0
JW-78648-48668,James Wright,1002.0,222.0
SD-56356-26231,Shannon Dean,887.0,117.0
JW-14741-64726,Jessica Weaver,936.0,164.0
RN-92355-70624,Robert Nelson,197.0,38.0
JM-50011-68222,James Ramos MD,872.0,54.0
RC-72381-22496,Roger Cannon,614.0,110.0
MH-20553-48274,Michael Henderson,50.0,9.0
KC-80163-27940,Kimberly Cherry,716.0,78.0
PR-50770-30619,Paul Rowland,383.0,104.0
RO-65930-89950,Richard Oneal,1452.0,234.0
MD-79551-29621,Megan Davis,392.0,28.0
AW-66407-89206,Aaron Wilkerson,292.0,62.0
PS-98034-99976,Patrick Scott,383.0,88.0
RL-23269-32186,Ronnie Lee,97.0,20.0
TD-85776-18395,Taylor Daniels,4318.0,754.0
MB-16432-19695,Margaret Bean,602.0,114.0
GL-18984-29638,Gregory Leonard,260.0,74.0
AR-39523-67487,Amber Rios,931.0,198.0
NP-11998-99660,Nathaniel Peterson,1739.0,361.0
KV-22107-75687,Kenneth Velazquez,632.0,157.0
MC-92822-67274,Manuel Campbell,799.0,223.0
MH-94881-96827,Matthew Harris,1185.0,253.0
CK-35653-16454,Cynthia King,2021.0,259.0
LM-96215-73871,Linda Mcknight,286.0,50.0
AB-19205-99724,Alyssa Brennan,131.0,8.0
DN-47434-30483,Debra Nguyen,781.0,128.0
GM-74528-47329,Gabrielle Montes,456.0,116.0
NE-29917-56881,Nicole Edwards,1068.0,171.0
AM-36015-30604,April Manning,294.0,83.0
AW-91444-53925,April Weaver,446.0,58.0
CC-87264-62183,Cindy Cox,465.0,73.0
BS-46029-94445,Brandon Scott,394.0,38.0
MM-12438-38547,Michelle Martin,439.0,51.0
AV-33361-67278,Alyssa Velez,876.0,177.0
HK-53388-17428,Hannah Kirby,2864.0,320.0
HJ-72553-77078,Harold Forbes Jr.,17600.0,2345.0
BM-23478-60831,Brittany Macias,143.0,10.0
EP-35929-71077,Erica Guerra PhD,265.0,42.0
MW-32463-28125,Mark Wagner,403.0,65.0
JG-54412-10336,Janice Green,1054.0,291.0
TD-53428-56348,Troy Drake,9285.0,1648.0
ED-98892-45981,Eric Solis DDS,2030.0,444.0
AM-33934-64830,Amber Mejia,629.0,88.0
CM-10775-88018,Caitlin Murray MD,8481.0,904.0
JG-87269-75964,Johnny Good,947.0,220.0
OH-55047-14816,Olivia Hunt,62.0,10.0
MK-15022-63387,Mark Kim,854.0,144.0
JK-35403-13506,John King,663.0,61.0
TR-57503-82404,Tasha Ramsey,559.0,116.0
JG-71580-31945,Jackie Greene,1086.0,180.0
BM-43804-85603,Brian Miller,632.0,86.0
LR-58221-38523,Larry Riley,1976.0,248.0
AG-66686-25368,Alex Gardner,7254.0,1169.0
JD-30177-16022,Joshua Davis,936.0,258.0
RL-16677-30622,Renee Love,926.0,104.0
CW-24988-57640,Cathy Willis,493.0,68.0
JW-46802-92429,Johnny White,303.0,52.0
MK-37006-38860,Marissa Kent,1054.0,145.0
JW-98602-10584,James Williams,738.0,204.0
LC-93789-40764,Lauren Campbell,573.0,95.0
DH-40910-89696,David Hoffman,487.0,65.0
AG-40381-25123,Andrea Gonzalez,492.0,125.0
KW-18269-31858,Kristin White,545.0,139.0
MH-16367-13329,Monica Hernandez,1283.0,290.0
CF-35120-15726,Christopher Fox,4847.0,825.0
SM-17495-23144,Sue Maynard,332.0,53.0
GR-44646-12859,Gregory Ruiz,3265.0,673.0
RB-86075-69477,Regina Branch,1206.0,138.0
HW-28386-16572,Howard Williams,2177.0,288.0
BM-77762-38329,Brett Miles,1696.0,233.0
RY-26599-10759,Robert Young,1974.0,401.0
CN-23543-56558,Christopher Nguyen,1606.0,283.0
JO-60378-16873,Johnathan Obrien,791.0,184.0
BS-63708-73687,Brett Spears,339.0,31.0
WH-85348-43527,Whitney Hall,825.0,214.0
EM-88754-77938,Erik Moore,9022.0,1403.0
JB-30757-51154,James Boone,14128.0,2373.0
MM-91342-71092,Mr. David Mendoza,358.0,88.0
MM-77412-42726,Michael Mclaughlin,1142.0,188.0
WB-17507-36427,Wendy Becker,164.0,41.0
NP-81282-30963,Nicole Payne,159.0,22.0
DP-62423-44731,Dr. Jennifer Page,287.0,60.0
DJ-46936-84010,Darren Thomas Jr.,548.0,147.0
JS-10535-41949,Jeffrey Smith,1552.0,180.0
ML-66778-74104,Matthew Lewis,488.0,125.0
MC-55086-82753,Megan Cook,435.0,75.0
KH-39134-38400,Kyle Harris,432.0,86.0
SJ-70443-28149,Scott Jones,736.0,102.0
AN-94015-33813,Allen Nelson,1111.0,164.0
BM-32660-48063,Barbara Miller,195.0,27.0
MH-40821-22206,Miguel Hall,236.0,62.0
MB-53547-85925,Michael Burch,9581.0,1552.0
BJ-28221-59510,Bryan Johnson,750.0,96.0
MH-23394-89165,Melissa Hernandez,1425.0,269.0
AG-74464-91443,Angela Gomez,632.0,129.0
CF-28092-34305,Christopher Flowers,1797.0,152.0
LB-33330-72069,Linda Barnes,1591.0,186.0
TN-11865-70866,Thomas Nixon,3183.0,747.0
JM-67824-78894,Jonathan Boone MD,2329.0,558.0
BR-43476-84728,Barry Rogers,324.0,38.0
WL-19293-85491,Whitney Lawrence,324.0,57.0
NL-64192-85026,Nathan Lopez,14418.0,2610.0
MS-73238-85813,Michael Stanton,795.0,118.0
KL-58939-62195,Karen Lee,1001.0,225.0
WS-40137-66876,Wendy Stevenson,118.0,10.0
AB-16339-99083,Ashley Braun,9768.0,1174.0
JS-81214-51569,Jason Sanchez,228.0,24.0
NW-62515-71955,Natalie Williams,98.0,12.0
FM-74149-74400,Francisco Maxwell,9543.0,1893.0
JW-29862-52336,James Williamson,199.0,37.0
DA-78527-25768,Daniel Anderson,1870.0,257.0
CF-29912-58550,Craig Farmer,193.0,42.0
EH-85805-94639,Erika Hernandez,561.0,115.0
AE-15107-40059,Angie Elliott,260.0,23.0
MS-46955-64377,Mark Smith,486.0,84.0
CR-81441-83323,Christina Russell,970.0,130.0
KS-15971-68516,Katherine Santiago,2624.0,453.0
NW-93626-10508,Natasha Willis,243.0,37.0
MM-70970-83950,Mary Meyer,334.0,85.0
JW-50931-18949,John Walker,3237.0,774.0
CR-30118-39840,Christopher Roberts,1035.0,254.0
EI-64696-52400,Edwin Ingram,497.0,72.0
PM-98133-99660,Paul Mann,685.0,88.0
LG-69310-28321,Lisa Gutierrez,15324.0,2630.0
AP-58567-55149,Anthony Pruitt,1094.0,269.0
AN-53299-78193,Alicia Nguyen,717.0,193.0
SJ-74622-28404,Samuel Johnson,2277.0,499.0
DM-60637-23533,Derek Mckenzie,542.0,58.0
TB-37807-41116,Tiffany Bates,7603.0,1691.0
RC-58240-82321,Ryan Chang,661.0,156.0
AB-75023-51023,Alexander Boyd,988.0,227.0
SS-88627-83417,Samantha Smith,10355.0,1631.0
LB-65254-80946,Lucas Brown,323.0,56.0
JF-88828-87794,James Fitzgerald,616.0,104.0
KM-30569-30570,Kaitlyn Martin,793.0,157.0
CP-94076-74196,Christopher Pierce,730.0,65.0
WM-61584-28889,Wendy Murphy,851.0,179.0
KR-56135-15972,Kimberly Reed,10552.0,1967.0
SR-11956-35064,Steven Reese,787.0,122.0
MB-51091-45511,Mark Brown,1142.0,167.0
KW-57351-32135,Karen Watson,104.0,24.0
PW-44431-37692,Phillip Williams,580.0,131.0
KH-25451-40151,Kendra Horton,439.0,58.0
JM-48818-18194,Joanna Martinez,597.0,73.0
KW-46775-62005,Katherine Waller,1939.0,431.0
JE-47509-81062,Jodi Ewing,274.0,69.0
BL-94253-15929,Brian Lynn,348.0,31.0
JB-67128-64538,Jessica Bradley,674.0,126.0
MJ-35196-17451,Molly Johnson,196.0,21.0
SB-66813-51137,Samantha Ballard,249.0,53.0
JD-54348-95022,Jordan Davis,1005.0,171.0
JH-73234-56265,John Hayes,1213.0,237.0
CS-68002-64845,Casey Schwartz,942.0,106.0
JW-29960-72277,Jessica White,318.0,25.0
JS-68648-16929,Joshua Stevens,6898.0,1194.0
AB-35914-12180,Aaron Bridges,88.0,10.0
KH-72101-91209,Kristi Hall,960.0,228.0
JH-39578-47845,Julia Hudson,559.0,123.0
CR-53009-83042,Christopher Rodriguez,838.0,160.0
SD-27310-97027,Shannon Davis,1071.0,225.0
RR-47049-50421,Ryan Ritter,583.0,100.0
BM-78264-77912,Becky Miller,9444.0,1433.0
LW-76873-94577,Lisa White,192.0,25.0
PD-20219-38821,Patrick Dean,1199.0,283.0
MR-33847-45423,Michelle Reyes,1296.0,158.0
BR-67446-55113,Barbara Reyes,4765.0,771.0
JV-38121-83479,Jennifer Villa,1173.0,231.0
CK-70794-81183,Christopher Kemp,400.0,73.0
SS-55622-93304,Stephanie Smith,615.0,86.0
JT-74590-99874,Jennifer Taylor,625.0,117.0
MM-67853-84011,Melanie Lowe MD,850.0,110.0
PC-48896-48532,Patrick Caldwell,1047.0,150.0
PN-58531-30425,Philip Newman,1646.0,266.0
CH-87337-55246,Cynthia Heath,10803.0,1756.0
JR-59354-91633,Jessica Reese,240.0,46.0
TR-41869-95639,Tamara Robbins,89.0,18.0
BB-26894-71612,Benjamin Burns,14715.0,2147.0
SC-72851-91424,Steven Clark,1040.0,202.0
LG-88150-17061,Lauren Gonzalez,573.0,112.0
MA-93965-98861,Mrs. Natalie Arnold,982.0,143.0
RR-11088-25655,Robin Rodriguez,1193.0,131.0
SW-27588-90599,Sergio Warner,406.0,56.0
CM-45421-73127,Craig Miller,576.0,97.0
AN-73468-89439,Allison Nichols,885.0,127.0
JJ-68473-82990,Joseph Jones,318.0,25.0
TM-29187-39359,Tina Malone,636.0,137.0
MB-39472-22996,Mariah Bradford,1047.0,148.0
JM-81617-88432,Joy Murray,2464.0,475.0
DR-27069-14539,David Robinson,1039.0,231.0
KB-81369-41480,Kevin Bowman,472.0,129.0
EW-35729-47698,Elizabeth Welch,630.0,56.0
KJ-40480-93355,Kaitlin Jones,117.0,16.0
DB-99245-85214,David Bryant,1364.0,117.0
DD-81262-76514,Denise Durham,257.0,63.0
KN-15687-69012,Kristina Newman,394.0,64.0
RS-42831-56981,Robert Simpson,2112.0,344.0
PC-75149-29577,Patrick Castro,6629.0,1031.0
MD-61630-55369,Ms. Andrea Daniels DVM,858.0,228.0
RW-33635-45946,Ryan White,648.0,121.0
LM-12623-78967,Lindsay Matthews,423.0,75.0
JB-88974-85523,Jordan Barr,2098.0,396.0
EP-29801-22279,Evan Parker,446.0,95.0
SK-81182-49890,Steven Kim,1353.0,238.0
DD-54337-86403,David Decker,2458.0,319.0
JC-28277-68132,Jeffrey Clark,1076.0,251.0
SP-83361-10217,Scott Proctor,405.0,51.0
KB-66565-76870,Kurt Boone,1906.0,226.0
LR-60060-17093,Lonnie Robertson,1010.0,150.0
KR-96619-65947,Kelly Richardson,321.0,60.0
KS-24033-83724,Kathryn Snyder,802.0,125.0
CC-87924-88675,Cynthia Conrad,1031.0,229.0
NL-42422-87515,Nicholas Larson,867.0,99.0
LM-17784-28717,Lisa Massey,1166.0,148.0
BR-45025-89135,Brandon Rivera,711.0,76.0
BB-36779-81447,Brooke Beck,10129.0,1898.0
MJ-72162-68316,Michelle Johnson,1046.0,118.0
CB-59520-33923,Christopher Brown,1233.0,233.0
MH-76109-12091,Marissa Hutchinson,1145.0,204.0
MC-86884-57347,Mark Cobb,827.0,126.0
JH-81634-88516,Julie Hernandez,11399.0,1769.0
JJ-89057-52277,John Jordan,713.0,135.0
RM-59612-13718,Rebecca Matthews,2205.0,320.0
CM-37315-87976,Christopher Martinez,1032.0,156.0
JP-82871-91331,Jonathan Pearson,592.0,164.0
LM-45832-42022,Linda Moore,797.0,159.0
JP-19034-85910,Jesse Patel,597.0,129.0
DC-69569-72945,Destiny Cox,1461.0,215.0
AP-92349-55650,Aimee Phillips,273.0,51.0
JL-38051-54522,Justin Larson,1327.0,290.0
AM-87278-55351,Amanda Miller,413.0,106.0
MP-79252-52077,Marcus Parker,1501.0,289.0
AG-99720-59653,Anthony Gordon,18162.0,2665.0
JH-68488-25117,Jason Hayes,687.0,102.0
MM-18836-14015,Mary Mahoney,776.0,166.0
WM-88946-91893,William Michael,11660.0,3322.0
CH-62465-43154,Corey Hopkins,1001.0,226.0
SJ-39346-54132,Sarah Johnson,452.0,53.0
MB-63223-74686,Mary Bell,207.0,59.0
TM-17008-32500,Terry Moore,623.0,114.0
DR-11939-98727,Daniel Rodriguez,14899.0,3255.0
GC-56935-88667,Gabriella Campbell,488.0,104.0
ML-53065-77842,Mark Lee,1179.0,205.0
DM-63038-15262,Diane Johnson MD,611.0,65.0
JT-25029-88270,Jessica Torres,418.0,68.0
DW-31062-18782,Debra Ware,81.0,16.0
BM-19784-52175,Benjamin Moreno,1183.0,255.0
EH-76222-66130,Evelyn Hammond,822.0,137.0
EM-60635-74440,Emily Miller,439.0,128.0
TC-92078-17134,Timothy Cobb,9394.0,1940.0
EW-29138-79885,Elizabeth Williams,980.0,228.0
SB-21137-89347,Samantha Berry,1907.0,237.0
CH-84013-38717,Carlos Hernandez,1506.0,107.0
SS-48767-37356,Sheila Smith,1178.0,207.0
RB-99546-11912,Richard Burke,292.0,83.0
AH-91806-19246,Aaron Hernandez,887.0,172.0
KG-66592-61160,Kristy Graham,315.0,56.0
JH-17714-62440,Jason Howard,406.0,44.0
IC-66869-25096,Ian Contreras,1870.0,332.0
TR-88202-67862,Theresa Russell,1304.0,198.0
SY-78663-54166,Steven Yates,700.0,156.0
JC-83905-79497,Jared Chavez,1432.0,194.0
KN-29325-22925,Kaitlyn Nixon,454.0,92.0
PB-49433-70968,Patrick Boyer,8808.0,1711.0
WB-55236-25613,Wayne Bryan,7396.0,1179.0
WM-84562-48610,William May,266.0,65.0
MB-79122-58851,Mark Burke,1201.0,96.0
DK-55305-93672,Douglas Kelley,1195.0,133.0
MA-97530-10615,Melissa Acosta,6553.0,1150.0
TR-10496-97418,Terry Robinson,579.0,113.0
CM-45121-41918,Christine Marshall,337.0,83.0
MM-34376-88055,Manuel Martinez,8650.0,1489.0
PK-57443-48432,Pam Knox,961.0,116.0
SA-20689-73010,Stephanie Armstrong,1720.0,252.0
ER-88939-20440,Earl Robertson,3362.0,413.0
MC-11236-31074,Mark Cooper,238.0,20.0
SJ-35067-15687,Sylvia Jones,305.0,59.0
AJ-90843-82227,Ashley James,993.0,195.0
HR-77774-49208,Harold Riddle,19505.0,4047.0
MC-18099-55329,Mark Clark,537.0,142.0
TG-87032-34431,Tommy Gates,312.0,64.0
CH-66847-76255,Christine Holder,2599.0,427.0
KB-65259-72524,Kenneth Bender,2120.0,442.0
AM-23729-22234,Angela Massey,55.0,14.0
CM-92648-46916,Cristina Morris,853.0,124.0
MI-67804-88641,Marvin Murray II,774.0,167.0
MH-57575-78483,Marvin Howard,543.0,87.0
MG-78643-48347,Mark Gilbert,7494.0,1201.0
JS-12615-48681,Jennifer Salinas,638.0,160.0
DV-66925-51972,Danny Villarreal,727.0,200.0
MB-42303-92666,Melissa Burnett,18856.0,3930.0
AP-12218-19834,Amy Phillips,705.0,164.0
SJ-96960-84703,Sarah Jackson,1403.0,293.0
GW-79688-64969,Gabrielle Walter,1863.0,268.0
LC-73455-87353,Lisa Cunningham,1837.0,309.0
JW-49250-77720,Jacob Wood,971.0,121.0
CJ-85751-56129,Christopher Johnson,72.0,5.0
DW-80357-16317,Dennis Weber,415.0,66.0
AT-83048-29648,Abigail Thompson,1317.0,151.0
ZL-47517-64205,Zachary Lawson,1203.0,254.0
SB-59715-84808,Sandra Berg,1617.0,314.0
RC-40556-68608,Raven Cooper,1495.0,169.0
JJ-60990-20772,Jeffrey Jackson,13219.0,2151.0
MV-15298-42238,Meghan Vaughn,1235.0,260.0
DS-42120-17614,David Strong,7516.0,1239.0
SR-28715-42458,Stephen Reed,1393.0,332.0
GJ-24978-54479,Gregory James,951.0,176.0
BW-50628-81665,Beverly Wilson,527.0,89.0
NW-84070-11779,Nathan Wolfe,6057.0,1215.0
PM-57737-19324,Pamela Fisher MD,11200.0,1434.0
VF-73553-97068,Victoria Faulkner,1350.0,279.0
TR-80403-81250,Tamara Ruiz,78.0,18.0
TS-56765-70567,Tara Sherman,6165.0,1154.0
RD-47330-92387,Roberto Daugherty,1559.0,306.0
RW-50501-95364,Richard Walsh,7756.0,2041.0
HK-38870-55472,Holly Keller,501.0,93.0
EB-89299-54334,Erik Berger,1022.0,181.0
RB-75926-60841,Randy Boyd,217.0,21.0
NK-74205-63086,Nicholas King,465.0,82.0
JH-43410-52069,Jamie Hall,613.0,57.0
SW-45966-31274,Stephen Willis,216.0,31.0
KG-64898-79519,Kevin Gonzales,244.0,18.0
JW-14010-51232,Jonathan Williams,1386.0,239.0
JC-55502-59354,Jason Chandler,107.0,6.0
CS-25410-58266,Carrie Soto,181.0,38.0
SS-99385-39228,Sarah Solis,279.0,59.0
MP-32942-45683,Mary Parsons,655.0,97.0
DA-11127-79393,Diana Acosta,508.0,44.0
DC-33272-11562,Donald Cox,433.0,76.0
LG-22710-25242,Lance Glenn,675.0,130.0
DM-95876-42198,David Martinez,728.0,123.0
MD-74282-10915,Mary Delgado,10918.0,1610.0
KH-94224-50091,Keith Hamilton,1231.0,274.0
KH-60796-27697,Kenneth Hawkins,699.0,135.0
JR-34975-12846,Jason Ruiz,4435.0,1042.0
LS-18366-59385,Lee Shaw,419.0,76.0
KM-21159-62803,Kristin Crawford MD,1478.0,265.0
BB-61631-45071,Breanna Barber,1396.0,246.0
DF-60347-90610,Danielle Fisher,370.0,69.0
MA-98150-46931,Marcus Acevedo,2001.0,269.0
JC-40137-91100,Jessica Collins,1209.0,238.0
SW-56570-40629,Sarah Watson,282.0,46.0
AR-91962-82739,Ana Reed,644.0,110.0
DP-15568-82345,Destiny Patrick,3271.0,200.0
LM-60263-75264,Laura Mason,316.0,66.0
LF-15940-25874,Lauren Fisher,614.0,81.0
MH-12597-80502,Mikayla Hester,430.0,64.0
LH-54441-12495,Loretta Hernandez,2242.0,439.0
MM-56720-56192,Matthew Myers,519.0,66.0
BK-80964-21807,Brittany Knight,766.0,129.0
CB-21065-69123,Cindy Berry,1280.0,223.0
MK-79036-32245,Mark King,9851.0,1486.0
JP-24855-46781,James Peterson,420.0,63.0
EA-60917-11405,Elizabeth Adams,6748.0,1175.0
JP-13694-95113,Jeffrey Perry,1488.0,335.0
JF-56471-94839,Julie Fischer,1311.0,129.0
TC-75769-79805,Teresa Cole,166.0,38.0
IC-48580-10378,Ian Clark,497.0,43.0
KM-85381-18821,Kevin Morrison,899.0,174.0
KW-61124-66031,Kristi Wheeler,1854.0,364.0
MS-67483-25234,Michael Santiago,352.0,49.0
CS-28061-68951,Cheryl Sweeney,6933.0,1453.0
KM-40861-91397,Katherine Mcbride,965.0,152.0
SS-75825-39620,Sherri Sherman,851.0,79.0
SF-24927-17855,Steven Fuentes,784.0,49.0
RB-49952-87002,Ruben Brown,154.0,30.0
AG-27066-25631,April Gonzalez,777.0,86.0
BS-68404-55448,Blake Snow,758.0,171.0
DW-58484-78536,Darlene Woods,850.0,147.0
BB-50426-83070,Bonnie Blanchard,814.0,206.0
MM-47321-23165,Manuel Murray,1798.0,210.0
SP-46971-86898,Sharon Pierce,454.0,66.0
JT-67479-18827,John Taylor,1827.0,397.0
MA-83292-35087,Melissa Avery,451.0,104.0
MR-60432-65490,Michael Rios,429.0,37.0
LL-79768-74057,Leslie Li,876.0,185.0
NV-77703-10570,Natalie Villa,669.0,105.0
RB-55718-37283,Russell Blackwell,476.0,102.0
RL-54110-56339,Robin Lewis,226.0,44.0
RK-21544-80644,Robert Kennedy,1035.0,196.0
TH-33937-54285,Tracy Hernandez,1161.0,245.0
KC-51857-84954,Karen Clark,481.0,91.0
AF-45727-13034,Adriana Floyd,2508.0,394.0
JC-64580-16230,John Cline,340.0,79.0
EH-19502-41708,Emily Holt,7155.0,1428.0
KD-29758-40953,Kyle Cardenas DVM,7025.0,1202.0
HM-74538-64212,Hayden Martinez,653.0,108.0
EA-67328-86239,Emily Anderson,8502.0,1543.0
ML-88622-65011,Mark Long,528.0,72.0
MH-47963-94851,Mary Hinton,10212.0,1896.0
CD-20617-99114,Carl Diaz,1203.0,111.0
KJ-74853-68573,Kevin Johnson,1577.0,345.0
JG-28660-44901,Jason Greene,573.0,88.0
KT-28739-17874,Kevin Torres,8658.0,1673.0
MA-54742-75753,Melissa Anderson,104.0,29.0
SB-52713-24544,Scott Browning,431.0,59.0
BS-65069-53759,Bonnie Scott,527.0,141.0
EJ-75385-66127,Eric Johnson,601.0,48.0
CC-45011-56837,Carolyn Coleman,1542.0,445.0
AM-12152-55518,Ana Hayes MD,844.0,119.0
GP-78341-64976,Garrett Pearson,1541.0,312.0
MH-42223-27143,Monica Hartman,1142.0,303.0
KA-14491-66788,Krista Allen,636.0,128.0
BT-29016-48172,Beth Thomas,807.0,98.0
AH-65610-46554,Aaron Holmes,436.0,116.0
CH-99661-77497,Charles Hernandez,2084.0,481.0
SS-62946-13654,Samantha Smith,592.0,136.0
ML-35644-61583,Michelle Leon,616.0,84.0
LC-66710-46810,Louis Cook,350.0,70.0
JB-93572-48589,Julie Black,1378.0,349.0
MD-48353-16664,Mary Duffy,421.0,114.0
BM-87531-84830,Beverly Mitchell,1330.0,276.0
GR-39078-26404,Glen Rios,513.0,66.0
JE-84217-48068,James Edwards,1913.0,332.0
RJ-60572-55684,Ruben Johnson,1125.0,121.0
BC-93918-95755,Bradley Castaneda,1272.0,238.0
MM-27047-81446,Mark Martin,729.0,122.0
RS-86813-90806,Robert Skinner,1035.0,232.0
DT-48188-37474,Duane Taylor,1812.0,501.0
MG-99783-27320,Mary Graham,244.0,45.0
